-- MySQL dump 10.13  Distrib 8.0.23, for Win64 (x86_64)
--
-- Host: localhost    Database: growfood
-- ------------------------------------------------------
-- Server version	8.0.23

/*!40101 SET @OLD_CHARACTER_SET_CLIENT=@@CHARACTER_SET_CLIENT */;
/*!40101 SET @OLD_CHARACTER_SET_RESULTS=@@CHARACTER_SET_RESULTS */;
/*!40101 SET @OLD_COLLATION_CONNECTION=@@COLLATION_CONNECTION */;
/*!50503 SET NAMES utf8mb4 */;
/*!40103 SET @OLD_TIME_ZONE=@@TIME_ZONE */;
/*!40103 SET TIME_ZONE='+00:00' */;
/*!40014 SET @OLD_UNIQUE_CHECKS=@@UNIQUE_CHECKS, UNIQUE_CHECKS=0 */;
/*!40014 SET @OLD_FOREIGN_KEY_CHECKS=@@FOREIGN_KEY_CHECKS, FOREIGN_KEY_CHECKS=0 */;
/*!40101 SET @OLD_SQL_MODE=@@SQL_MODE, SQL_MODE='NO_AUTO_VALUE_ON_ZERO' */;
/*!40111 SET @OLD_SQL_NOTES=@@SQL_NOTES, SQL_NOTES=0 */;

--
-- Table structure for table `cards`
--

DROP TABLE IF EXISTS `cards`;
/*!40101 SET @saved_cs_client     = @@character_set_client */;
/*!50503 SET character_set_client = utf8mb4 */;
CREATE TABLE `cards` (
  `id` int unsigned NOT NULL AUTO_INCREMENT COMMENT 'Идентификатор строки',
  `user_id` int unsigned NOT NULL COMMENT 'Ссылка на пользователя',
  `card_types` enum('VISA','MasterCard','МИР') NOT NULL COMMENT 'тип карты',
  `card_number` bigint unsigned NOT NULL COMMENT 'Номер карты',
  `card_validity` date NOT NULL COMMENT 'Действие карты',
  `created_at` datetime DEFAULT CURRENT_TIMESTAMP COMMENT 'Время создания строки',
  `updated_at` datetime DEFAULT CURRENT_TIMESTAMP ON UPDATE CURRENT_TIMESTAMP COMMENT 'Время обновления строки',
  PRIMARY KEY (`id`),
  KEY `cards_user_id_fk` (`user_id`),
  CONSTRAINT `cards_user_id_fk` FOREIGN KEY (`user_id`) REFERENCES `users` (`id`)
) ENGINE=InnoDB AUTO_INCREMENT=101 DEFAULT CHARSET=utf8mb4 COLLATE=utf8mb4_0900_ai_ci COMMENT='Карты пользователей';
/*!40101 SET character_set_client = @saved_cs_client */;

--
-- Dumping data for table `cards`
--

LOCK TABLES `cards` WRITE;
/*!40000 ALTER TABLE `cards` DISABLE KEYS */;
INSERT INTO `cards` VALUES (1,1,'MasterCard',2151,'2024-07-12','2018-06-23 19:27:24','2021-03-18 18:41:05'),(2,2,'МИР',134472254,'2023-08-19','2017-03-02 03:29:32','2021-03-18 18:41:05'),(3,3,'МИР',920729217,'2022-04-10','2020-02-04 00:38:29','2021-03-18 18:41:05'),(4,4,'МИР',7131,'2022-11-07','2016-10-12 13:11:07','2021-03-18 18:41:05'),(5,5,'МИР',22015090,'2022-03-21','2014-12-14 21:23:14','2017-10-21 18:08:20'),(6,6,'VISA',926064,'2023-07-28','2016-03-20 12:34:01','2021-03-18 18:41:05'),(7,7,'VISA',71198,'2023-07-04','2019-02-06 07:59:13','2021-03-18 18:41:05'),(8,8,'МИР',47,'2023-11-06','2017-03-04 11:52:16','2021-03-18 18:41:05'),(9,9,'MasterCard',649945,'2022-09-15','2012-07-21 02:56:14','2016-07-25 23:45:42'),(10,10,'VISA',284717631,'2024-01-15','2020-06-17 06:08:04','2021-03-18 18:41:05'),(11,11,'MasterCard',12305,'2023-02-05','2017-03-12 00:42:17','2021-03-18 18:41:05'),(12,12,'VISA',106,'2022-11-12','2012-01-17 16:20:40','2014-07-27 10:55:33'),(13,13,'МИР',4784183,'2022-06-23','2012-07-11 20:56:15','2018-10-01 00:53:19'),(14,14,'MasterCard',673272,'2022-09-15','2020-02-14 06:46:09','2021-03-18 18:41:05'),(15,15,'МИР',8369077,'2022-05-16','2021-01-11 17:57:46','2021-03-18 18:41:05'),(16,16,'VISA',2,'2022-10-14','2019-09-27 01:56:08','2021-03-18 18:41:05'),(17,17,'MasterCard',484221,'2022-08-22','2015-05-01 21:42:44','2019-03-23 14:19:38'),(18,18,'МИР',1,'2022-01-07','2011-12-08 02:05:40','2014-07-16 08:22:13'),(19,19,'MasterCard',332766,'2024-11-15','2017-08-19 09:04:37','2019-01-19 07:27:35'),(20,20,'МИР',57196064,'2023-01-27','2016-12-06 08:19:24','2018-03-15 10:46:40'),(21,21,'MasterCard',503439,'2023-10-09','2015-09-06 12:11:56','2021-03-18 18:41:05'),(22,22,'MasterCard',8420632,'2023-09-27','2019-01-10 20:27:10','2021-03-18 18:41:05'),(23,23,'MasterCard',402,'2023-06-16','2014-08-14 12:36:36','2021-03-18 18:41:05'),(24,24,'MasterCard',0,'2023-10-16','2016-03-07 06:47:55','2021-03-18 18:41:05'),(25,25,'МИР',0,'2023-08-22','2019-08-25 09:30:00','2021-03-18 18:41:05'),(26,26,'VISA',0,'2023-12-08','2015-05-21 17:14:35','2017-12-30 10:42:39'),(27,27,'МИР',161170306,'2022-12-17','2015-09-22 07:19:38','2016-05-30 03:52:33'),(28,28,'МИР',0,'2022-03-09','2014-08-02 05:17:01','2020-03-10 10:34:27'),(29,29,'VISA',0,'2022-10-05','2015-01-12 05:28:01','2018-02-27 19:29:45'),(30,30,'MasterCard',72117060,'2022-08-24','2018-05-04 02:47:50','2021-03-18 18:41:05'),(31,31,'VISA',15145951,'2022-06-29','2015-03-15 15:33:50','2020-05-07 04:18:52'),(32,32,'VISA',8,'2022-11-02','2012-07-31 16:24:48','2021-02-25 09:21:05'),(33,33,'MasterCard',0,'2022-04-02','2018-06-26 23:47:23','2020-10-18 05:54:28'),(34,34,'МИР',67055420,'2022-01-05','2016-05-02 08:10:25','2021-03-18 18:41:05'),(35,35,'MasterCard',6,'2022-02-24','2012-08-10 06:42:16','2020-05-13 17:50:17'),(36,36,'МИР',59318203,'2022-06-10','2011-10-28 11:29:45','2012-07-08 01:05:32'),(37,37,'MasterCard',29,'2022-06-17','2018-01-06 15:34:36','2021-03-18 18:41:05'),(38,38,'MasterCard',950116,'2022-03-02','2019-06-30 05:10:42','2020-08-19 12:00:46'),(39,39,'VISA',7521,'2022-06-27','2019-10-01 09:49:55','2020-11-03 15:55:53'),(40,40,'VISA',48053557,'2022-12-25','2017-05-03 11:49:16','2021-03-18 18:41:05'),(41,41,'MasterCard',133543,'2022-06-02','2012-06-09 05:18:21','2020-09-14 12:52:29'),(42,42,'MasterCard',18,'2022-02-20','2012-02-16 10:03:27','2019-05-05 05:47:17'),(43,43,'МИР',993154459,'2023-04-12','2019-08-24 19:59:44','2021-03-18 18:41:05'),(44,44,'MasterCard',413,'2023-12-04','2016-12-31 04:59:48','2020-08-07 10:34:19'),(45,45,'МИР',5,'2023-07-20','2015-09-29 03:12:44','2021-03-18 18:41:05'),(46,46,'VISA',23505334,'2023-01-17','2017-03-25 05:13:39','2019-08-18 08:13:32'),(47,47,'MasterCard',31584,'2023-07-23','2014-05-16 13:22:23','2021-03-18 18:41:05'),(48,48,'МИР',50522288,'2023-05-13','2013-02-10 09:49:36','2017-01-08 02:28:42'),(49,49,'MasterCard',41773,'2023-06-05','2014-12-28 02:56:34','2020-03-13 01:17:47'),(50,50,'MasterCard',1608,'2023-03-28','2012-10-09 21:55:19','2012-11-05 21:29:24'),(51,51,'MasterCard',738387,'2023-04-25','2014-06-03 07:01:40','2020-06-03 19:36:02'),(52,52,'МИР',4,'2020-11-17','2024-03-13 04:15:43','2021-03-18 18:41:05'),(53,53,'MasterCard',975414,'2024-08-21','2018-02-24 18:28:10','2021-03-18 18:41:05'),(54,54,'МИР',132023340,'2024-11-01','2017-11-07 06:52:23','2019-10-05 14:47:39'),(55,55,'МИР',40957796,'2024-08-12','2012-07-15 04:27:37','2017-11-30 09:17:17'),(56,56,'MasterCard',609700,'2024-04-10','2017-08-29 00:19:47','2020-04-20 23:59:16'),(57,57,'МИР',67,'2004-05-21','2015-09-04 20:22:21','2021-03-18 18:41:05'),(58,58,'VISA',663,'2024-06-07','2013-08-06 15:35:16','2017-12-15 00:22:00'),(59,59,'МИР',47770,'2024-12-17','2017-01-03 02:38:02','2021-03-18 18:41:05'),(60,60,'MasterCard',3321,'2024-09-05','2014-04-03 03:26:57','2015-02-20 22:47:12'),(61,61,'МИР',0,'2024-03-05','2018-08-15 01:33:15','2019-11-17 04:54:32'),(62,62,'VISA',1588226,'2024-06-06','2017-09-28 21:21:44','2020-10-09 23:34:01'),(63,63,'МИР',253084973,'2024-09-16','2013-01-27 11:20:30','2015-07-01 01:52:54'),(64,64,'VISA',9,'2024-11-22','2012-04-27 21:34:34','2017-02-02 07:15:12'),(65,65,'VISA',0,'2023-05-18','2016-10-08 22:23:12','2021-03-18 18:41:05'),(66,66,'MasterCard',3388,'2023-03-03','2015-05-17 05:06:48','2018-02-06 03:10:14'),(67,67,'MasterCard',61926044,'2023-07-20','2014-11-06 15:41:30','2021-03-18 18:41:05'),(68,68,'VISA',6077700,'2023-02-07','2015-07-09 23:03:28','2020-09-02 23:02:07'),(69,69,'VISA',6564854,'2023-06-04','2013-05-23 17:06:45','2016-11-17 20:51:59'),(70,70,'МИР',29935023,'2023-12-06','2012-09-17 03:32:33','2021-03-18 18:41:05'),(71,71,'МИР',1358,'2023-05-30','2013-03-22 17:35:33','2019-12-10 15:22:54'),(72,72,'МИР',924,'2022-10-01','2015-10-19 12:04:50','2015-11-24 17:25:22'),(73,73,'VISA',561861,'2022-01-05','2021-02-20 06:08:27','2021-03-18 18:41:05'),(74,74,'MasterCard',0,'2022-12-07','2015-11-04 07:35:19','2021-03-18 18:41:05'),(75,75,'МИР',0,'2022-06-25','2015-05-04 16:45:39','2021-03-18 18:41:05'),(76,76,'VISA',549,'2022-04-25','2012-09-10 16:19:15','2018-06-29 23:27:49'),(77,77,'VISA',54,'2022-01-24','2012-09-29 15:23:08','2019-06-25 01:58:52'),(78,78,'МИР',485965465,'2022-06-18','2016-04-25 11:51:50','2021-03-18 18:41:05'),(79,79,'VISA',69,'2022-05-21','2017-04-16 09:48:44','2021-03-18 18:41:05'),(80,80,'MasterCard',152293359,'2022-08-18','2019-12-20 17:42:24','2021-03-18 18:41:05'),(81,81,'VISA',0,'2022-02-01','2015-01-22 14:45:17','2015-08-05 11:27:37'),(82,82,'VISA',8745736,'2022-01-31','2015-11-14 04:04:54','2021-03-18 18:41:05'),(83,83,'МИР',14489556,'2022-12-16','2016-03-29 00:43:53','2021-03-18 18:41:05'),(84,84,'VISA',0,'2022-01-29','2012-12-30 14:05:00','2018-06-23 22:48:29'),(85,85,'МИР',84,'2022-02-17','2020-09-30 00:19:47','2021-03-18 18:41:05'),(86,86,'MasterCard',0,'2022-10-19','2017-03-04 19:18:37','2021-03-18 18:41:05'),(87,87,'МИР',0,'2022-07-29','2021-01-23 15:14:53','2021-03-18 18:41:05'),(88,88,'MasterCard',12,'2022-05-12','2011-08-08 07:47:44','2013-09-28 01:15:25'),(89,89,'MasterCard',0,'2022-01-13','2011-04-13 12:03:33','2014-11-14 23:32:14'),(90,90,'VISA',33510240,'2022-12-30','2015-02-20 23:59:20','2016-08-18 21:58:56'),(91,91,'МИР',240602,'2023-10-01','2019-11-26 11:26:54','2021-03-18 18:41:05'),(92,92,'MasterCard',36905,'2023-08-27','2015-12-09 19:57:57','2021-03-18 18:41:05'),(93,93,'VISA',500,'2023-11-16','2018-09-11 11:58:42','2021-03-18 18:41:05'),(94,94,'МИР',3,'2023-12-11','2014-04-18 00:48:17','2021-03-18 18:41:05'),(95,95,'MasterCard',650316,'2023-03-07','2020-02-13 02:21:10','2021-03-18 18:41:05'),(96,96,'VISA',0,'2023-12-13','2018-07-27 18:10:43','2019-07-30 01:42:48'),(97,97,'VISA',75,'2023-03-30','2013-05-16 02:57:39','2021-03-18 18:41:05'),(98,98,'MasterCard',941,'2023-10-24','2012-03-13 14:10:38','2019-04-11 09:29:39'),(99,99,'MasterCard',0,'2023-02-11','2015-03-07 20:30:36','2015-10-05 03:20:09'),(100,100,'MasterCard',692070001,'2022-01-31','2015-10-21 02:00:01','2021-03-18 18:41:05');
/*!40000 ALTER TABLE `cards` ENABLE KEYS */;
UNLOCK TABLES;

--
-- Table structure for table `couriers`
--

DROP TABLE IF EXISTS `couriers`;
/*!40101 SET @saved_cs_client     = @@character_set_client */;
/*!50503 SET character_set_client = utf8mb4 */;
CREATE TABLE `couriers` (
  `id` int unsigned NOT NULL AUTO_INCREMENT COMMENT 'Идентификатор строки',
  `first_name` varchar(30) NOT NULL COMMENT 'Имя курьера',
  `last_name` varchar(30) NOT NULL COMMENT 'Фамилия курьера',
  `birthday` date DEFAULT NULL COMMENT 'Дата рождения',
  `phone` varchar(30) NOT NULL COMMENT 'Телефон',
  `dat_of_employment` date DEFAULT NULL COMMENT 'Дата приемана работу',
  `working_shift` varchar(100) DEFAULT NULL COMMENT 'Рабочая смена',
  `created_at` datetime DEFAULT CURRENT_TIMESTAMP COMMENT 'Время создания строки',
  `updated_at` datetime DEFAULT CURRENT_TIMESTAMP ON UPDATE CURRENT_TIMESTAMP COMMENT 'Время обновления строки',
  PRIMARY KEY (`id`),
  UNIQUE KEY `phone` (`phone`),
  KEY `couriers_first_name_last_name_idx` (`first_name`,`last_name`)
) ENGINE=InnoDB AUTO_INCREMENT=11 DEFAULT CHARSET=utf8mb4 COLLATE=utf8mb4_0900_ai_ci COMMENT='Курьеры';
/*!40101 SET character_set_client = @saved_cs_client */;

--
-- Dumping data for table `couriers`
--

LOCK TABLES `couriers` WRITE;
/*!40000 ALTER TABLE `couriers` DISABLE KEYS */;
INSERT INTO `couriers` VALUES (1,'Pansy','Rice','1961-03-13','130-386-3605x433','2012-03-26','12-17','2019-10-07 02:50:14','2021-03-18 18:43:37'),(2,'Carolyn','Witting','1942-02-02','1-171-932-6600x964','2018-10-31','7-12','2017-07-05 01:55:33','2018-01-21 03:08:54'),(3,'Bernardo','Schimmel','1981-11-15','1-101-441-2453x222','2015-12-01','12-17','2016-03-01 10:20:12','2021-03-18 18:43:37'),(4,'Maye','Skiles','1987-10-19','05446914353','2016-03-30','12-17','2020-04-19 05:59:27','2021-03-18 18:43:37'),(5,'Joy','Veum','1991-12-05','1-772-188-2936x9839','2011-12-31','12-17','2019-07-13 03:00:23','2021-03-18 18:43:37'),(6,'Ryan','Hegmann','1996-01-30','1-189-813-2964x416','2018-02-11','7-12','2016-12-28 13:09:00','2018-05-13 05:54:37'),(7,'Bobby','Osinski','1937-09-18','+71(1)5103722543','2012-09-26','17-22','2020-05-06 12:15:25','2021-03-18 18:43:37'),(8,'Matilde','Kuhlman','1995-01-23','(377)327-8505x6371','2014-05-12','12-17','2014-02-04 18:27:26','2020-01-02 06:36:34'),(9,'Minnie','Armstrong','2014-06-30','827-892-3659','2011-06-13','17-22','2018-07-05 23:16:09','2020-09-03 19:16:38'),(10,'Ferne','Durgan','1998-07-20','1-422-400-3695x3926','2011-10-16','7-12','2013-02-21 19:48:44','2013-11-15 23:01:48');
/*!40000 ALTER TABLE `couriers` ENABLE KEYS */;
UNLOCK TABLES;

--
-- Table structure for table `delivery_address`
--

DROP TABLE IF EXISTS `delivery_address`;
/*!40101 SET @saved_cs_client     = @@character_set_client */;
/*!50503 SET character_set_client = utf8mb4 */;
CREATE TABLE `delivery_address` (
  `id` int unsigned NOT NULL AUTO_INCREMENT COMMENT 'Идентификатор строки',
  `user_id` int unsigned NOT NULL COMMENT 'Ссылка на пользователя',
  `city` enum('Санкт-Петербург','Москва') NOT NULL COMMENT 'Город',
  `street` varchar(50) NOT NULL COMMENT 'Улица',
  `house_number` varchar(15) NOT NULL COMMENT 'Номер дома',
  `entrance` varchar(15) NOT NULL COMMENT 'Подъезд ',
  `floors` varchar(5) DEFAULT NULL COMMENT 'Этаж',
  `apartment_number` varchar(15) DEFAULT NULL COMMENT 'Номер квартира',
  `created_at` datetime DEFAULT CURRENT_TIMESTAMP COMMENT 'Время создания строки',
  `updated_at` datetime DEFAULT CURRENT_TIMESTAMP ON UPDATE CURRENT_TIMESTAMP COMMENT 'Время обновления строки',
  PRIMARY KEY (`id`),
  KEY `delivery_address_user_id_fk` (`user_id`),
  CONSTRAINT `delivery_address_user_id_fk` FOREIGN KEY (`user_id`) REFERENCES `users` (`id`)
) ENGINE=InnoDB AUTO_INCREMENT=101 DEFAULT CHARSET=utf8mb4 COLLATE=utf8mb4_0900_ai_ci COMMENT='Адресса доставки';
/*!40101 SET character_set_client = @saved_cs_client */;

--
-- Dumping data for table `delivery_address`
--

LOCK TABLES `delivery_address` WRITE;
/*!40000 ALTER TABLE `delivery_address` DISABLE KEYS */;
INSERT INTO `delivery_address` VALUES (1,1,'Санкт-Петербург','Shanahan Extensions','270','','1','813','2017-09-27 01:51:28','2020-02-03 10:23:35'),(2,2,'Москва','Hintz Creek','76','7','50','794','2013-05-16 22:09:07','2021-03-18 18:39:59'),(3,3,'Москва','Smitham Knolls','71','8','10','1201','2020-06-17 06:08:46','2021-03-18 18:39:59'),(4,4,'Москва','Heaney Ford','37','8','29','858','2012-06-12 06:01:21','2019-11-13 06:02:12'),(5,5,'Москва','Chasity Run','78','6','31','1055','2016-05-21 00:48:42','2021-03-18 18:39:59'),(6,6,'Москва','Trudie Ferry','42','4','39','761','2012-02-02 19:30:58','2012-12-01 21:08:09'),(7,7,'Санкт-Петербург','Candice Mill','276','5','27','81','2018-09-21 20:57:23','2021-03-18 18:39:59'),(8,8,'Москва','Abshire Coves','171','7','49','1050','2019-11-12 14:39:51','2021-03-18 18:39:59'),(9,9,'Москва','Beer Ville','137','6','33','890','2013-07-30 22:34:48','2021-02-06 19:08:49'),(10,10,'Санкт-Петербург','Maxie Union','36','3','34','10','2017-09-22 20:39:23','2021-03-18 18:39:59'),(11,11,'Москва','Morar Islands','155','3','25','1562','2013-08-26 02:37:25','2021-03-18 18:39:59'),(12,12,'Москва','Brittany Lane','81','','33','1272','2014-06-27 15:40:31','2021-03-18 18:39:59'),(13,13,'Москва','Eulah Creek','78','2','2','209','2014-07-28 06:01:04','2017-01-18 20:10:03'),(14,14,'Москва','Kristina Junctions','29','6','22','1692','2014-08-31 18:31:42','2021-03-18 18:39:59'),(15,15,'Санкт-Петербург','Baumbach Rapid','38','9','31','1674','2014-03-14 23:20:39','2021-03-18 18:39:59'),(16,16,'Москва','Mante Drive','138','5','13','743','2017-04-05 23:06:06','2021-03-18 18:39:59'),(17,17,'Санкт-Петербург','Feil Harbor','86','5','35','846','2014-07-20 14:03:59','2019-10-21 12:54:18'),(18,18,'Санкт-Петербург','Moriah Wall','196','2','4','877','2017-11-28 02:29:53','2021-03-18 18:39:59'),(19,19,'Санкт-Петербург','Schulist Ranch','60','4','4','791','2019-02-25 00:38:04','2021-03-18 18:39:59'),(20,20,'Москва','Volkman Isle','106','6','25','558','2011-05-07 04:13:17','2020-04-24 00:36:25'),(21,21,'Санкт-Петербург','Cooper Mount','279','','31','1274','2012-04-08 23:13:04','2017-06-06 09:36:51'),(22,22,'Санкт-Петербург','Oma Viaduct','230','4','2','309','2015-05-02 05:58:48','2020-07-23 07:19:34'),(23,23,'Санкт-Петербург','Joesph Freeway','226','3','21','1916','2018-02-09 23:55:47','2021-03-18 18:39:59'),(24,24,'Санкт-Петербург','Kohler Harbor','230','','10','142','2015-07-08 11:26:19','2016-01-21 08:35:28'),(25,25,'Москва','Halvorson Trafficway','154','7','9','898','2016-10-03 05:55:19','2020-12-30 23:05:15'),(26,26,'Санкт-Петербург','Reichert Tunnel','13','9','20','303','2012-08-09 11:45:29','2019-05-11 12:11:16'),(27,27,'Санкт-Петербург','Tremblay Lock','209','4','9','1648','2015-03-01 13:02:26','2019-05-25 15:03:51'),(28,28,'Москва','Pouros Street','224','3','26','1138','2011-10-16 13:35:08','2021-03-18 18:39:59'),(29,29,'Москва','Kunze Club','235','1','3','1654','2014-08-08 11:34:06','2021-03-18 18:39:59'),(30,30,'Санкт-Петербург','Hilpert Ridges','143','2','34','1342','2014-02-17 23:41:23','2014-09-24 10:12:39'),(31,31,'Москва','Rodriguez Roads','98','8','6','1350','2011-07-22 08:13:38','2013-01-28 11:37:51'),(32,32,'Москва','Volkman Landing','276','5','16','1104','2012-11-12 07:21:16','2013-06-28 22:59:02'),(33,33,'Москва','Jast Islands','267','8','26','274','2017-01-05 13:40:26','2021-03-18 18:39:59'),(34,34,'Санкт-Петербург','Lura Radial','278','9','43','2000','2020-07-15 20:01:47','2021-03-18 18:39:59'),(35,35,'Санкт-Петербург','Margarete Landing','136','7','7','473','2016-11-19 19:44:51','2021-03-18 18:39:59'),(36,36,'Москва','Candido Mission','179','8','19','925','2011-12-26 21:32:10','2016-07-13 17:47:53'),(37,37,'Москва','Jayden Heights','258','9','49','1137','2015-09-22 18:34:12','2015-12-01 23:37:28'),(38,38,'Санкт-Петербург','Ottilie Crest','189','4','3','498','2016-07-12 01:01:34','2021-03-18 18:39:59'),(39,39,'Санкт-Петербург','Hills Falls','148','','15','139','2017-11-22 13:19:28','2018-08-09 16:21:08'),(40,40,'Москва','Gerhard Drive','117','2','48','968','2019-05-02 22:07:21','2021-03-18 18:39:59'),(41,41,'Москва','Reva Inlet','245','3','35','1366','2020-01-26 02:51:21','2021-03-18 18:39:59'),(42,42,'Москва','Lazaro Mountains','67','9','14','1851','2019-11-27 05:44:54','2021-03-18 18:39:59'),(43,43,'Санкт-Петербург','Maymie Inlet','255','2','4','1853','2019-06-05 03:53:19','2021-03-18 18:39:59'),(44,44,'Санкт-Петербург','Graham Freeway','48','4','18','1495','2017-02-04 22:01:34','2020-02-26 11:31:19'),(45,45,'Санкт-Петербург','Josh Hollow','5','2','13','1958','2017-08-03 16:25:21','2020-11-03 12:13:24'),(46,46,'Москва','Skye Knoll','293','5','26','1864','2020-03-05 18:22:48','2021-03-18 18:39:59'),(47,47,'Санкт-Петербург','Ryder Course','190','9','16','1862','2020-07-19 09:47:25','2021-03-18 18:39:59'),(48,48,'Санкт-Петербург','Douglas Pike','280','2','44','1944','2013-08-07 19:02:21','2014-05-28 19:13:18'),(49,49,'Санкт-Петербург','Jasmin Streets','231','9','3','961','2013-01-04 21:50:07','2014-11-23 06:57:17'),(50,50,'Санкт-Петербург','Amina Divide','40','','46','1594','2012-02-07 15:22:17','2015-03-16 03:45:10'),(51,51,'Санкт-Петербург','Little Inlet','239','1','37','330','2012-12-19 04:02:01','2021-03-18 18:39:59'),(52,52,'Санкт-Петербург','Hessel Fort','20','3','13','1347','2013-06-22 11:38:11','2021-03-18 18:39:59'),(53,53,'Санкт-Петербург','Casandra Lane','83','','38','30','2017-08-29 04:26:57','2020-06-09 13:09:21'),(54,54,'Москва','Emard Plaza','148','3','25','602','2014-03-19 19:38:57','2021-03-18 18:39:59'),(55,55,'Санкт-Петербург','Brisa Well','118','8','43','1369','2017-06-07 02:46:48','2021-03-18 18:39:59'),(56,56,'Москва','Altenwerth Lodge','40','8','45','55','2013-09-12 19:24:34','2015-06-11 14:34:46'),(57,57,'Санкт-Петербург','Wunsch Port','268','8','27','974','2012-08-02 09:56:29','2017-09-24 23:53:48'),(58,58,'Санкт-Петербург','Herbert Vista','278','4','4','1063','2019-10-09 06:44:28','2021-03-18 18:39:59'),(59,59,'Санкт-Петербург','Hilll Ports','35','9','1','404','2013-02-02 12:27:54','2014-12-31 05:55:29'),(60,60,'Москва','Brakus Road','283','4','7','1076','2014-05-13 01:42:43','2021-03-18 18:39:59'),(61,61,'Санкт-Петербург','Cole Rapids','159','1','47','340','2020-12-23 07:47:13','2021-03-18 18:39:59'),(62,62,'Санкт-Петербург','Odessa Harbor','144','5','44','1232','2015-05-21 22:46:59','2019-12-19 00:10:46'),(63,63,'Москва','Hermann Parkway','22','7','20','1834','2015-11-07 19:16:19','2021-03-18 18:39:59'),(64,64,'Москва','Dina Trace','137','6','46','1380','2014-06-04 21:28:17','2015-06-30 00:25:35'),(65,65,'Санкт-Петербург','Friesen Island','108','2','41','400','2013-12-09 11:54:09','2016-09-04 03:29:52'),(66,66,'Москва','Magdalena Path','219','7','23','1937','2015-12-04 03:28:26','2018-06-10 01:39:49'),(67,67,'Санкт-Петербург','Boehm Islands','137','2','25','759','2015-10-10 17:28:34','2018-01-04 19:47:17'),(68,68,'Санкт-Петербург','Ritchie Mount','226','7','25','354','2015-08-31 06:14:04','2018-01-03 16:19:44'),(69,69,'Москва','Schneider Cliff','33','7','12','1849','2014-10-06 08:31:58','2021-03-18 18:39:59'),(70,70,'Санкт-Петербург','Marquardt Mountains','45','6','2','101','2017-03-30 07:07:15','2021-03-18 18:39:59'),(71,71,'Москва','Trycia Port','98','5','37','127','2020-12-04 12:44:39','2021-03-18 18:39:59'),(72,72,'Москва','Koch Hills','298','1','24','264','2020-08-08 00:57:58','2021-03-18 18:39:59'),(73,73,'Москва','Mills Dale','88','2','11','812','2019-02-13 21:45:28','2021-03-18 18:39:59'),(74,74,'Москва','Ethyl Meadow','248','1','40','53','2011-09-20 01:04:38','2014-02-13 21:35:22'),(75,75,'Санкт-Петербург','Powlowski Plains','225','6','26','407','2011-12-10 16:34:35','2019-08-03 10:36:11'),(76,76,'Санкт-Петербург','Spinka Spurs','12','6','14','467','2017-09-16 05:39:13','2021-03-18 18:39:59'),(77,77,'Москва','Korey Keys','23','4','28','1297','2012-03-09 13:04:19','2014-12-18 23:33:23'),(78,78,'Москва','Emmie Trail','170','9','43','568','2012-06-12 23:48:12','2016-05-29 13:17:43'),(79,79,'Санкт-Петербург','Travis River','155','9','40','1703','2020-05-19 10:00:50','2021-03-18 18:39:59'),(80,80,'Москва','Jakob Walks','9','6','9','1778','2021-03-15 02:17:51','2021-03-18 18:39:59'),(81,81,'Москва','Bartoletti Street','235','3','25','269','2019-04-12 06:31:26','2021-03-18 18:39:59'),(82,82,'Санкт-Петербург','Jast Fords','211','7','49','822','2020-11-11 05:27:50','2021-03-18 18:39:59'),(83,83,'Санкт-Петербург','Angelica Ports','299','5','37','754','2011-04-17 03:53:02','2019-08-31 12:12:05'),(84,84,'Санкт-Петербург','Haley Ford','30','3','42','563','2013-02-06 14:29:35','2014-10-25 18:54:15'),(85,85,'Санкт-Петербург','Marilou Estate','266','7','21','221','2016-03-09 10:54:03','2021-03-18 18:39:59'),(86,86,'Санкт-Петербург','Predovic Port','69','5','8','803','2020-12-02 16:02:58','2021-03-11 22:28:07'),(87,87,'Санкт-Петербург','Parker Stravenue','78','5','19','1394','2015-04-08 17:41:13','2021-03-18 18:39:59'),(88,88,'Москва','Trisha Ranch','93','9','16','308','2018-02-03 23:32:17','2021-03-18 18:39:59'),(89,89,'Санкт-Петербург','Hadley Route','266','3','14','1424','2013-01-23 02:50:23','2020-03-10 12:18:21'),(90,90,'Санкт-Петербург','Kaitlyn Motorway','91','8','42','1363','2014-11-20 07:59:42','2018-10-30 16:15:05'),(91,91,'Москва','Hamill Club','163','5','4','557','2019-03-06 08:54:07','2020-02-23 13:44:31'),(92,92,'Москва','Parisian Groves','116','4','36','1532','2016-08-21 21:37:47','2020-04-08 14:05:33'),(93,93,'Москва','Jacobson Knolls','89','5','38','1528','2018-08-17 06:36:05','2021-03-18 18:39:59'),(94,94,'Санкт-Петербург','Violette Burg','22','6','14','375','2016-07-09 17:51:13','2020-12-15 09:43:38'),(95,95,'Москва','Carlos Gardens','26','4','25','331','2020-12-10 06:04:21','2021-03-18 18:39:59'),(96,96,'Москва','Johnathan Path','240','9','2','1687','2014-12-27 03:41:43','2020-02-29 01:01:06'),(97,97,'Москва','Pollich Wall','278','5','41','811','2012-03-13 13:29:29','2019-07-11 21:34:11'),(98,98,'Санкт-Петербург','Geraldine Junctions','99','2','31','1736','2017-10-11 21:57:10','2017-12-11 10:02:04'),(99,99,'Санкт-Петербург','Weimann Corner','120','5','47','728','2014-11-10 14:06:11','2019-12-05 07:54:20'),(100,100,'Санкт-Петербург','Rath Ramp','193','8','46','847','2013-05-12 11:17:42','2021-03-18 18:39:59');
/*!40000 ALTER TABLE `delivery_address` ENABLE KEYS */;
UNLOCK TABLES;

--
-- Table structure for table `dishes`
--

DROP TABLE IF EXISTS `dishes`;
/*!40101 SET @saved_cs_client     = @@character_set_client */;
/*!50503 SET character_set_client = utf8mb4 */;
CREATE TABLE `dishes` (
  `id` int unsigned NOT NULL AUTO_INCREMENT COMMENT 'Идентификатор строки',
  `name` varchar(100) DEFAULT NULL,
  `description` varchar(200) DEFAULT NULL COMMENT 'Описание',
  `weight` smallint unsigned DEFAULT NULL COMMENT 'Вес блюд',
  `energy` smallint unsigned DEFAULT NULL COMMENT 'Ккал',
  `protein` smallint unsigned DEFAULT NULL COMMENT 'Белок',
  `fat` smallint unsigned DEFAULT NULL COMMENT 'Жир',
  `carbohydrate` smallint unsigned DEFAULT NULL COMMENT 'Углеводы',
  `image` json DEFAULT NULL COMMENT 'Метаданные файла',
  `price` decimal(11,2) DEFAULT NULL COMMENT 'Цена',
  `created_at` datetime DEFAULT CURRENT_TIMESTAMP COMMENT 'Время создания строки',
  `updated_at` datetime DEFAULT CURRENT_TIMESTAMP ON UPDATE CURRENT_TIMESTAMP COMMENT 'Время обновления строки',
  PRIMARY KEY (`id`),
  KEY `dishes_name_idx` (`name`),
  KEY `dishes_energy_idx` (`energy`)
) ENGINE=InnoDB AUTO_INCREMENT=716 DEFAULT CHARSET=utf8mb4 COLLATE=utf8mb4_0900_ai_ci COMMENT='Блюда';
/*!40101 SET character_set_client = @saved_cs_client */;

--
-- Dumping data for table `dishes`
--

LOCK TABLES `dishes` WRITE;
/*!40000 ALTER TABLE `dishes` DISABLE KEYS */;
INSERT INTO `dishes` VALUES (573,'Шарлотка с грушей и миндалем','text',100,140,7,3,21,NULL,101.00,'2021-03-18 13:40:19','2021-03-18 13:40:19'),(574,'Рисовые блинчики со сливочным муссом и фундуком','text',160,300,15,15,26,NULL,102.00,'2021-03-18 13:40:19','2021-03-18 13:40:19'),(575,'Шоколадно-кокосовый сырник с вишневым джемом','text',10,377,23,9,51,NULL,103.00,'2021-03-18 13:40:19','2021-03-18 13:40:19'),(576,'японские сырники','text',120,204,17,6,21,NULL,104.00,'2021-03-18 13:40:19','2021-03-18 13:40:19'),(577,'десерт парфе манго','text',100,139,4,5,19,NULL,105.00,'2021-03-18 13:40:19','2021-03-18 13:40:19'),(578,'десерт фисташка-малина','text',100,191,5,7,28,NULL,106.00,'2021-03-18 13:40:19','2021-03-18 13:40:19'),(579,'десерт красный бархат','text',100,138,4,4,23,NULL,107.00,'2021-03-18 13:40:19','2021-03-18 13:40:19'),(580,'десерт три шоколада','text',100,173,6,8,20,NULL,108.00,'2021-03-18 13:40:19','2021-03-18 13:40:19'),(581,'десерт медовик с вареной сгущенкой','text',100,171,5,7,21,NULL,109.00,'2021-03-18 13:40:19','2021-03-18 13:40:19'),(582,'десерт вареная сгущенка с арахисом и шоколадом','text',100,235,8,13,22,NULL,110.00,'2021-03-18 13:40:19','2021-03-18 13:40:19'),(583,'лазанья с курицей и соусом бешамель','text',220,436,35,26,14,NULL,111.00,'2021-03-18 13:40:19','2021-03-18 13:40:19'),(584,'салат с тунцом и заправкой с гуакамоле','text',100,110,7,8,3,NULL,112.00,'2021-03-18 13:40:19','2021-03-18 13:40:19'),(585,'салат с лососем, арахисом и вьетнамским соусом','text',206,198,13,11,11,NULL,113.00,'2021-03-18 13:40:19','2021-03-18 13:40:19'),(586,'салат с ростбифом, грецким орехом, артишоками и брусничным соусом','text',131,318,12,27,7,NULL,115.00,'2021-03-18 13:40:19','2021-03-18 13:40:19'),(587,'картофельный пирок с говядиной и сыром','text',180,348,22,17,27,NULL,116.00,'2021-03-18 13:40:19','2021-03-18 13:40:19'),(588,'пшеничные блинчики со шпинатным кремом и семгой','text',91,177,10,10,12,NULL,117.00,'2021-03-18 13:40:19','2021-03-18 13:40:19'),(589,'куриное оладьи с морковью черри и соусом лобио','text',190,229,20,13,8,NULL,118.00,'2021-03-18 13:40:19','2021-03-18 13:40:19'),(590,'куриное филе с сливочном карри с овощами','text',180,208,11,12,12,NULL,119.00,'2021-03-18 13:40:19','2021-03-18 13:40:19'),(591,'куриное филе в соусе чили с рататуем','text',200,143,13,5,11,NULL,120.00,'2021-03-18 13:40:19','2021-03-18 13:40:19'),(592,'куриное филе под тайским соусом с овощами','text',201,181,13,9,11,NULL,121.00,'2021-03-18 13:40:19','2021-03-18 13:40:19'),(593,'курица с нежном чили соусе с пряной свеклой','text',250,283,17,17,16,NULL,122.00,'2021-03-18 13:40:19','2021-03-18 13:40:19'),(594,'Лосось в сливочно-шпинатном соусе и рис ассорти','text',190,298,13,16,26,NULL,123.00,'2021-03-18 13:40:19','2021-03-18 13:40:19'),(595,'стейк из лосося','text',143,248,25,16,1,NULL,124.00,'2021-03-18 13:40:19','2021-03-18 13:40:19'),(596,'Боул с говядиной и пряной заправкой','text',240,386,14,20,37,NULL,125.00,'2021-03-18 13:40:19','2021-03-18 13:40:19'),(597,'куриная котлетка с тыквенном соусе и булгур с овощами','text',280,322,20,13,32,NULL,126.00,'2021-03-18 13:40:19','2021-03-18 13:40:19'),(598,'куриное филе в кляре из брокколи и рагу по-сицилийски','text',180,294,22,17,14,NULL,127.00,'2021-03-18 13:40:19','2021-03-18 13:40:19'),(599,'говядина в сырном соусе и овощами на пору','text',190,256,14,18,12,NULL,128.00,'2021-03-18 13:40:19','2021-03-18 13:40:19'),(600,'говядина в японском соусе и кабачки на гриле','text',190,228,11,14,14,NULL,129.00,'2021-03-18 13:40:19','2021-03-18 13:40:19'),(601,'Куриное филе в нежном соусе с базиликом и брокколи ','text',200,205,24,9,6,NULL,130.00,'2021-03-18 13:40:19','2021-03-18 13:40:19'),(602,'суфле из трески с морковью и соусом бешамель','text',152,159,12,8,10,NULL,131.00,'2021-03-18 13:40:19','2021-03-18 13:40:19'),(603,'индейка в соусе сациви и кускус','text',170,227,18,9,20,NULL,132.00,'2021-03-18 13:40:19','2021-03-18 13:40:19'),(604,'куриное филе в морковном кляре с картофелем айдахо и брокколи','text',210,352,28,19,17,NULL,133.00,'2021-03-18 13:40:19','2021-03-18 13:40:19'),(605,'Омлет с кабачками. Рисовая каша с бананом','text',194,203,9,12,13,NULL,134.00,'2021-03-18 13:40:19','2021-03-18 13:40:19'),(606,'паста фарфалле с курицей, шпинатом и пармезаном','text',210,352,19,17,30,NULL,135.00,'2021-03-18 13:40:19','2021-03-18 13:40:19'),(607,'рыба в сливочном соусе и булгур','text',200,308,12,18,24,NULL,136.00,'2021-03-18 13:40:19','2021-03-18 13:40:19'),(608,'запеченная рыба в слиыочном соусе с кабачками натгриле','text',180,230,8,18,8,NULL,137.00,'2021-03-18 13:40:19','2021-03-18 13:40:19'),(609,'нежное филе индейки в маринаде из васаби','text',130,301,25,18,11,NULL,138.00,'2021-03-18 13:40:19','2021-03-18 13:40:19'),(610,'стейк из курицы в имбирном маринаде со стручковой фасолью','text',180,183,22,8,5,NULL,139.00,'2021-03-18 13:40:19','2021-03-18 13:40:19'),(611,'Морковный пирог и винильный крем с маком','text',150,290,12,13,31,NULL,140.00,'2021-03-18 13:40:19','2021-03-18 13:40:19'),(612,'Панкейки с сухофруктами и клубнично-ананасовый смузи ','text',170,258,8,8,38,NULL,141.00,'2021-03-18 13:40:19','2021-03-18 13:40:19'),(613,'Овсяные блинчики со сливочным кремом и клубничным конфитюром ','text',150,281,10,16,25,NULL,142.00,'2021-03-18 13:40:19','2021-03-18 13:40:19'),(614,'смузи-бол с клубникой и киви ','text',200,169,14,6,16,NULL,143.00,'2021-03-18 13:40:19','2021-03-18 13:40:19'),(615,'Салат с моцареллой и соусом гуакамоле ','text',100,168,8,13,3,NULL,144.00,'2021-03-18 13:40:19','2021-03-18 13:40:19'),(616,'запеченные сырники ','text',240,538,43,19,48,NULL,145.00,'2021-03-18 13:40:19','2021-03-18 13:40:19'),(617,'Рисовая каша с яблоками и корицей','text',230,202,6,5,35,NULL,158.00,'2021-03-18 13:40:19','2021-03-18 13:40:19'),(618,'сэндвич  индейкой и маринованными огурчиками','text',182,428,29,20,33,NULL,146.00,'2021-03-18 13:40:19','2021-03-18 13:40:19'),(619,'кацудон из курицы и рис с зеленью','text',180,463,30,15,52,NULL,150.00,'2021-03-18 13:40:19','2021-03-18 13:40:19'),(620,'котлетки из говядины и курицы с запеченным картофелем с розмарином','text',340,415,41,6,47,NULL,100.00,'2021-03-18 13:40:19','2021-03-18 13:40:19'),(621,'Тыквенные блинчики с рикоттой и карамелизорованным яблочками','text',243,575,14,32,59,NULL,108.00,'2021-03-18 13:40:19','2021-03-18 13:40:19'),(622,'Омлет по-мексикански. Овсяные маффины с арахисом','text',270,437,22,20,42,NULL,149.00,'2021-03-18 13:40:19','2021-03-18 13:40:19'),(623,'десерт с гранолой и медово-манговым конфитюром ','text',230,460,23,19,49,NULL,158.00,'2021-03-18 13:40:19','2021-03-18 13:40:19'),(624,'классический омлет и вишневый маффин','text',170,299,12,15,29,NULL,112.00,'2021-03-18 13:40:19','2021-03-18 13:40:19'),(625,'пшеничные блинчики с медовым муссом','text',180,442,11,31,31,NULL,122.00,'2021-03-18 13:40:19','2021-03-18 13:40:19'),(626,'кокосовые маффины и йогуртовый крем','text',168,457,10,27,44,NULL,121.00,'2021-03-18 13:40:19','2021-03-18 13:40:19'),(627,'рисовые блинчики с шоколадным муссом и вишневым джемом','text',130,285,7,16,27,NULL,111.00,'2021-03-18 13:40:19','2021-03-18 13:40:19'),(628,'рисовая каша с лесными ягодами','text',220,190,5,4,33,NULL,121.00,'2021-03-18 13:40:19','2021-03-18 13:40:19'),(629,'яблочные кексы с изюмом и грецким орехом','text',130,404,7,17,56,NULL,221.00,'2021-03-18 13:40:19','2021-03-18 13:40:19'),(630,'Cэндвич с моцареллой и ветчиной','text',170,432,17,24,36,NULL,112.00,'2021-03-18 13:40:19','2021-03-18 13:40:19'),(631,'шпинатные блинчики с муссом из лосося и шафрановый соус','text',218,434,18,29,25,NULL,242.00,'2021-03-18 13:40:19','2021-03-18 13:40:19'),(632,'каша рисовая с бананами','text',220,274,6,12,36,NULL,124.00,'2021-03-18 13:40:19','2021-03-18 13:40:19'),(633,'омлет-пицца османская с куриным фаршем','text',200,318,21,25,3,NULL,132.00,'2021-03-18 13:40:19','2021-03-18 13:40:19'),(634,'овсяная каша с грушевым конфитюром','text',280,181,8,5,27,NULL,243.00,'2021-03-18 13:40:19','2021-03-18 13:40:19'),(635,'тыквенные блинчики и сливочный мусс с манго','text',160,400,9,28,27,NULL,233.00,'2021-03-18 13:40:19','2021-03-18 13:40:19'),(636,'овсянный пай с малиновым конфитюром','text',200,203,20,8,14,NULL,153.00,'2021-03-18 13:40:19','2021-03-18 13:40:19'),(637,'легкий салат со шпинатом и яйцом','text',149,375,10,37,1,NULL,145.00,'2021-03-18 13:40:19','2021-03-18 13:40:19'),(638,'нежный террин из говядины с брусникой и шафрановым соусом','text',157,356,18,29,5,NULL,186.00,'2021-03-18 13:40:19','2021-03-18 13:40:19'),(639,'чука с ореховым соусом','text',202,259,5,16,23,NULL,175.00,'2021-03-18 13:40:19','2021-03-18 13:40:19'),(640,'сырники с персиками, кукурузная каша с клюквой ','text',295,496,17,20,63,NULL,145.00,'2021-03-18 13:40:19','2021-03-18 13:40:19'),(641,'Запеканка с яблочно-облепиховым конфитюром ','text',240,311,22,8,38,NULL,143.00,'2021-03-18 13:40:19','2021-03-18 13:40:19'),(642,'блинчик с фаршем из говядины, курицы и овсяные печенья с шоколадом','text',207,655,15,29,83,NULL,143.00,'2021-03-18 13:40:19','2021-03-18 13:40:19'),(643,'запеканка с яблоком и корицей ','text',200,354,28,10,38,NULL,155.00,'2021-03-18 13:40:19','2021-03-18 13:40:19'),(644,'Десерт с гранолой и клубничным соусом','text',160,204,16,9,15,NULL,144.00,'2021-03-18 13:40:19','2021-03-18 13:40:19'),(645,'смузи-боул с ягодами годжи. Шоколадный блинчик','text',188,489,39,21,37,NULL,133.00,'2021-03-18 13:40:19','2021-03-18 13:40:19'),(646,'нежные сырники. Омлет с сыром','text',270,493,41,25,26,NULL,153.00,'2021-03-18 13:40:19','2021-03-18 13:40:19'),(647,'кукурузная каша с кешью и медово-манговым конфитюром','text*',230,292,8,16,29,NULL,124.00,'2021-03-18 13:40:19','2021-03-18 13:40:19'),(648,'тыквенные блинчики и сливочный мусс с манго','text',160,400,9,28,27,NULL,164.00,'2021-03-18 13:40:19','2021-03-18 13:40:19'),(649,'йогуртовый десерт с гранолой','text',200,364,12,24,25,NULL,143.00,'2021-03-18 13:40:19','2021-03-18 13:40:19'),(650,'блинчик с ветчиной и сыром, овсяное печенье с арахисовой пастой','text',203,730,21,44,63,NULL,143.00,'2021-03-18 13:40:19','2021-03-18 13:40:19'),(651,'омлет с томатами и сырным соусом ','text',164,250,14,20,4,NULL,165.00,'2021-03-18 13:40:19','2021-03-18 13:40:19'),(652,'Блинчики со сливочным кремом и вишней','text',321,568,33,22,59,NULL,123.00,'2021-03-18 13:40:19','2021-03-18 13:40:19'),(653,'Омлет с сыром и цветной капустой ','text',160,228,13,18,2,NULL,155.00,'2021-03-18 13:40:19','2021-03-18 13:40:19'),(654,'нежный крем из тунца с пряностями и тосты ','text',152,426,17,24,36,NULL,234.00,'2021-03-18 13:40:19','2021-03-18 13:40:19'),(655,'творог с грушей и гранолой','text',160,252,18,10,24,NULL,167.00,'2021-03-18 13:40:19','2021-03-18 13:40:19'),(656,'Итальянский салат с фунзилли и ветчиной','text',168,211,7,11,22,NULL,144.00,'2021-03-18 13:40:19','2021-03-18 13:40:19'),(657,'Круассан с ветчиной и сыром ','text',120,473,10,34,32,NULL,184.00,'2021-03-18 13:40:19','2021-03-18 13:40:19'),(658,'куриные ежики под соусом бешамель с драниками','text',300,432,30,12,51,NULL,135.00,'2021-03-18 13:40:19','2021-03-18 13:40:19'),(659,'брауни с черной смородиной и арахисом','text',220,615,15,26,80,NULL,176.00,'2021-03-18 13:40:19','2021-03-18 13:40:19'),(660,'картофельный пирог с курицей','text',200,316,22,12,30,NULL,167.00,'2021-03-18 13:40:19','2021-03-18 13:40:19'),(661,'Вок с копченой курицей','text',250,332,18,11,41,NULL,251.00,'2021-03-18 13:40:19','2021-03-18 13:40:19'),(662,'котлеты по-сербски с брынзой и пюре','text',340,518,31,24,44,NULL,198.00,'2021-03-18 13:40:19','2021-03-18 13:40:19'),(663,'фахитос с курицей и тако рис','text',360,365,20,8,54,NULL,201.00,'2021-03-18 13:40:19','2021-03-18 13:40:19'),(664,'фирменный свекольник с курицей ','text',300,387,20,27,17,NULL,200.00,'2021-03-18 13:40:19','2021-03-18 13:40:19'),(665,'крем-суп из брокколи ','text',250,181,6,13,11,NULL,199.00,'2021-03-18 13:40:19','2021-03-18 13:40:19'),(666,'овощной суп','text',280,63,4,1,8,NULL,188.00,'2021-03-18 13:40:19','2021-03-18 13:40:19'),(667,'крем-суп с лососем ','text',300,237,16,14,12,NULL,177.00,'2021-03-18 13:40:19','2021-03-18 13:40:19'),(668,'паста Болоньезе с сыром ','text',300,425,26,17,43,NULL,166.00,'2021-03-18 13:40:19','2021-03-18 13:40:19'),(669,'жаркое из курицы с овощами','text',370,585,19,33,53,NULL,155.00,'2021-03-18 13:40:19','2021-03-18 13:40:19'),(670,'соба с говядиной в соусе терияки','text',190,250,12,11,25,NULL,111.00,'2021-03-18 13:40:19','2021-03-18 13:40:19'),(671,'феттучини с лососем в сливочном соусе с маком','text',252,465,21,30,27,NULL,222.00,'2021-03-18 13:40:19','2021-03-18 13:40:19'),(672,'грибной крем-суп с хлебцами по-итальянски','text',250,297,6,17,30,NULL,245.00,'2021-03-18 13:40:19','2021-03-18 13:40:19'),(673,'фрикасе из курицы с грибами и булгуром','text',230,290,221,11,27,NULL,280.00,'2021-03-18 13:40:19','2021-03-18 13:40:19'),(674,'Бефстроганов из говядины с гречкой','text',220,338,17,17,30,NULL,165.00,'2021-03-18 13:40:19','2021-03-18 13:40:19'),(675,'куриная грудка со шпинатом и картофель с сыром фета','text',250,370,32,17,22,NULL,124.00,'2021-03-18 13:40:19','2021-03-18 13:40:19'),(676,'фузилли с говядиной и грибами в сливочно-томатном соусе','text',295,484,15,23,53,NULL,254.00,'2021-03-18 13:40:19','2021-03-18 13:40:19'),(677,'рагу болоньезе и рис карри ','text',350,462,18,20,52,NULL,260.00,'2021-03-18 13:40:19','2021-03-18 13:40:19'),(678,'говядина с ореховым соусом и фузилли ','text',230,413,15,19,45,NULL,222.00,'2021-03-18 13:40:19','2021-03-18 13:40:19'),(679,'рубленная говояина в овощном соусе с ризо','text',180,266,13,15,21,NULL,233.00,'2021-03-18 13:40:19','2021-03-18 13:40:19'),(680,'говядина с пряным тыквенным соусом и рисом','text',250,321,13,14,35,NULL,244.00,'2021-03-18 13:40:19','2021-03-18 13:40:19'),(681,'курица в сливочно-горчичном соусе и кускус с овощами','text',210,277,19,13,19,NULL,254.00,'2021-03-18 13:40:19','2021-03-18 13:40:19'),(682,'говядина под соусом бешамель с томатами и гречкой','text',280,415,28,11,51,NULL,164.00,'2021-03-18 13:40:19','2021-03-18 13:40:19'),(683,'вок по-гавайски с курицей ','text',352,482,20,20,56,NULL,178.00,'2021-03-18 13:40:19','2021-03-18 13:40:19'),(684,'куриная котлета в сливочном терияки и плотавская каша','text',220,257,15,13,24,NULL,167.00,'2021-03-18 13:40:19','2021-03-18 13:40:19'),(685,'мясная запеканка с овощами и сливочно-томатной песто','text',210,265,12,13,24,NULL,154.00,'2021-03-18 13:40:19','2021-03-18 13:40:19'),(686,'люля из курицы в сливочном чили и кускус','text',240,378,26,19,26,NULL,185.00,'2021-03-18 13:40:19','2021-03-18 13:40:19'),(687,'куриное филе, тушеное в кокосовом молоке с булгуром','text',200,258,23,9,24,NULL,186.00,'2021-03-18 13:40:19','2021-03-18 13:40:19'),(688,'легкий суп с курицей и овощами','text',300,252,17,14,14,NULL,123.00,'2021-03-18 13:40:19','2021-03-18 13:40:19'),(689,'Воздушный мусс с медом и имбирем','text',200,432,29,16,43,NULL,125.00,'2021-03-18 13:40:19','2021-03-18 13:40:19'),(690,'гранола с яблочно-ванильным кремом','text',120,302,6,20,24,NULL,134.00,'2021-03-18 13:40:19','2021-03-18 13:40:19'),(691,'Тарт с молочным шоколадом и вишнёвым конфитюром','text',140,381,8,22,36,NULL,123.00,'2021-03-18 13:40:19','2021-03-18 13:40:19'),(692,'Королевские креветки в соусе терияке','text',146,190,25,3,15,NULL,234.00,'2021-03-18 13:40:19','2021-03-18 13:40:19'),(693,'йогуртовое парфе с мюсли и ягодами годжи','text',151,228,14,1,21,NULL,233.00,'2021-03-18 13:40:19','2021-03-18 13:40:19'),(694,'Омлет с сыром и соусом песто','text',130,182,14,13,1,NULL,155.00,'2021-03-18 13:40:19','2021-03-18 13:40:19'),(695,'Салат с зеленой чечевицей, кукурузой и пряным соусом','text',196,259,7,17,20,NULL,163.00,'2021-03-18 13:40:19','2021-03-18 13:40:19'),(696,'Запеченные яблоки в йогуртовым кремом','text',130,106,6,2,15,NULL,162.00,'2021-03-18 13:40:19','2021-03-18 13:40:19'),(697,'Ролл по-мексикански с говядиной ','text',230,378,16,16,42,NULL,161.00,'2021-03-18 13:40:19','2021-03-18 13:40:19'),(698,'гратен с шампиньонами ','text',120,131,10,9,2,NULL,159.00,'2021-03-18 13:40:19','2021-03-18 13:40:19'),(699,'Пряный салат с куриной грудкой ','text',153,142,9,7,9,NULL,158.00,'2021-03-18 13:40:19','2021-03-18 13:40:19'),(700,'Банановый кекс с маком и карамельным соусом','text',178,587,8,41,48,NULL,157.00,'2021-03-18 13:40:19','2021-03-18 13:40:19'),(701,'салат цезарь с ржаными гренками','text',141,137,12,5,10,NULL,155.00,'2021-03-18 13:40:19','2021-03-18 13:40:19'),(702,'салат с тунцом и скрэмблом в медово-горчичном соусе ','text',168,248,12,19,8,NULL,156.00,'2021-03-18 13:40:19','2021-03-18 13:40:19'),(703,'Блинчики со сливочно-персиковым кремом ','text',190,442,10,29,35,NULL,154.00,'2021-03-18 13:40:19','2021-03-18 13:40:19'),(704,'чахохбили из курицы  с гречкой ','text',400,609,36,28,53,NULL,153.00,'2021-03-18 13:40:19','2021-03-18 13:40:19'),(705,'куриные оладьи и кускус с овощами ','text',320,453,31,19,39,NULL,152.00,'2021-03-18 13:40:19','2021-03-18 13:40:19'),(706,'куриная котлета по-домашнему и гречка с овощами','text',350,531,45,14,56,NULL,151.00,'2021-03-18 13:40:19','2021-03-18 13:40:19'),(707,'куриные тефтели в итальянском соусе и пшеничная каша с овощами ','text',340,410,21,17,42,NULL,200.00,'2021-03-18 13:40:19','2021-03-18 13:40:19'),(708,'морс из клюквы и смородины ','text',300,118,1,0,28,NULL,190.00,'2021-03-18 13:40:19','2021-03-18 13:40:19'),(709,'холодный яай с клюквой и апельсином ','text',300,84,0,0,21,NULL,180.00,'2021-03-18 13:40:19','2021-03-18 13:40:19'),(710,'яблочный морс с корицей ','text',300,125,0,0,30,NULL,170.00,'2021-03-18 13:40:19','2021-03-18 13:40:19'),(711,'морс из клюквы и брусники ','text',300,122,0,0,29,NULL,160.00,'2021-03-18 13:40:19','2021-03-18 13:40:19'),(712,'напиток из облепихи и черной смородины ','text',300,163,1,2,35,NULL,150.00,'2021-03-18 13:40:19','2021-03-18 13:40:19'),(713,'морс с клубникой , смородиной и брусникой','text',300,140,1,1,33,NULL,149.00,'2021-03-18 13:40:19','2021-03-18 13:40:19'),(714,'облепиховой морс с апельсином','text',300,142,1,2,29,NULL,148.00,'2021-03-18 13:40:19','2021-03-18 13:40:19'),(715,'имбирно-малиновый лимонад с мятой','text',300,119,1,0,28,NULL,147.00,'2021-03-18 13:40:19','2021-03-18 13:40:19');
/*!40000 ALTER TABLE `dishes` ENABLE KEYS */;
UNLOCK TABLES;

--
-- Table structure for table `menu`
--

DROP TABLE IF EXISTS `menu`;
/*!40101 SET @saved_cs_client     = @@character_set_client */;
/*!50503 SET character_set_client = utf8mb4 */;
CREATE TABLE `menu` (
  `id` int unsigned NOT NULL AUTO_INCREMENT COMMENT 'Идентификатор строки',
  `dish_id` int unsigned NOT NULL COMMENT 'Ссылка на блюда',
  `program_id` set('1','2','3','4','5','6','7','8','9') NOT NULL COMMENT 'Ссылки на программы',
  `day_of_week` set('ПН','ВТ','СР','ЧТ','ПТ','СБ','ВС') NOT NULL COMMENT 'Дни недели',
  `created_at` datetime DEFAULT CURRENT_TIMESTAMP COMMENT 'Время создания строки',
  `updated_at` datetime DEFAULT CURRENT_TIMESTAMP ON UPDATE CURRENT_TIMESTAMP COMMENT 'Время обновления строки',
  PRIMARY KEY (`id`),
  KEY `menu_dish_id_fk` (`dish_id`),
  CONSTRAINT `menu_dish_id_fk` FOREIGN KEY (`dish_id`) REFERENCES `dishes` (`id`)
) ENGINE=InnoDB AUTO_INCREMENT=144 DEFAULT CHARSET=utf8mb4 COLLATE=utf8mb4_0900_ai_ci COMMENT='Меню';
/*!40101 SET character_set_client = @saved_cs_client */;

--
-- Dumping data for table `menu`
--

LOCK TABLES `menu` WRITE;
/*!40000 ALTER TABLE `menu` DISABLE KEYS */;
INSERT INTO `menu` VALUES (1,573,'1,2,5,8','ПН,СР,ПТ','2017-07-16 15:23:21','2019-02-23 23:40:54'),(2,574,'2,4,7','ВТ,ЧТ,СБ','2014-06-24 13:39:22','2016-03-31 19:32:05'),(3,575,'1,4,7','СР,ПТ,ВС','2020-10-29 17:35:11','2021-03-18 18:45:28'),(4,576,'2,5,8','ПН,ЧТ,СБ','2016-07-04 10:00:50','2020-03-24 22:36:47'),(5,577,'1,3,6','ВТ,ПТ,ВС','2018-03-30 01:24:39','2021-03-18 18:45:28'),(6,578,'2,4,7','ПН,СР,СБ','2015-07-23 23:31:08','2019-06-21 14:17:39'),(7,579,'3,5,8','ВТ,ЧТ,ВС','2011-06-19 00:08:52','2012-05-10 03:30:47'),(8,580,'1,4,6','ПН,СР,ПТ','2013-09-13 05:44:18','2021-01-19 05:44:13'),(9,581,'2,5,7','ВТ,ЧТ,СБ','2017-05-26 09:08:45','2021-03-18 18:45:28'),(10,582,'3,6,8','СР,ПТ,ВС','2019-06-04 21:37:46','2021-03-18 18:45:28'),(11,583,'2,4,7','ПН,ЧТ,СБ','2015-01-07 16:42:45','2015-01-26 18:18:07'),(12,584,'1,4,7','ВТ,ПТ,ВС','2017-02-10 19:48:51','2021-03-18 18:45:28'),(13,585,'2,5,8','ПН,СР,СБ','2017-12-05 02:59:28','2021-03-18 18:45:28'),(14,586,'1,3,6','ВТ,ЧТ,ВС','2012-08-29 05:38:05','2015-08-15 12:43:20'),(15,587,'2,4,7','ПН,СР,ПТ','2021-02-05 15:50:14','2021-03-18 18:45:28'),(16,588,'3,5,8','ВТ,ЧТ,СБ','2015-03-14 01:16:31','2021-03-18 18:45:28'),(17,589,'1,3,6','СР,ПТ,ВС','2017-02-27 12:47:53','2021-03-18 18:45:28'),(18,590,'2,4,7','ПН,ЧТ,СБ','2012-09-16 06:35:47','2021-03-18 18:45:28'),(19,591,'3,5,8','ВТ,ПТ,ВС','2018-10-28 05:02:17','2021-03-18 18:45:28'),(20,592,'1,4,6','ПН,СР,СБ','2013-12-11 21:51:04','2018-07-23 10:29:51'),(21,593,'1,2,5,8','ПН,СР,ПТ','2017-07-16 15:23:21','2019-02-23 23:40:54'),(22,594,'2,4,7','ВТ,ЧТ,СБ','2014-06-24 13:39:22','2016-03-31 19:32:05'),(23,595,'1,4,7','СР,ПТ,ВС','2020-10-29 17:35:11','2021-03-18 18:45:28'),(24,596,'2,5,8','ПН,ЧТ,СБ','2016-07-04 10:00:50','2020-03-24 22:36:47'),(25,597,'1,3,6','ВТ,ПТ,ВС','2018-03-30 01:24:39','2021-03-18 18:45:28'),(26,598,'2,4,7','ПН,СР,СБ','2015-07-23 23:31:08','2019-06-21 14:17:39'),(27,599,'3,5,8','ВТ,ЧТ,ВС','2011-06-19 00:08:52','2012-05-10 03:30:47'),(28,600,'1,4,6','ПН,СР,ПТ','2013-09-13 05:44:18','2021-01-19 05:44:13'),(29,601,'2,5,7','ВТ,ЧТ,СБ','2017-05-26 09:08:45','2021-03-18 18:45:28'),(30,602,'3,6,8','СР,ПТ,ВС','2019-06-04 21:37:46','2021-03-18 18:45:28'),(31,603,'2,4,7','ПН,ЧТ,СБ','2015-01-07 16:42:45','2015-01-26 18:18:07'),(32,604,'1,4,7','ВТ,ПТ,ВС','2017-02-10 19:48:51','2021-03-18 18:45:28'),(33,605,'2,5,8','ПН,СР,СБ','2017-12-05 02:59:28','2021-03-18 18:45:28'),(34,606,'1,3,6','ВТ,ЧТ,ВС','2012-08-29 05:38:05','2015-08-15 12:43:20'),(35,607,'2,4,7','ПН,СР,ПТ','2021-02-05 15:50:14','2021-03-18 18:45:28'),(36,608,'3,5,8','ВТ,ЧТ,СБ','2015-03-14 01:16:31','2021-03-18 18:45:28'),(37,609,'1,3,6','СР,ПТ,ВС','2017-02-27 12:47:53','2021-03-18 18:45:28'),(38,610,'2,4,7','ПН,ЧТ,СБ','2012-09-16 06:35:47','2021-03-18 18:45:28'),(39,611,'3,5,8','ВТ,ПТ,ВС','2018-10-28 05:02:17','2021-03-18 18:45:28'),(40,612,'1,4,6','ПН,СР,СБ','2013-12-11 21:51:04','2018-07-23 10:29:51'),(41,613,'1,2,5,8','ПН,СР,ПТ','2017-07-16 15:23:21','2019-02-23 23:40:54'),(42,614,'2,4,7','ВТ,ЧТ,СБ','2014-06-24 13:39:22','2016-03-31 19:32:05'),(43,615,'1,4,7','СР,ПТ,ВС','2020-10-29 17:35:11','2021-03-18 18:45:28'),(44,616,'2,5,8','ПН,ЧТ,СБ','2016-07-04 10:00:50','2020-03-24 22:36:47'),(45,617,'1,3,6','ВТ,ПТ,ВС','2018-03-30 01:24:39','2021-03-18 18:45:28'),(46,618,'2,4,7','ПН,СР,СБ','2015-07-23 23:31:08','2019-06-21 14:17:39'),(47,619,'3,5,8','ВТ,ЧТ,ВС','2011-06-19 00:08:52','2012-05-10 03:30:47'),(48,620,'1,4,6','ПН,СР,ПТ','2013-09-13 05:44:18','2021-01-19 05:44:13'),(49,621,'2,5,7','ВТ,ЧТ,СБ','2017-05-26 09:08:45','2021-03-18 18:45:28'),(50,622,'3,6,8','СР,ПТ,ВС','2019-06-04 21:37:46','2021-03-18 18:45:28'),(51,623,'2,4,7','ПН,ЧТ,СБ','2015-01-07 16:42:45','2015-01-26 18:18:07'),(52,624,'1,4,7','ВТ,ПТ,ВС','2017-02-10 19:48:51','2021-03-18 18:45:28'),(53,625,'2,5,8','ПН,СР,СБ','2017-12-05 02:59:28','2021-03-18 18:45:28'),(54,626,'1,3,6','ВТ,ЧТ,ВС','2012-08-29 05:38:05','2015-08-15 12:43:20'),(55,627,'2,4,7','ПН,СР,ПТ','2021-02-05 15:50:14','2021-03-18 18:45:28'),(56,628,'3,5,8','ВТ,ЧТ,СБ','2015-03-14 01:16:31','2021-03-18 18:45:28'),(57,629,'1,3,6','СР,ПТ,ВС','2017-02-27 12:47:53','2021-03-18 18:45:28'),(58,630,'2,4,7','ПН,ЧТ,СБ','2012-09-16 06:35:47','2021-03-18 18:45:28'),(59,631,'3,5,8','ВТ,ПТ,ВС','2018-10-28 05:02:17','2021-03-18 18:45:28'),(60,632,'1,4,6','ПН,СР,СБ','2013-12-11 21:51:04','2018-07-23 10:29:51'),(61,633,'1,2,5,8','ПН,СР,ПТ','2017-07-16 15:23:21','2019-02-23 23:40:54'),(62,634,'2,4,7','ВТ,ЧТ,СБ','2014-06-24 13:39:22','2016-03-31 19:32:05'),(63,635,'1,4,7','СР,ПТ,ВС','2020-10-29 17:35:11','2021-03-18 18:45:28'),(64,636,'2,5,8','ПН,ЧТ,СБ','2016-07-04 10:00:50','2020-03-24 22:36:47'),(65,637,'1,3,6','ВТ,ПТ,ВС','2018-03-30 01:24:39','2021-03-18 18:45:28'),(66,638,'2,4,7','ПН,СР,СБ','2015-07-23 23:31:08','2019-06-21 14:17:39'),(67,639,'3,5,8','ВТ,ЧТ,ВС','2011-06-19 00:08:52','2012-05-10 03:30:47'),(68,640,'1,4,6','ПН,СР,ПТ','2013-09-13 05:44:18','2021-01-19 05:44:13'),(69,641,'2,5,7','ВТ,ЧТ,СБ','2017-05-26 09:08:45','2021-03-18 18:45:28'),(70,642,'3,6,8','СР,ПТ,ВС','2019-06-04 21:37:46','2021-03-18 18:45:28'),(71,643,'2,4,7','ПН,ЧТ,СБ','2015-01-07 16:42:45','2015-01-26 18:18:07'),(72,644,'1,4,7','ВТ,ПТ,ВС','2017-02-10 19:48:51','2021-03-18 18:45:28'),(73,645,'2,5,8','ПН,СР,СБ','2017-12-05 02:59:28','2021-03-18 18:45:28'),(74,646,'1,3,6','ВТ,ЧТ,ВС','2012-08-29 05:38:05','2015-08-15 12:43:20'),(75,647,'2,4,7','ПН,СР,ПТ','2021-02-05 15:50:14','2021-03-18 18:45:28'),(76,648,'3,5,8','ВТ,ЧТ,СБ','2015-03-14 01:16:31','2021-03-18 18:45:28'),(77,649,'1,3,6','СР,ПТ,ВС','2017-02-27 12:47:53','2021-03-18 18:45:28'),(78,650,'2,4,7','ПН,ЧТ,СБ','2012-09-16 06:35:47','2021-03-18 18:45:28'),(79,651,'3,5,8','ВТ,ПТ,ВС','2018-10-28 05:02:17','2021-03-18 18:45:28'),(80,652,'1,4,6','ПН,СР,СБ','2013-12-11 21:51:04','2018-07-23 10:29:51'),(81,653,'1,2,5,8','ПН,СР,ПТ','2017-07-16 15:23:21','2019-02-23 23:40:54'),(82,654,'2,4,7','ВТ,ЧТ,СБ','2014-06-24 13:39:22','2016-03-31 19:32:05'),(83,655,'1,4,7','СР,ПТ,ВС','2020-10-29 17:35:11','2021-03-18 18:45:28'),(84,656,'2,5,8','ПН,ЧТ,СБ','2016-07-04 10:00:50','2020-03-24 22:36:47'),(85,657,'1,3,6','ВТ,ПТ,ВС','2018-03-30 01:24:39','2021-03-18 18:45:28'),(86,658,'2,4,7','ПН,СР,СБ','2015-07-23 23:31:08','2019-06-21 14:17:39'),(87,659,'3,5,8','ВТ,ЧТ,ВС','2011-06-19 00:08:52','2012-05-10 03:30:47'),(88,660,'1,4,6','ПН,СР,ПТ','2013-09-13 05:44:18','2021-01-19 05:44:13'),(89,661,'2,5,7','ВТ,ЧТ,СБ','2017-05-26 09:08:45','2021-03-18 18:45:28'),(90,662,'3,6,8','СР,ПТ,ВС','2019-06-04 21:37:46','2021-03-18 18:45:28'),(91,663,'2,4,7','ПН,ЧТ,СБ','2015-01-07 16:42:45','2015-01-26 18:18:07'),(92,664,'1,4,7','ВТ,ПТ,ВС','2017-02-10 19:48:51','2021-03-18 18:45:28'),(93,665,'2,5,8','ПН,СР,СБ','2017-12-05 02:59:28','2021-03-18 18:45:28'),(94,666,'1,3,6','ВТ,ЧТ,ВС','2012-08-29 05:38:05','2015-08-15 12:43:20'),(95,667,'2,4,7','ПН,СР,ПТ','2021-02-05 15:50:14','2021-03-18 18:45:28'),(96,668,'3,5,8','ВТ,ЧТ,СБ','2015-03-14 01:16:31','2021-03-18 18:45:28'),(97,669,'1,3,6','СР,ПТ,ВС','2017-02-27 12:47:53','2021-03-18 18:45:28'),(98,670,'2,4,7','ПН,ЧТ,СБ','2012-09-16 06:35:47','2021-03-18 18:45:28'),(99,671,'3,5,8','ВТ,ПТ,ВС','2018-10-28 05:02:17','2021-03-18 18:45:28'),(100,672,'1,4,6','ПН,СР,СБ','2013-12-11 21:51:04','2018-07-23 10:29:51'),(101,673,'1,2,5,8','ПН,СР,ПТ','2017-07-16 15:23:21','2019-02-23 23:40:54'),(102,674,'2,4,7','ВТ,ЧТ,СБ','2014-06-24 13:39:22','2016-03-31 19:32:05'),(103,675,'1,4,7','СР,ПТ,ВС','2020-10-29 17:35:11','2021-03-18 18:45:28'),(104,676,'2,5,8','ПН,ЧТ,СБ','2016-07-04 10:00:50','2020-03-24 22:36:47'),(105,677,'1,3,6','ВТ,ПТ,ВС','2018-03-30 01:24:39','2021-03-18 18:45:28'),(106,678,'2,4,7','ПН,СР,СБ','2015-07-23 23:31:08','2019-06-21 14:17:39'),(107,679,'3,5,8','ВТ,ЧТ,ВС','2011-06-19 00:08:52','2012-05-10 03:30:47'),(108,680,'1,4,6','ПН,СР,ПТ','2013-09-13 05:44:18','2021-01-19 05:44:13'),(109,681,'2,5,7','ВТ,ЧТ,СБ','2017-05-26 09:08:45','2021-03-18 18:45:28'),(110,682,'3,6,8','СР,ПТ,ВС','2019-06-04 21:37:46','2021-03-18 18:45:28'),(111,683,'2,4,7','ПН,ЧТ,СБ','2015-01-07 16:42:45','2015-01-26 18:18:07'),(112,684,'1,4,7','ВТ,ПТ,ВС','2017-02-10 19:48:51','2021-03-18 18:45:28'),(113,685,'2,5,8','ПН,СР,СБ','2017-12-05 02:59:28','2021-03-18 18:45:28'),(114,686,'1,3,6','ВТ,ЧТ,ВС','2012-08-29 05:38:05','2015-08-15 12:43:20'),(115,687,'2,4,7','ПН,СР,ПТ','2021-02-05 15:50:14','2021-03-18 18:45:28'),(116,688,'3,5,8','ВТ,ЧТ,СБ','2015-03-14 01:16:31','2021-03-18 18:45:28'),(117,689,'1,3,6','СР,ПТ,ВС','2017-02-27 12:47:53','2021-03-18 18:45:28'),(118,690,'2,4,7','ПН,ЧТ,СБ','2012-09-16 06:35:47','2021-03-18 18:45:28'),(119,691,'3,5,8','ВТ,ПТ,ВС','2018-10-28 05:02:17','2021-03-18 18:45:28'),(120,692,'1,4,6','ПН,СР,СБ','2013-12-11 21:51:04','2018-07-23 10:29:51'),(121,693,'1,2,5,8','ПН,СР,ПТ','2017-07-16 15:23:21','2019-02-23 23:40:54'),(122,694,'2,4,7','ВТ,ЧТ,СБ','2014-06-24 13:39:22','2016-03-31 19:32:05'),(123,695,'1,4,7','СР,ПТ,ВС','2020-10-29 17:35:11','2021-03-18 18:45:28'),(124,696,'2,5,8','ПН,ЧТ,СБ','2016-07-04 10:00:50','2020-03-24 22:36:47'),(125,697,'1,3,6','ВТ,ПТ,ВС','2018-03-30 01:24:39','2021-03-18 18:45:28'),(126,698,'2,4,7','ПН,СР,СБ','2015-07-23 23:31:08','2019-06-21 14:17:39'),(127,699,'3,5,8','ВТ,ЧТ,ВС','2011-06-19 00:08:52','2012-05-10 03:30:47'),(128,700,'1,4,6','ПН,СР,ПТ','2013-09-13 05:44:18','2021-01-19 05:44:13'),(129,701,'2,5,7','ВТ,ЧТ,СБ','2017-05-26 09:08:45','2021-03-18 18:45:28'),(130,702,'3,6,8','СР,ПТ,ВС','2019-06-04 21:37:46','2021-03-18 18:45:28'),(131,703,'2,4,7','ПН,ЧТ,СБ','2015-01-07 16:42:45','2015-01-26 18:18:07'),(132,704,'1,4,7','ВТ,ПТ,ВС','2017-02-10 19:48:51','2021-03-18 18:45:28'),(133,705,'2,5,8','ПН,СР,СБ','2017-12-05 02:59:28','2021-03-18 18:45:28'),(134,706,'1,3,6','ВТ,ЧТ,ВС','2012-08-29 05:38:05','2015-08-15 12:43:20'),(135,707,'2,4,7','ПН,СР,ПТ','2021-02-05 15:50:14','2021-03-18 18:45:28'),(136,708,'3,5,8','ВТ,ЧТ,СБ','2015-03-14 01:16:31','2021-03-18 18:45:28'),(137,709,'1,3,6','СР,ПТ,ВС','2017-02-27 12:47:53','2021-03-18 18:45:28'),(138,710,'2,4,7','ПН,ЧТ,СБ','2012-09-16 06:35:47','2021-03-18 18:45:28'),(139,711,'3,5,8','ВТ,ПТ,ВС','2018-10-28 05:02:17','2021-03-18 18:45:28'),(140,712,'1,4,6','ПН,СР,СБ','2013-12-11 21:51:04','2018-07-23 10:29:51'),(141,713,'3,5,8','ВТ,ПТ,ВС','2018-10-28 05:02:17','2021-03-18 18:45:28'),(142,714,'1,4,6','ПН,СР,СБ','2013-12-11 21:51:04','2018-07-23 10:29:51'),(143,715,'1,3,6','ВТ,ЧТ,ВС','2012-08-29 05:38:05','2015-08-15 12:43:20');
/*!40000 ALTER TABLE `menu` ENABLE KEYS */;
UNLOCK TABLES;

--
-- Temporary view structure for view `new_orders`
--

DROP TABLE IF EXISTS `new_orders`;
/*!50001 DROP VIEW IF EXISTS `new_orders`*/;
SET @saved_cs_client     = @@character_set_client;
/*!50503 SET character_set_client = utf8mb4 */;
/*!50001 CREATE VIEW `new_orders` AS SELECT 
 1 AS `users`,
 1 AS `address`,
 1 AS `delivery_date`,
 1 AS `orders`*/;
SET character_set_client = @saved_cs_client;

--
-- Table structure for table `order_basket`
--

DROP TABLE IF EXISTS `order_basket`;
/*!40101 SET @saved_cs_client     = @@character_set_client */;
/*!50503 SET character_set_client = utf8mb4 */;
CREATE TABLE `order_basket` (
  `orders_id` int unsigned NOT NULL COMMENT 'Ссылка на заказ',
  `dish_id` int unsigned NOT NULL COMMENT 'Ссылка на блюда',
  `quantity` smallint unsigned DEFAULT NULL COMMENT 'Количество порций',
  PRIMARY KEY (`orders_id`,`dish_id`) COMMENT 'Составной первичный ключ',
  KEY `order_basket_dish_id_fk` (`dish_id`),
  CONSTRAINT `order_basket_dish_id_fk` FOREIGN KEY (`dish_id`) REFERENCES `dishes` (`id`),
  CONSTRAINT `order_basket_orders_id_fk` FOREIGN KEY (`orders_id`) REFERENCES `orders` (`id`)
) ENGINE=InnoDB DEFAULT CHARSET=utf8mb4 COLLATE=utf8mb4_0900_ai_ci COMMENT='Связь заказов и блюд';
/*!40101 SET character_set_client = @saved_cs_client */;

--
-- Dumping data for table `order_basket`
--

LOCK TABLES `order_basket` WRITE;
/*!40000 ALTER TABLE `order_basket` DISABLE KEYS */;
INSERT INTO `order_basket` VALUES (1,573,1),(1,583,1),(1,593,1),(1,603,1),(1,613,1),(1,623,1),(1,633,1),(1,643,1),(1,653,1),(1,713,1),(11,574,1),(11,584,1),(11,594,1),(11,604,1),(11,614,1),(11,624,2),(11,634,1),(11,644,1),(21,575,1),(21,585,1),(21,595,1),(21,604,1),(21,615,1),(21,625,1),(21,634,1),(21,645,1),(21,654,1),(21,655,1),(21,714,1),(21,715,1),(31,576,1),(31,586,1),(31,596,2),(31,606,1),(31,613,1),(31,626,1),(31,636,1),(31,643,1),(31,653,1),(31,713,1),(41,573,1),(41,633,1),(41,643,1),(41,653,1),(41,713,1),(51,577,1),(51,588,1),(51,597,1),(51,608,1),(51,617,1),(51,628,1),(61,580,1),(61,581,1),(61,591,1),(61,601,1),(61,611,1),(61,621,1),(61,631,1),(61,641,1),(71,595,1),(71,603,1),(71,615,1),(71,623,1),(71,638,1),(71,647,1),(71,693,1),(71,713,1),(81,573,1),(81,583,1),(81,613,1),(81,624,1),(81,664,1),(81,683,1),(81,693,1),(81,713,1),(91,573,1),(91,583,1),(91,593,1),(91,603,1),(91,653,1),(91,663,1),(91,673,1),(91,683,1),(91,693,1),(91,713,1),(101,580,1),(101,600,1),(101,620,1),(101,680,1);
/*!40000 ALTER TABLE `order_basket` ENABLE KEYS */;
UNLOCK TABLES;

--
-- Temporary view structure for view `order_for_cooking`
--

DROP TABLE IF EXISTS `order_for_cooking`;
/*!50001 DROP VIEW IF EXISTS `order_for_cooking`*/;
SET @saved_cs_client     = @@character_set_client;
/*!50503 SET character_set_client = utf8mb4 */;
/*!50001 CREATE VIEW `order_for_cooking` AS SELECT 
 1 AS `Dishes`,
 1 AS `Quantity`,
 1 AS `Delivery_Date`*/;
SET character_set_client = @saved_cs_client;

--
-- Table structure for table `orders`
--

DROP TABLE IF EXISTS `orders`;
/*!40101 SET @saved_cs_client     = @@character_set_client */;
/*!50503 SET character_set_client = utf8mb4 */;
CREATE TABLE `orders` (
  `id` int unsigned NOT NULL AUTO_INCREMENT COMMENT 'Идентификатор строки',
  `subscription_id` int unsigned NOT NULL COMMENT 'Ссылка на подписку',
  `user_id` int unsigned NOT NULL COMMENT 'Ссылка на пользователя',
  `courier_id` int unsigned NOT NULL COMMENT 'Ссылка на курьера',
  `delivery_date` datetime NOT NULL COMMENT 'Дата и время доставки',
  `delivery_address_id` int unsigned NOT NULL COMMENT 'Ссылка на адресс доставки',
  `created_at` datetime DEFAULT CURRENT_TIMESTAMP COMMENT 'Время создания заказа',
  `updated_at` datetime DEFAULT CURRENT_TIMESTAMP ON UPDATE CURRENT_TIMESTAMP COMMENT 'Время обновления строки',
  PRIMARY KEY (`id`),
  KEY `orders_subscription_id_fk` (`subscription_id`),
  KEY `orders_user_id_fk` (`user_id`),
  KEY `orders_courier_id_fk` (`courier_id`),
  KEY `orders_delivery_address_id_fk` (`delivery_address_id`),
  CONSTRAINT `orders_courier_id_fk` FOREIGN KEY (`courier_id`) REFERENCES `couriers` (`id`),
  CONSTRAINT `orders_delivery_address_id_fk` FOREIGN KEY (`delivery_address_id`) REFERENCES `delivery_address` (`id`),
  CONSTRAINT `orders_subscription_id_fk` FOREIGN KEY (`subscription_id`) REFERENCES `subscriptions` (`id`),
  CONSTRAINT `orders_user_id_fk` FOREIGN KEY (`user_id`) REFERENCES `users` (`id`)
) ENGINE=InnoDB AUTO_INCREMENT=102 DEFAULT CHARSET=utf8mb4 COLLATE=utf8mb4_0900_ai_ci COMMENT='Заказы';
/*!40101 SET character_set_client = @saved_cs_client */;

--
-- Dumping data for table `orders`
--

LOCK TABLES `orders` WRITE;
/*!40000 ALTER TABLE `orders` DISABLE KEYS */;
INSERT INTO `orders` VALUES (1,1,1,1,'2021-04-17 23:48:26',1,'2021-03-17 01:59:02','2021-03-09 18:39:22'),(11,11,11,1,'2021-04-13 09:04:32',11,'2021-03-10 03:06:36','2021-03-05 18:48:38'),(21,21,21,1,'2021-04-13 18:32:19',21,'2021-03-11 18:02:36','2021-03-10 10:11:18'),(31,31,31,1,'2021-04-26 12:25:14',31,'2021-03-05 23:36:35','2021-03-12 07:35:16'),(41,41,41,1,'2021-04-12 09:42:01',41,'2021-03-10 06:30:21','2021-03-09 03:17:07'),(51,51,51,1,'2021-04-14 20:03:57',51,'2021-02-26 07:41:07','2021-03-13 04:28:34'),(61,61,61,1,'2021-04-23 17:39:23',61,'2021-02-21 09:02:39','2021-02-22 03:46:17'),(71,71,71,1,'2021-04-21 00:39:27',71,'2021-02-26 04:52:07','2021-03-16 19:04:14'),(81,81,81,1,'2021-04-02 17:45:20',81,'2021-03-05 04:20:46','2021-03-17 02:53:38'),(91,91,91,1,'2021-04-04 00:07:30',91,'2021-03-06 08:45:57','2021-03-16 10:25:17'),(101,2,2,2,'2021-04-18 10:00:00',2,'2021-03-21 18:52:57','2021-03-21 18:52:57');
/*!40000 ALTER TABLE `orders` ENABLE KEYS */;
UNLOCK TABLES;

--
-- Table structure for table `payment_type`
--

DROP TABLE IF EXISTS `payment_type`;
/*!40101 SET @saved_cs_client     = @@character_set_client */;
/*!50503 SET character_set_client = utf8mb4 */;
CREATE TABLE `payment_type` (
  `id` int unsigned NOT NULL AUTO_INCREMENT COMMENT 'Идентификатор строки',
  `name` varchar(50) DEFAULT NULL COMMENT 'Типы оплаты',
  `created_at` datetime DEFAULT CURRENT_TIMESTAMP COMMENT 'Время создания строки',
  `updated_at` datetime DEFAULT CURRENT_TIMESTAMP ON UPDATE CURRENT_TIMESTAMP COMMENT 'Время обновления строки',
  PRIMARY KEY (`id`)
) ENGINE=InnoDB AUTO_INCREMENT=4 DEFAULT CHARSET=utf8mb4 COLLATE=utf8mb4_0900_ai_ci COMMENT='Типы оплат';
/*!40101 SET character_set_client = @saved_cs_client */;

--
-- Dumping data for table `payment_type`
--

LOCK TABLES `payment_type` WRITE;
/*!40000 ALTER TABLE `payment_type` DISABLE KEYS */;
INSERT INTO `payment_type` VALUES (1,'Наличными','2021-03-18 11:50:58','2021-03-18 11:50:58'),(2,'Картой','2021-03-18 11:50:58','2021-03-18 11:50:58'),(3,'Google Pay','2021-03-18 11:50:58','2021-03-20 17:52:14');
/*!40000 ALTER TABLE `payment_type` ENABLE KEYS */;
UNLOCK TABLES;

--
-- Table structure for table `payments`
--

DROP TABLE IF EXISTS `payments`;
/*!40101 SET @saved_cs_client     = @@character_set_client */;
/*!50503 SET character_set_client = utf8mb4 */;
CREATE TABLE `payments` (
  `id` int unsigned NOT NULL AUTO_INCREMENT COMMENT 'Идентификатор строки',
  `subscription_id` int unsigned NOT NULL COMMENT 'Ссылка на подписку',
  `payment_type_id` int unsigned NOT NULL COMMENT 'Ссылка на тип оплаты',
  `payments` decimal(11,2) DEFAULT NULL COMMENT 'Сумма платежа',
  `checking_payment` tinyint(1) DEFAULT NULL COMMENT 'проверка оплаты',
  `created_at` datetime DEFAULT CURRENT_TIMESTAMP COMMENT 'Время создания строки',
  `updated_at` datetime DEFAULT CURRENT_TIMESTAMP ON UPDATE CURRENT_TIMESTAMP COMMENT 'Время обновления строки',
  PRIMARY KEY (`id`),
  KEY `payments_subscription_id_fk` (`subscription_id`),
  KEY `payments_payment_type_id_fk` (`payment_type_id`),
  CONSTRAINT `payments_payment_type_id_fk` FOREIGN KEY (`payment_type_id`) REFERENCES `payment_type` (`id`),
  CONSTRAINT `payments_subscription_id_fk` FOREIGN KEY (`subscription_id`) REFERENCES `subscriptions` (`id`)
) ENGINE=InnoDB AUTO_INCREMENT=101 DEFAULT CHARSET=utf8mb4 COLLATE=utf8mb4_0900_ai_ci COMMENT='оплата';
/*!40101 SET character_set_client = @saved_cs_client */;

--
-- Dumping data for table `payments`
--

LOCK TABLES `payments` WRITE;
/*!40000 ALTER TABLE `payments` DISABLE KEYS */;
INSERT INTO `payments` VALUES (1,1,1,35079.00,0,'2013-07-19 00:43:21','2016-04-15 17:37:00'),(2,2,2,46982.00,1,'2019-06-16 14:41:29','2021-03-18 18:43:16'),(3,3,3,45864.00,0,'2018-02-13 02:16:15','2020-01-08 09:13:19'),(4,4,1,28457.00,1,'2020-12-11 03:19:38','2020-12-28 23:50:03'),(5,5,2,45432.00,1,'2016-08-01 09:55:32','2021-03-18 18:43:16'),(6,6,3,30870.00,0,'2013-12-28 17:29:02','2019-06-01 02:00:47'),(7,7,1,37778.00,1,'2013-08-06 11:36:38','2021-03-18 18:43:16'),(8,8,2,18983.00,1,'2012-06-19 00:03:59','2013-05-03 03:31:33'),(9,9,3,43079.00,1,'2018-05-30 06:33:48','2021-03-18 18:43:16'),(10,10,1,25602.00,1,'2019-02-21 20:17:06','2021-03-18 18:43:16'),(11,11,2,30884.00,1,'2017-07-28 04:03:14','2019-10-23 11:38:40'),(12,12,3,27217.00,1,'2014-08-22 19:55:06','2021-03-18 18:43:16'),(13,13,1,24981.00,0,'2017-05-21 11:25:47','2021-03-18 18:43:16'),(14,14,2,26290.00,1,'2018-11-12 08:43:24','2021-03-18 18:43:16'),(15,15,3,47345.00,0,'2019-08-01 15:29:42','2020-08-22 12:38:56'),(16,16,1,14590.00,1,'2011-07-10 12:50:05','2020-05-21 12:20:41'),(17,17,2,13872.00,0,'2016-06-07 00:41:48','2021-03-18 18:43:16'),(18,18,3,14939.00,0,'2011-04-09 14:23:18','2021-03-02 07:41:18'),(19,19,1,26731.00,0,'2013-11-16 10:43:07','2018-02-21 12:32:32'),(20,20,2,24313.00,1,'2012-07-04 18:10:59','2019-10-31 17:03:06'),(21,21,3,15014.00,1,'2019-07-27 00:17:59','2021-03-18 18:43:16'),(22,22,1,32818.00,0,'2019-01-10 06:54:38','2021-03-18 18:43:16'),(23,23,2,5611.00,1,'2011-09-01 15:34:18','2012-11-09 11:06:28'),(24,24,3,37402.00,0,'2021-03-15 07:29:14','2021-03-18 18:43:16'),(25,25,1,14374.00,1,'2015-12-23 00:56:33','2021-03-18 18:43:16'),(26,26,2,27469.00,0,'2013-02-25 03:02:29','2020-08-11 12:35:01'),(27,27,3,21531.00,0,'2015-08-13 09:44:05','2021-03-18 18:43:16'),(28,28,1,14768.00,0,'2011-11-19 00:41:28','2017-10-31 15:27:58'),(29,29,2,16033.00,0,'2016-10-11 18:37:22','2021-03-18 18:43:16'),(30,30,3,15044.00,1,'2017-12-06 01:01:00','2020-09-05 22:09:21'),(31,31,1,22657.00,0,'2017-03-07 21:17:41','2021-03-18 18:43:16'),(32,32,2,12694.00,0,'2011-10-18 17:06:22','2019-11-09 04:26:20'),(33,33,3,9148.00,1,'2019-07-12 03:00:18','2021-03-18 18:43:16'),(34,34,1,31501.00,0,'2020-11-21 04:16:15','2021-03-18 18:43:16'),(35,35,2,17255.00,1,'2014-01-13 11:14:46','2021-03-18 18:43:16'),(36,36,3,35722.00,0,'2015-10-06 19:05:25','2021-03-18 18:43:16'),(37,37,1,30377.00,1,'2016-09-09 03:52:12','2021-03-18 18:43:16'),(38,38,2,42247.00,1,'2013-04-28 03:53:55','2020-08-29 07:06:27'),(39,39,3,26338.00,0,'2016-07-07 13:46:19','2021-03-18 18:43:16'),(40,40,1,38734.00,1,'2018-08-12 01:14:48','2019-08-30 21:22:37'),(41,41,2,18801.00,1,'2012-07-21 07:56:57','2015-08-18 13:41:39'),(42,42,3,23318.00,0,'2019-02-24 16:07:18','2021-03-18 18:43:16'),(43,43,1,45119.00,0,'2011-04-24 18:59:23','2015-09-21 18:13:24'),(44,44,2,25524.00,0,'2017-01-27 21:31:54','2019-09-20 00:13:33'),(45,45,3,10260.00,1,'2019-10-16 06:19:02','2021-03-18 18:43:16'),(46,46,1,5897.00,0,'2012-01-26 16:19:41','2016-01-19 03:45:18'),(47,47,2,33928.00,1,'2016-07-03 19:18:28','2021-03-18 18:43:16'),(48,48,3,43290.00,1,'2015-03-01 19:29:25','2016-06-25 22:32:33'),(49,49,1,19799.00,0,'2015-10-13 10:36:33','2021-03-18 18:43:16'),(50,50,2,18472.00,0,'2014-08-12 17:41:32','2021-03-18 18:43:16'),(51,51,3,15959.00,0,'2017-05-04 06:31:09','2021-02-18 11:56:09'),(52,52,1,45113.00,1,'2012-10-03 11:57:45','2014-12-15 13:33:40'),(53,53,2,7742.00,0,'2012-04-23 12:42:39','2020-07-22 18:36:45'),(54,54,3,26005.00,1,'2019-11-04 12:04:57','2021-03-18 18:43:16'),(55,55,1,18814.00,1,'2019-04-25 02:00:47','2021-03-18 18:43:16'),(56,56,2,26958.00,0,'2016-08-29 23:18:43','2021-03-18 18:43:16'),(57,57,3,19687.00,0,'2017-10-12 02:52:10','2021-03-18 18:43:16'),(58,58,1,12077.00,1,'2017-10-11 16:29:25','2020-08-14 18:14:54'),(59,59,2,46356.00,0,'2012-11-05 03:22:12','2015-08-19 23:13:47'),(60,60,3,43196.00,0,'2012-11-19 16:37:09','2016-06-09 04:27:59'),(61,61,1,16069.00,0,'2014-07-19 23:58:53','2016-09-25 06:35:01'),(62,62,2,11624.00,1,'2014-07-18 18:40:38','2017-01-22 00:55:10'),(63,63,3,38545.00,0,'2011-08-27 14:28:06','2020-06-13 15:53:29'),(64,64,1,16828.00,1,'2014-01-22 20:45:08','2016-04-09 12:26:54'),(65,65,2,7640.00,0,'2015-01-12 18:05:02','2015-05-07 19:36:38'),(66,66,3,47941.00,0,'2011-11-03 11:42:46','2014-09-26 07:48:58'),(67,67,1,11537.00,1,'2016-08-09 22:53:43','2021-03-18 18:43:16'),(68,68,2,39609.00,0,'2020-04-25 15:50:24','2021-03-18 18:43:16'),(69,69,3,35381.00,0,'2016-12-23 21:09:08','2019-03-12 14:25:49'),(70,70,1,11515.00,0,'2016-05-03 19:25:01','2021-03-18 18:43:16'),(71,71,2,12805.00,1,'2017-03-31 09:39:42','2021-03-18 18:43:16'),(72,72,3,15321.00,1,'2017-03-28 20:00:30','2021-03-12 21:31:41'),(73,73,1,7661.00,0,'2015-06-01 18:21:01','2016-04-23 16:21:31'),(74,74,2,23392.00,0,'2013-07-03 07:58:19','2021-01-13 21:37:35'),(75,75,3,32857.00,0,'2016-06-07 22:02:03','2016-09-07 10:27:47'),(76,76,1,9415.00,1,'2014-04-08 16:41:15','2014-06-07 00:49:53'),(77,77,2,37023.00,0,'2017-01-11 03:02:34','2021-03-18 18:43:16'),(78,78,3,17847.00,1,'2020-02-12 05:24:15','2021-03-18 18:43:16'),(79,79,1,23166.00,0,'2011-10-07 12:06:28','2016-01-02 09:17:31'),(80,80,2,29251.00,0,'2017-06-04 01:14:56','2021-03-18 18:43:16'),(81,81,3,21665.00,1,'2020-01-04 18:57:19','2021-03-18 18:43:16'),(82,82,1,28920.00,1,'2014-03-04 00:36:31','2021-03-18 18:43:16'),(83,83,2,24054.00,0,'2017-01-31 18:07:31','2020-09-19 15:35:15'),(84,84,3,36187.00,1,'2012-12-07 22:24:55','2013-11-17 22:32:04'),(85,85,1,43432.00,1,'2012-03-15 13:44:23','2015-08-25 19:53:22'),(86,86,2,44822.00,0,'2015-08-19 14:16:23','2016-01-20 05:18:02'),(87,87,3,8603.00,1,'2014-02-14 23:45:16','2019-12-07 22:51:21'),(88,88,1,32388.00,1,'2019-05-03 17:42:52','2021-03-18 18:43:16'),(89,89,2,42472.00,0,'2014-10-31 22:37:10','2021-03-18 18:43:16'),(90,90,3,5204.00,0,'2013-11-10 01:32:21','2018-02-22 08:31:43'),(91,91,1,37747.00,1,'2015-08-15 06:24:00','2021-03-18 18:43:16'),(92,92,2,39144.00,1,'2015-04-09 10:39:01','2016-07-02 14:30:31'),(93,93,3,14316.00,0,'2011-08-25 13:30:06','2014-11-28 10:21:48'),(94,94,1,15295.00,1,'2014-07-21 17:13:50','2018-10-02 03:23:22'),(95,95,2,31024.00,1,'2011-06-03 08:46:39','2020-01-13 19:16:44'),(96,96,3,32848.00,1,'2017-06-25 00:56:55','2021-03-18 18:43:16'),(97,97,1,42830.00,1,'2012-02-24 20:40:02','2018-11-09 16:09:46'),(98,98,2,5646.00,1,'2020-01-24 22:27:29','2020-11-09 01:00:15'),(99,99,3,44547.00,1,'2015-08-29 10:59:08','2021-03-18 18:43:16'),(100,100,1,40230.00,0,'2018-11-11 01:01:14','2021-03-18 18:43:16');
/*!40000 ALTER TABLE `payments` ENABLE KEYS */;
UNLOCK TABLES;

--
-- Table structure for table `preferences`
--

DROP TABLE IF EXISTS `preferences`;
/*!40101 SET @saved_cs_client     = @@character_set_client */;
/*!50503 SET character_set_client = utf8mb4 */;
CREATE TABLE `preferences` (
  `user_id` int unsigned NOT NULL COMMENT 'Ссылка на пользователя',
  `dish_id` int unsigned NOT NULL COMMENT 'Ссылка на блюда',
  `preference` enum('like','STOP-LIST') DEFAULT NULL COMMENT 'Оценка блюда',
  `created_at` datetime DEFAULT CURRENT_TIMESTAMP COMMENT 'Время создания строки',
  `updated_at` datetime DEFAULT CURRENT_TIMESTAMP ON UPDATE CURRENT_TIMESTAMP COMMENT 'Время обновления строки',
  PRIMARY KEY (`user_id`,`dish_id`) COMMENT 'Составной первичный ключ',
  KEY `preferences_dish_id_fk` (`dish_id`),
  CONSTRAINT `preferences_dish_id_fk` FOREIGN KEY (`dish_id`) REFERENCES `dishes` (`id`),
  CONSTRAINT `preferences_user_id_fk` FOREIGN KEY (`user_id`) REFERENCES `users` (`id`)
) ENGINE=InnoDB DEFAULT CHARSET=utf8mb4 COLLATE=utf8mb4_0900_ai_ci COMMENT='предпочтение';
/*!40101 SET character_set_client = @saved_cs_client */;

--
-- Dumping data for table `preferences`
--

LOCK TABLES `preferences` WRITE;
/*!40000 ALTER TABLE `preferences` DISABLE KEYS */;
INSERT INTO `preferences` VALUES (1,573,'like','2016-07-22 21:20:25','2019-01-02 03:42:22'),(2,632,'like','2014-05-12 06:27:04','2016-08-26 20:39:23'),(3,622,'like','2012-07-23 14:03:10','2021-03-18 18:44:52'),(4,611,'STOP-LIST','2019-09-24 20:14:10','2020-06-19 07:42:08'),(5,600,'STOP-LIST','2020-11-29 00:03:59','2021-03-18 18:44:52'),(6,583,'STOP-LIST','2014-03-09 06:37:26','2016-02-25 07:36:46'),(7,590,'like','2018-12-02 00:51:34','2020-09-02 21:48:09'),(8,591,'STOP-LIST','2017-05-06 12:33:41','2020-07-08 13:34:31'),(9,592,'STOP-LIST','2019-08-18 06:20:38','2021-03-18 18:44:52'),(10,600,'like','2018-07-12 05:55:29','2020-05-16 18:12:27'),(11,601,'like','2019-09-29 09:27:07','2021-03-18 18:44:52'),(12,602,'like','2014-01-28 01:07:30','2018-06-23 17:30:09'),(13,603,'like','2013-07-16 14:23:10','2019-04-30 07:27:06'),(14,604,'like','2015-09-02 00:05:58','2021-03-18 18:44:52'),(15,605,'like','2015-05-23 04:27:43','2021-03-18 18:44:52'),(16,606,'like','2020-09-06 00:49:23','2021-03-18 18:44:52'),(17,607,'like','2012-12-26 15:27:40','2018-12-01 08:33:53'),(18,588,'like','2018-03-23 20:04:26','2021-03-18 18:44:52'),(19,589,'like','2017-05-27 04:12:27','2021-03-18 18:44:52'),(20,580,'STOP-LIST','2011-07-03 10:06:40','2013-09-28 11:02:04'),(21,591,'STOP-LIST','2019-06-10 07:19:28','2021-01-20 13:00:13'),(22,592,'like','2017-12-14 12:40:54','2021-03-18 18:44:52'),(23,593,'STOP-LIST','2013-06-28 16:47:10','2016-05-24 14:35:49'),(24,594,'STOP-LIST','2018-10-05 14:05:57','2020-04-12 05:23:17'),(25,595,'like','2018-08-17 13:06:02','2021-03-18 18:44:52'),(26,596,'STOP-LIST','2011-06-19 18:50:44','2013-01-27 14:14:15'),(27,597,'STOP-LIST','2020-04-09 14:20:58','2021-03-18 18:44:52'),(28,598,'STOP-LIST','2011-09-09 21:20:32','2016-10-09 17:06:04'),(29,589,'STOP-LIST','2015-05-05 23:30:20','2016-11-03 21:48:12'),(30,580,'STOP-LIST','2012-01-24 06:50:12','2016-10-25 05:27:19'),(31,601,'like','2021-01-15 09:40:51','2021-03-18 18:44:52'),(32,602,'like','2016-06-28 20:55:47','2017-09-11 01:01:03'),(33,603,'STOP-LIST','2011-06-24 02:18:00','2014-01-04 09:09:44'),(34,604,'STOP-LIST','2013-08-04 16:02:53','2018-12-21 12:28:11'),(35,605,'STOP-LIST','2018-02-26 16:16:25','2020-12-01 00:32:45'),(36,606,'STOP-LIST','2012-02-13 04:43:52','2019-10-01 16:31:27'),(37,607,'like','2020-03-04 22:35:44','2021-03-18 18:44:52'),(38,618,'STOP-LIST','2020-01-30 02:31:51','2021-03-18 18:44:52'),(39,619,'STOP-LIST','2020-10-23 13:58:58','2021-03-18 18:44:52'),(40,610,'like','2013-09-20 12:13:41','2021-03-18 18:44:52'),(41,611,'STOP-LIST','2017-12-17 19:16:28','2020-11-01 22:07:19'),(42,612,'like','2020-08-14 21:26:41','2021-03-18 18:44:52'),(43,613,'STOP-LIST','2015-02-05 03:01:23','2021-03-18 18:44:52'),(44,614,'STOP-LIST','2016-04-05 22:30:09','2018-12-15 01:08:15'),(45,615,'STOP-LIST','2020-06-06 13:55:37','2021-03-18 18:44:52'),(46,616,'like','2011-10-22 17:18:21','2017-11-01 00:44:56'),(47,617,'like','2020-08-31 18:40:31','2021-03-18 18:44:52'),(48,618,'like','2017-09-16 09:41:18','2021-03-18 18:44:52'),(49,619,'like','2017-07-08 11:20:27','2020-06-26 14:36:01'),(50,610,'like','2015-12-20 09:36:56','2020-12-07 09:46:15');
/*!40000 ALTER TABLE `preferences` ENABLE KEYS */;
UNLOCK TABLES;

--
-- Table structure for table `profiles`
--

DROP TABLE IF EXISTS `profiles`;
/*!40101 SET @saved_cs_client     = @@character_set_client */;
/*!50503 SET character_set_client = utf8mb4 */;
CREATE TABLE `profiles` (
  `user_id` int unsigned NOT NULL COMMENT 'Ссылка на пользователя',
  `gender` enum('М','Ж') DEFAULT NULL COMMENT 'Пол',
  `birthday` date DEFAULT NULL COMMENT 'Дата рождения',
  `height` decimal(5,2) DEFAULT NULL COMMENT 'Рост',
  `weight` decimal(5,2) DEFAULT NULL COMMENT 'Вес',
  `activity` enum('не занимаюсь спортом','тренировки 1-2 раза в неделю','тренировки 3-4 раза в неделю','тренировки 4-5 раз в неделю','тренировки каждый день') DEFAULT NULL COMMENT 'Активность',
  `subscription_id` int unsigned DEFAULT NULL COMMENT 'Подписка',
  `created_at` datetime DEFAULT CURRENT_TIMESTAMP COMMENT 'Время создания строки',
  `updated_at` datetime DEFAULT CURRENT_TIMESTAMP ON UPDATE CURRENT_TIMESTAMP COMMENT 'Время обновления строки',
  PRIMARY KEY (`user_id`),
  KEY `profiles_subscription_id_fk` (`subscription_id`),
  KEY `profiles_birthday_idx` (`birthday`),
  CONSTRAINT `profiles_subscription_id_fk` FOREIGN KEY (`subscription_id`) REFERENCES `subscriptions` (`id`),
  CONSTRAINT `profiles_user_id_fk` FOREIGN KEY (`user_id`) REFERENCES `users` (`id`)
) ENGINE=InnoDB DEFAULT CHARSET=utf8mb4 COLLATE=utf8mb4_0900_ai_ci COMMENT='Профили';
/*!40101 SET character_set_client = @saved_cs_client */;

--
-- Dumping data for table `profiles`
--

LOCK TABLES `profiles` WRITE;
/*!40000 ALTER TABLE `profiles` DISABLE KEYS */;
INSERT INTO `profiles` VALUES (1,'М','1946-11-06',190.50,76.40,'не занимаюсь спортом',60,'2019-07-04 19:33:49','2019-09-01 20:43:45'),(2,'Ж','1959-08-11',181.12,111.75,'тренировки 1-2 раза в неделю',21,'2014-01-24 08:46:57','2021-03-18 18:39:29'),(3,'Ж','1952-02-02',154.62,119.35,'не занимаюсь спортом',11,'2011-06-26 14:10:46','2015-11-18 19:16:37'),(4,'М','1941-09-15',190.63,137.54,'тренировки 3-4 раза в неделю',59,'2016-07-13 22:44:43','2021-03-18 18:39:29'),(5,'Ж','1976-10-18',164.47,76.89,'тренировки 4-5 раз в неделю',34,'2015-02-03 15:36:11','2020-03-07 22:55:39'),(6,'М','1949-07-10',174.52,114.33,'тренировки 1-2 раза в неделю',52,'2017-10-07 08:01:26','2021-03-18 18:39:29'),(7,'М','1985-03-08',173.71,85.36,'тренировки 1-2 раза в неделю',88,'2018-08-10 00:14:59','2021-03-18 18:39:29'),(8,'Ж','2005-08-26',192.49,103.60,'тренировки каждый день',22,'2018-10-04 20:05:54','2018-10-16 02:46:36'),(9,'Ж','1925-03-02',189.80,67.43,'не занимаюсь спортом',55,'2014-08-02 19:21:13','2020-04-30 07:07:27'),(10,'М','1930-05-26',196.73,96.78,'тренировки каждый день',76,'2019-05-30 16:33:34','2021-03-18 18:39:29'),(11,'М','1947-02-16',177.50,105.78,'тренировки 3-4 раза в неделю',82,'2019-05-05 00:09:39','2021-03-18 18:39:29'),(12,'Ж','1929-05-11',194.95,64.90,'тренировки каждый день',17,'2019-01-31 04:27:47','2021-03-18 18:39:29'),(13,'Ж','1983-01-24',162.68,131.57,'тренировки каждый день',74,'2017-08-19 22:02:07','2021-03-18 18:39:29'),(14,'Ж','2000-11-27',170.00,58.20,'тренировки 4-5 раз в неделю',78,'2018-11-29 06:50:01','2021-03-18 18:39:29'),(15,'М','1995-09-30',155.43,142.64,'не занимаюсь спортом',6,'2014-01-19 15:59:49','2021-03-18 18:39:29'),(16,'Ж','1999-04-04',166.01,68.70,'тренировки каждый день',26,'2016-06-20 20:38:54','2019-11-20 07:12:20'),(17,'Ж','2003-10-05',179.05,74.90,'тренировки 1-2 раза в неделю',33,'2016-04-29 02:06:10','2016-12-07 23:41:53'),(18,'М','1960-06-22',197.77,136.06,'тренировки каждый день',87,'2015-08-08 13:36:11','2021-03-18 18:39:29'),(19,'М','1972-04-02',195.00,105.00,'тренировки каждый день',92,'2012-02-19 08:56:04','2015-11-04 23:58:05'),(20,'М','1960-09-12',169.79,117.86,'тренировки 3-4 раза в неделю',19,'2019-07-14 06:15:39','2021-03-18 18:39:29'),(21,'Ж','1939-08-15',184.12,68.64,'тренировки 3-4 раза в неделю',29,'2012-05-28 02:57:00','2014-05-26 18:25:10'),(22,'М','2012-03-23',181.23,126.00,'тренировки 1-2 раза в неделю',80,'2014-04-26 18:42:42','2018-03-05 09:11:03'),(23,'М','2008-07-06',179.89,69.45,'тренировки 1-2 раза в неделю',96,'2020-07-04 20:28:27','2021-03-18 18:39:29'),(24,'Ж','1942-03-11',173.39,109.62,'тренировки 4-5 раз в неделю',53,'2011-10-30 06:42:55','2012-12-13 09:55:41'),(25,'Ж','1967-11-11',164.67,46.98,'тренировки каждый день',99,'2013-04-05 13:29:05','2015-03-26 10:08:39'),(26,'М','1972-09-11',166.02,65.98,'тренировки 3-4 раза в неделю',9,'2017-01-01 12:06:20','2021-03-18 18:39:29'),(27,'Ж','2009-01-09',191.27,134.00,'тренировки 4-5 раз в неделю',12,'2017-08-13 17:17:28','2021-03-18 18:39:29'),(28,'Ж','1942-07-30',160.87,148.00,'тренировки 4-5 раз в неделю',91,'2015-03-07 00:26:39','2021-01-12 19:53:26'),(29,'Ж','2014-01-27',177.00,106.89,'тренировки 1-2 раза в неделю',27,'2013-04-13 00:53:17','2021-03-18 18:39:29'),(30,'Ж','1980-06-24',173.65,89.30,'тренировки 1-2 раза в неделю',41,'2013-05-11 18:00:52','2020-06-25 17:50:51'),(31,'Ж','2017-07-26',156.70,148.18,'тренировки каждый день',1,'2014-04-28 17:29:13','2021-03-18 18:39:29'),(32,'Ж','1972-05-07',197.60,102.27,'тренировки каждый день',30,'2016-03-16 08:41:42','2021-03-18 18:39:29'),(33,'М','2014-08-24',183.30,62.26,'тренировки 1-2 раза в неделю',47,'2016-09-01 12:32:35','2021-03-18 18:39:29'),(34,'М','1980-11-04',192.84,96.79,'тренировки 1-2 раза в неделю',31,'2012-08-05 23:04:10','2016-11-17 00:47:00'),(35,'М','1996-11-06',178.87,58.02,'тренировки 4-5 раз в неделю',72,'2016-02-23 18:30:38','2021-03-18 18:39:29'),(36,'М','1924-10-17',171.96,96.99,'не занимаюсь спортом',98,'2015-07-16 02:40:27','2021-03-18 18:39:29'),(37,'М','1972-07-18',158.00,93.58,'тренировки 4-5 раз в неделю',51,'2019-06-03 05:00:50','2021-01-29 17:14:36'),(38,'М','1945-07-18',155.00,75.62,'не занимаюсь спортом',16,'2018-07-30 15:44:03','2021-03-18 18:39:29'),(39,'Ж','2011-03-23',165.48,47.86,'тренировки каждый день',84,'2011-06-26 15:43:46','2012-06-19 02:59:10'),(40,'Ж','1984-07-27',181.43,128.96,'тренировки каждый день',45,'2020-09-10 21:00:40','2021-03-18 18:39:29'),(41,'Ж','2014-06-16',189.05,90.82,'тренировки 1-2 раза в неделю',44,'2020-04-23 20:40:25','2021-03-18 18:39:29'),(42,'Ж','1946-08-24',153.03,112.67,'тренировки 3-4 раза в неделю',79,'2018-10-25 10:40:46','2021-03-18 18:39:29'),(43,'Ж','1954-03-02',174.20,149.76,'тренировки 1-2 раза в неделю',66,'2018-09-05 15:58:35','2021-03-18 18:39:29'),(44,'Ж','1936-02-09',164.00,128.55,'тренировки 3-4 раза в неделю',25,'2015-03-30 18:31:26','2021-03-18 18:39:29'),(45,'М','1983-05-02',150.67,57.56,'тренировки 1-2 раза в неделю',42,'2015-05-24 09:37:42','2015-12-07 02:09:41'),(46,'Ж','1968-08-31',193.96,143.19,'тренировки 1-2 раза в неделю',69,'2017-06-20 01:55:50','2020-09-11 01:14:27'),(47,'М','1985-08-01',190.27,76.70,'тренировки каждый день',14,'2012-10-13 13:59:02','2019-11-22 23:41:21'),(48,'Ж','1945-10-30',182.00,115.80,'тренировки 1-2 раза в неделю',65,'2019-05-01 23:29:11','2021-03-18 18:39:29'),(49,'М','1921-06-20',199.85,119.00,'тренировки 1-2 раза в неделю',58,'2012-10-16 11:28:57','2014-11-10 06:58:49'),(50,'М','2002-12-31',168.80,143.01,'не занимаюсь спортом',35,'2018-07-24 07:48:45','2021-03-18 18:39:29'),(51,'Ж','1935-08-04',158.00,65.83,'не занимаюсь спортом',2,'2013-03-28 10:22:45','2019-06-13 10:18:50'),(52,'Ж','1938-08-03',192.10,84.50,'не занимаюсь спортом',93,'2016-12-07 09:41:01','2018-07-27 07:44:27'),(53,'М','1947-06-05',175.40,137.93,'тренировки 1-2 раза в неделю',48,'2013-08-11 11:08:45','2021-03-18 18:39:29'),(54,'М','1987-01-28',183.53,106.35,'тренировки 4-5 раз в неделю',10,'2017-10-22 10:44:46','2021-03-18 18:39:29'),(55,'М','2000-11-15',175.52,81.23,'тренировки каждый день',38,'2021-01-29 05:19:23','2021-03-18 18:39:29'),(56,'М','1978-11-28',167.83,129.07,'тренировки 4-5 раз в неделю',83,'2012-07-19 13:08:45','2013-08-04 21:52:36'),(57,'М','1984-03-01',182.05,135.00,'тренировки 4-5 раз в неделю',40,'2019-10-22 15:06:09','2021-03-18 18:39:29'),(58,'Ж','1922-10-19',163.06,103.19,'тренировки 1-2 раза в неделю',94,'2015-02-27 22:15:27','2019-10-21 15:46:14'),(59,'М','1958-06-21',158.12,93.14,'тренировки 3-4 раза в неделю',62,'2012-06-25 14:10:20','2021-03-18 18:39:29'),(60,'М','1978-05-02',198.00,125.50,'тренировки 1-2 раза в неделю',43,'2016-11-22 23:22:30','2017-08-10 13:25:13'),(61,'Ж','1992-01-23',161.00,77.43,'тренировки каждый день',73,'2020-09-26 00:15:40','2021-03-18 18:39:29'),(62,'Ж','1946-03-05',158.98,52.37,'не занимаюсь спортом',23,'2014-06-27 10:58:33','2014-09-26 13:50:18'),(63,'Ж','1966-01-25',180.51,133.18,'тренировки 3-4 раза в неделю',5,'2018-06-11 12:35:41','2021-03-18 18:39:29'),(64,'М','1993-06-05',177.84,87.22,'тренировки 3-4 раза в неделю',7,'2015-06-25 18:09:23','2021-03-18 18:39:29'),(65,'М','2006-06-06',171.75,68.39,'тренировки каждый день',89,'2011-10-02 19:51:35','2012-08-03 09:41:08'),(66,'Ж','1948-07-25',159.79,87.69,'не занимаюсь спортом',8,'2016-09-11 06:52:02','2021-03-18 18:39:29'),(67,'М','1962-10-07',174.44,130.55,'тренировки 3-4 раза в неделю',81,'2012-11-15 02:45:02','2015-10-08 20:39:20'),(68,'М','2016-02-02',152.84,78.72,'тренировки каждый день',39,'2020-10-08 08:32:55','2021-03-18 18:39:29'),(69,'М','1978-04-10',196.00,84.73,'тренировки 3-4 раза в неделю',57,'2011-09-15 08:57:10','2012-04-22 03:02:54'),(70,'М','1980-07-11',168.01,145.95,'тренировки каждый день',46,'2011-04-28 08:10:49','2016-03-27 15:08:45'),(71,'Ж','2007-10-07',198.44,87.67,'тренировки 3-4 раза в неделю',4,'2014-08-23 13:46:12','2015-05-20 08:16:55'),(72,'М','2008-08-03',159.26,83.81,'тренировки каждый день',28,'2014-05-01 01:05:41','2019-12-30 06:22:49'),(73,'Ж','1937-05-14',153.18,65.92,'тренировки 4-5 раз в неделю',32,'2016-12-13 04:00:42','2021-03-18 18:39:29'),(74,'Ж','1998-04-26',160.36,51.52,'тренировки каждый день',70,'2012-02-24 15:28:00','2021-03-18 18:39:29'),(75,'М','1972-07-29',167.56,147.40,'тренировки 3-4 раза в неделю',37,'2015-09-13 14:12:45','2017-10-07 15:48:20'),(76,'Ж','2018-10-11',166.00,71.70,'тренировки 1-2 раза в неделю',86,'2020-09-16 02:32:29','2021-03-18 18:39:29'),(77,'М','1998-11-27',182.81,84.80,'тренировки 3-4 раза в неделю',3,'2018-06-24 19:26:22','2018-10-02 08:10:33'),(78,'Ж','1925-04-01',194.28,149.59,'тренировки каждый день',67,'2015-06-15 02:01:33','2021-03-18 18:39:29'),(79,'М','1944-05-28',191.23,79.14,'тренировки 1-2 раза в неделю',61,'2017-12-23 22:51:10','2021-03-18 18:39:29'),(80,'М','1938-09-07',198.28,141.47,'тренировки 4-5 раз в неделю',85,'2015-11-15 12:49:15','2015-11-18 20:44:09'),(81,'Ж','2002-10-01',174.00,45.03,'тренировки 1-2 раза в неделю',75,'2015-04-27 10:31:47','2021-03-12 02:57:03'),(82,'М','2009-09-21',161.76,99.00,'не занимаюсь спортом',36,'2018-12-29 11:40:40','2021-03-18 18:39:29'),(83,'М','1951-03-26',163.97,75.16,'тренировки 4-5 раз в неделю',63,'2016-07-26 23:34:13','2019-10-26 04:09:34'),(84,'М','1961-01-10',190.68,119.97,'тренировки 3-4 раза в неделю',56,'2017-06-30 17:52:01','2021-03-18 18:39:29'),(85,'Ж','1943-06-26',193.43,73.54,'тренировки 1-2 раза в неделю',97,'2012-12-01 05:51:18','2013-06-25 18:08:38'),(86,'М','1956-10-25',182.47,68.30,'тренировки 3-4 раза в неделю',77,'2020-04-25 01:23:29','2021-03-18 18:39:29'),(87,'М','1947-07-24',195.00,131.54,'тренировки 3-4 раза в неделю',100,'2013-07-25 17:21:11','2018-02-24 12:46:28'),(88,'М','1995-07-12',159.70,130.83,'тренировки 1-2 раза в неделю',54,'2021-01-01 18:33:20','2021-03-18 18:39:29'),(89,'М','1994-04-18',172.51,127.12,'тренировки 3-4 раза в неделю',50,'2017-10-19 12:46:16','2021-03-18 18:39:29'),(90,'М','1980-12-16',157.73,107.50,'тренировки 1-2 раза в неделю',15,'2020-04-01 22:51:04','2021-03-18 18:39:29'),(91,'М','1976-05-31',172.04,93.11,'не занимаюсь спортом',13,'2019-11-23 15:20:51','2021-03-18 18:39:29'),(92,'Ж','1955-11-07',192.10,132.30,'не занимаюсь спортом',68,'2018-04-12 12:39:53','2018-07-21 13:15:49'),(93,'Ж','1959-12-12',159.00,111.45,'не занимаюсь спортом',24,'2016-08-16 21:50:42','2017-02-19 04:23:01'),(94,'М','1978-01-27',172.98,135.88,'тренировки каждый день',18,'2013-06-12 14:50:18','2017-08-11 00:10:55'),(95,'М','1940-08-18',182.88,61.12,'не занимаюсь спортом',90,'2018-03-17 23:46:19','2021-03-18 18:39:29'),(96,'Ж','1960-06-16',163.98,90.93,'тренировки 4-5 раз в неделю',95,'2013-02-07 13:11:46','2019-03-03 10:41:18'),(97,'М','1993-11-06',162.00,124.00,'не занимаюсь спортом',71,'2019-08-03 07:18:13','2021-03-18 18:39:29'),(98,'М','1937-03-08',165.81,146.98,'тренировки каждый день',49,'2018-02-19 21:36:55','2021-01-23 15:56:34'),(99,'Ж','1969-05-31',176.43,130.43,'тренировки каждый день',20,'2021-03-15 11:26:24','2021-03-18 18:39:29'),(100,'Ж','1963-07-26',196.48,140.63,'тренировки каждый день',64,'2015-08-25 12:36:57','2016-05-12 19:50:44');
/*!40000 ALTER TABLE `profiles` ENABLE KEYS */;
UNLOCK TABLES;

--
-- Table structure for table `programs`
--

DROP TABLE IF EXISTS `programs`;
/*!40101 SET @saved_cs_client     = @@character_set_client */;
/*!50503 SET character_set_client = utf8mb4 */;
CREATE TABLE `programs` (
  `id` int unsigned NOT NULL AUTO_INCREMENT COMMENT 'Идентификатор строки',
  `name` varchar(50) NOT NULL COMMENT 'Название программы',
  `description` varchar(200) DEFAULT NULL COMMENT 'Описание',
  `energy` smallint unsigned DEFAULT NULL COMMENT 'Ккал',
  `number_of_meals` tinyint unsigned DEFAULT NULL COMMENT 'количество приемов пищи',
  `price_min` decimal(11,2) unsigned DEFAULT NULL COMMENT 'цена от, за день',
  `created_at` datetime DEFAULT CURRENT_TIMESTAMP COMMENT 'Время создания строки',
  `updated_at` datetime DEFAULT CURRENT_TIMESTAMP ON UPDATE CURRENT_TIMESTAMP COMMENT 'Время обновления строки',
  PRIMARY KEY (`id`)
) ENGINE=InnoDB AUTO_INCREMENT=9 DEFAULT CHARSET=utf8mb4 COLLATE=utf8mb4_0900_ai_ci COMMENT='Программ';
/*!40101 SET character_set_client = @saved_cs_client */;

--
-- Dumping data for table `programs`
--

LOCK TABLES `programs` WRITE;
/*!40000 ALTER TABLE `programs` DISABLE KEYS */;
INSERT INTO `programs` VALUES (1,'EXPRESS FIT','Линейка Express Fit — это сбалансированная ускоренная программа питания, которая направлена на тех, кто хочет похудеть, а также поддерживать достигнутый результат',800,3,761.00,'2021-03-18 14:33:09','2021-03-18 14:33:09'),(2,'SuperFIt','Super Fit - это низкокалорийная линейка питания, которая позволит в минимальные сроки достичь максимальных результатов',1000,4,778.00,'2021-03-18 14:33:09','2021-03-18 14:33:09'),(3,'FIT','Линейка Fit — это сбалансированная программа питания, которая направлена на тех, кто хочет похудеть, а также поддерживать достигнутый результат',1200,5,850.00,'2021-03-18 14:33:09','2021-03-18 14:33:09'),(4,'mFit','Линейка MFit — это программа питания, подходящая для комфортного похудения мужчинам, а также в качестве ежедневного рациона поддержания формы женщинам, ведущим активный образ жизни',1600,5,842.00,'2021-03-18 14:33:09','2021-03-18 14:33:09'),(5,'DAILY','Линейка Daily — это полноценное 4-х разовое питание, которое идеально подойдет тем, кто хочет питаться вкусно и полезно каждый день',1400,4,731.00,'2021-03-18 14:33:09','2021-03-18 14:33:09'),(6,'BRAKFAST','Линейка Breakfast — это завтраки, которые идеально подойдут тем, кто хочет завтракать вкусно и полезно каждый день',600,2,352.00,'2021-03-18 14:33:09','2021-03-18 14:33:09'),(7,'BALANCE','Линейка Balance рассчитана на людей, занимающихся спортом. Оптимальное соотношение жиров, белков и углеводов способствует поддержанию спортивной формы',1800,5,910.00,'2021-03-18 14:33:09','2021-03-18 14:33:09'),(8,'POWER','Линейка Power предназначена для профессиональных спортсменов, основной целью которых является набор мышечной массы',2500,6,978.00,'2021-03-18 14:33:09','2021-03-18 14:33:09');
/*!40000 ALTER TABLE `programs` ENABLE KEYS */;
UNLOCK TABLES;

--
-- Table structure for table `subscription_type`
--

DROP TABLE IF EXISTS `subscription_type`;
/*!40101 SET @saved_cs_client     = @@character_set_client */;
/*!50503 SET character_set_client = utf8mb4 */;
CREATE TABLE `subscription_type` (
  `id` int unsigned NOT NULL AUTO_INCREMENT COMMENT 'Идентификатор строки',
  `name` varchar(50) NOT NULL COMMENT 'Тип подписки',
  `number_of_day` smallint unsigned DEFAULT NULL COMMENT 'количество дней в подписке',
  `discount` smallint unsigned DEFAULT NULL,
  `freezing` tinyint(1) DEFAULT NULL COMMENT 'проверка есть ли заморозка',
  `created_at` datetime DEFAULT CURRENT_TIMESTAMP COMMENT 'Время создания строки',
  `updated_at` datetime DEFAULT CURRENT_TIMESTAMP ON UPDATE CURRENT_TIMESTAMP COMMENT 'Время обновления строки',
  PRIMARY KEY (`id`)
) ENGINE=InnoDB AUTO_INCREMENT=6 DEFAULT CHARSET=utf8mb4 COLLATE=utf8mb4_0900_ai_ci COMMENT='Типы подписки';
/*!40101 SET character_set_client = @saved_cs_client */;

--
-- Dumping data for table `subscription_type`
--

LOCK TABLES `subscription_type` WRITE;
/*!40000 ALTER TABLE `subscription_type` DISABLE KEYS */;
INSERT INTO `subscription_type` VALUES (1,'2 дня',2,0,0,'2021-03-18 14:41:40','2021-03-20 23:52:12'),(2,'6 дней',6,0,0,'2021-03-18 14:41:40','2021-03-20 23:52:10'),(3,'12 дней',12,5,0,'2021-03-18 14:41:40','2021-03-20 23:52:04'),(4,'30 дней',30,12,1,'2021-03-18 14:41:40','2021-03-20 23:51:56'),(5,'60 дней',60,15,1,'2021-03-18 14:41:40','2021-03-20 23:51:49');
/*!40000 ALTER TABLE `subscription_type` ENABLE KEYS */;
UNLOCK TABLES;

--
-- Table structure for table `subscriptions`
--

DROP TABLE IF EXISTS `subscriptions`;
/*!40101 SET @saved_cs_client     = @@character_set_client */;
/*!50503 SET character_set_client = utf8mb4 */;
CREATE TABLE `subscriptions` (
  `id` int unsigned NOT NULL AUTO_INCREMENT COMMENT 'Идентификатор строки',
  `user_id` int unsigned NOT NULL COMMENT 'Ссылка на пользователя',
  `subscription_type_id` int unsigned NOT NULL COMMENT 'Ссылка на тип подписки',
  `program_id` int unsigned NOT NULL COMMENT 'Название программы',
  `price` decimal(11,2) unsigned DEFAULT NULL COMMENT 'Цена',
  `subscription_end_date` date NOT NULL COMMENT 'Время окончания подписки',
  `created_at` datetime DEFAULT CURRENT_TIMESTAMP COMMENT 'Время создания строки',
  `updated_at` datetime DEFAULT CURRENT_TIMESTAMP ON UPDATE CURRENT_TIMESTAMP COMMENT 'Время обновления строки',
  PRIMARY KEY (`id`),
  KEY `subscriptions_user_id_fk` (`user_id`),
  KEY `subscriptions_subscription_type_id_fk` (`subscription_type_id`),
  KEY `subscriptions_program_id_fk` (`program_id`),
  KEY `subscriptions_subscription_end_date_idx` (`subscription_end_date`),
  CONSTRAINT `subscriptions_program_id_fk` FOREIGN KEY (`program_id`) REFERENCES `programs` (`id`),
  CONSTRAINT `subscriptions_subscription_type_id_fk` FOREIGN KEY (`subscription_type_id`) REFERENCES `subscription_type` (`id`),
  CONSTRAINT `subscriptions_user_id_fk` FOREIGN KEY (`user_id`) REFERENCES `users` (`id`)
) ENGINE=InnoDB AUTO_INCREMENT=101 DEFAULT CHARSET=utf8mb4 COLLATE=utf8mb4_0900_ai_ci COMMENT='Подписки';
/*!40101 SET character_set_client = @saved_cs_client */;

--
-- Dumping data for table `subscriptions`
--

LOCK TABLES `subscriptions` WRITE;
/*!40000 ALTER TABLE `subscriptions` DISABLE KEYS */;
INSERT INTO `subscriptions` VALUES (1,1,1,1,32493.00,'2021-04-01','2017-07-16 15:23:21','2021-03-19 11:51:11'),(2,2,2,2,7905.00,'2021-04-01','2014-06-24 13:39:22','2021-03-19 11:51:11'),(3,3,3,3,17530.00,'2021-03-14','2020-10-29 17:35:11','2021-03-18 18:42:10'),(4,4,4,4,45610.00,'2021-03-01','2016-07-04 10:00:50','2020-03-24 22:36:47'),(5,5,5,5,22647.00,'2021-04-01','2018-03-30 01:24:39','2021-03-19 11:51:11'),(6,6,1,6,6168.00,'2021-04-01','2015-07-23 23:31:08','2021-03-19 11:51:11'),(7,7,2,7,14835.00,'2021-03-13','2011-06-19 00:08:52','2012-05-10 03:30:47'),(8,8,3,8,41850.00,'2021-03-08','2013-09-13 05:44:18','2021-01-19 05:44:13'),(9,9,4,1,21329.00,'2021-03-13','2017-05-26 09:08:45','2021-03-18 18:42:10'),(10,10,5,2,26000.00,'2021-04-01','2019-06-04 21:37:46','2021-03-19 11:51:11'),(11,11,1,3,25309.00,'2021-03-10','2015-01-07 16:42:45','2015-01-26 18:18:07'),(12,12,2,4,31169.00,'2021-03-16','2017-02-10 19:48:51','2021-03-18 18:42:10'),(13,13,3,5,15620.00,'2021-03-07','2017-12-05 02:59:28','2021-03-18 18:42:10'),(14,14,4,6,11035.00,'2021-03-01','2012-08-29 05:38:05','2015-08-15 12:43:20'),(15,15,5,7,44137.00,'2021-04-01','2021-02-05 15:50:14','2021-03-19 11:51:11'),(16,16,1,8,41016.00,'2021-03-16','2015-03-14 01:16:31','2021-03-18 18:42:10'),(17,17,2,1,39169.00,'2021-03-09','2017-02-27 12:47:53','2021-03-18 18:42:10'),(18,18,3,2,30493.00,'2021-03-07','2012-09-16 06:35:47','2021-03-18 18:42:10'),(19,19,4,3,34870.00,'2021-03-09','2018-10-28 05:02:17','2021-03-18 18:42:10'),(20,20,5,4,28210.00,'2021-04-01','2013-12-11 21:51:04','2021-03-19 11:51:11'),(21,21,1,5,16948.00,'2021-03-17','2019-01-05 05:43:47','2019-11-04 00:00:11'),(22,22,2,6,43607.00,'2021-03-09','2013-06-23 04:44:18','2019-04-10 05:09:25'),(23,23,3,7,24747.00,'2021-03-09','2016-07-01 20:00:25','2021-03-18 18:42:10'),(24,24,4,8,16076.00,'2021-04-01','2011-08-17 09:00:33','2021-03-19 11:51:11'),(25,25,5,1,20834.00,'2021-03-16','2014-04-22 04:49:04','2020-05-29 16:00:11'),(26,26,1,2,39317.00,'2021-04-01','2016-10-23 17:54:43','2021-03-19 11:51:11'),(27,27,2,3,27933.00,'2021-04-01','2012-11-14 05:57:35','2021-03-19 11:51:11'),(28,28,3,4,45798.00,'2021-04-01','2012-06-23 22:01:05','2021-03-19 11:51:11'),(29,29,4,5,33613.00,'2021-03-13','2013-05-13 15:23:26','2014-08-21 09:55:23'),(30,30,5,6,12666.00,'2021-03-01','2013-03-31 17:27:40','2018-07-06 12:36:27'),(31,31,1,7,14322.00,'2021-03-07','2014-09-17 11:00:16','2020-09-04 07:08:15'),(32,32,2,8,12432.00,'2021-03-17','2012-07-17 11:52:18','2016-04-24 03:38:18'),(33,33,3,1,36088.00,'2021-03-03','2017-05-30 21:26:24','2021-03-18 18:42:10'),(34,34,4,2,23191.00,'2021-03-06','2016-10-31 12:20:01','2021-03-18 18:42:10'),(35,35,5,3,17495.00,'2021-03-01','2019-09-09 23:35:43','2021-03-18 18:42:10'),(36,36,1,4,43534.00,'2021-03-08','2019-04-24 19:15:37','2020-04-10 23:13:45'),(37,37,2,5,21580.00,'2021-03-11','2013-01-21 17:40:59','2020-02-03 11:10:42'),(38,38,3,6,19657.00,'2021-03-11','2020-07-05 09:29:58','2021-03-18 18:42:10'),(39,39,4,7,30330.00,'2021-04-01','2019-05-08 10:00:02','2021-03-19 11:51:11'),(40,40,5,8,38314.00,'2021-03-01','2020-07-31 20:37:45','2021-03-18 18:42:10'),(41,41,1,1,47400.00,'2021-04-01','2012-10-07 18:15:42','2021-03-19 11:51:11'),(42,42,2,2,44095.00,'2021-03-10','2016-03-12 07:11:44','2018-02-02 13:44:35'),(43,43,3,3,44903.00,'2021-04-01','2014-05-06 16:39:00','2021-03-19 11:51:11'),(44,44,4,4,44337.00,'2021-04-01','2013-12-25 05:41:53','2021-03-19 11:51:11'),(45,45,5,5,5865.00,'2021-03-01','2017-09-01 13:57:53','2021-03-18 18:42:10'),(46,46,1,6,34109.00,'2021-04-01','2014-01-28 09:00:15','2021-03-19 11:51:11'),(47,47,2,7,41008.00,'2021-03-07','2020-07-12 08:34:07','2021-03-18 18:42:10'),(48,48,3,8,31891.00,'2021-04-01','2015-10-14 23:05:17','2021-03-19 11:51:11'),(49,49,4,1,30405.00,'2021-04-01','2015-03-25 22:57:28','2021-03-19 11:51:11'),(50,50,5,2,19170.00,'2021-03-13','2013-02-23 07:06:10','2020-06-14 06:41:04'),(51,51,1,3,9284.00,'2021-03-04','2011-09-11 22:01:44','2015-07-05 03:34:32'),(52,52,2,4,22794.00,'2021-03-13','2015-02-25 16:41:27','2021-03-18 18:42:10'),(53,53,3,5,21919.00,'2021-04-01','2013-07-27 08:53:22','2021-03-19 11:51:11'),(54,54,4,6,44529.00,'2021-03-07','2015-08-24 14:58:37','2021-02-25 03:48:09'),(55,55,5,7,14401.00,'2021-03-04','2017-08-06 08:02:58','2019-09-12 02:53:10'),(56,56,1,8,14500.00,'2021-03-17','2019-01-21 23:22:58','2021-01-28 04:19:31'),(57,57,2,1,37787.00,'2021-04-01','2012-05-19 07:31:16','2021-03-19 11:51:11'),(58,58,3,2,38618.00,'2021-03-07','2020-08-23 10:06:20','2021-03-18 18:42:10'),(59,59,4,3,37682.00,'2021-03-17','2017-04-27 16:33:33','2021-03-18 18:42:10'),(60,60,5,4,10386.00,'2021-03-13','2019-10-13 07:59:46','2020-07-23 11:10:59'),(61,61,1,5,16276.00,'2021-03-07','2013-05-25 13:38:45','2019-08-23 00:21:10'),(62,62,2,6,7884.00,'2021-03-10','2019-12-31 12:25:13','2021-03-18 18:42:10'),(63,63,3,7,22709.00,'2021-03-08','2014-02-04 22:11:06','2021-03-18 18:42:10'),(64,64,4,8,33073.00,'2021-03-03','2016-09-02 09:10:39','2021-03-18 18:42:10'),(65,65,5,1,31394.00,'2021-03-13','2012-06-11 01:52:02','2021-03-18 18:42:10'),(66,66,1,2,25051.00,'2021-03-05','2019-03-03 09:41:06','2021-03-18 18:42:10'),(67,67,2,3,11751.00,'2021-04-01','2016-05-02 15:56:57','2021-03-19 11:51:11'),(68,68,3,4,37124.00,'2021-03-08','2020-04-30 19:30:43','2021-03-18 18:42:10'),(69,69,4,5,16242.00,'2021-03-08','2015-12-12 04:28:28','2021-03-18 18:42:10'),(70,70,5,6,22377.00,'2021-04-01','2011-04-21 19:04:39','2021-03-19 11:51:11'),(71,71,1,7,47113.00,'2021-03-15','2016-07-31 06:22:33','2016-09-26 21:18:36'),(72,72,2,8,37015.00,'2021-03-08','2014-03-14 22:48:20','2017-10-18 13:52:02'),(73,73,3,1,35889.00,'2021-04-01','2020-11-01 00:53:27','2021-03-19 11:51:11'),(74,74,4,2,9145.00,'2021-04-01','2011-12-28 10:10:29','2021-03-19 11:51:11'),(75,75,5,3,22290.00,'2021-03-06','2012-02-08 12:22:19','2020-10-15 15:25:14'),(76,76,1,4,16136.00,'2021-03-08','2020-05-18 03:17:39','2021-03-18 18:42:10'),(77,77,2,5,39255.00,'2021-03-11','2016-12-18 13:08:43','2021-03-18 18:42:10'),(78,78,3,6,47669.00,'2021-03-16','2016-09-19 00:57:45','2021-03-18 18:42:10'),(79,79,4,7,38238.00,'2021-03-03','2020-11-24 17:38:08','2021-03-18 18:42:10'),(80,80,5,8,21513.00,'2021-03-07','2017-05-21 02:54:27','2021-03-18 18:42:10'),(81,81,1,1,36862.00,'2021-03-15','2015-02-08 00:16:59','2016-12-20 01:14:31'),(82,82,2,2,45578.00,'2021-03-12','2017-05-17 07:46:18','2021-03-18 18:42:10'),(83,83,3,3,25497.00,'2021-03-13','2018-07-17 15:41:49','2021-03-18 18:42:10'),(84,84,4,4,36241.00,'2021-03-08','2013-08-26 06:23:03','2021-03-18 18:42:10'),(85,85,5,5,39958.00,'2021-04-01','2017-03-17 00:46:05','2021-03-19 11:51:11'),(86,86,1,6,34019.00,'2021-03-03','2011-08-13 13:41:14','2019-12-31 08:14:44'),(87,87,2,7,42822.00,'2021-03-03','2018-05-11 02:48:10','2021-03-18 18:42:10'),(88,88,3,8,28419.00,'2021-04-01','2014-08-03 17:06:09','2021-03-19 11:51:11'),(89,89,4,1,47789.00,'2021-03-17','2015-06-12 02:12:16','2019-11-17 07:47:45'),(90,90,5,2,42818.00,'2021-03-09','2014-08-12 23:50:24','2020-12-30 17:05:52'),(91,91,1,3,28627.00,'2021-04-01','2011-04-26 03:20:01','2021-03-19 11:51:11'),(92,92,2,4,5523.00,'2021-04-01','2020-03-16 14:17:15','2021-03-19 11:51:11'),(93,93,3,5,43430.00,'2021-03-13','2011-11-06 05:48:12','2019-12-18 10:42:06'),(94,94,4,6,42986.00,'2021-03-16','2018-03-27 11:26:26','2021-03-18 18:42:10'),(95,95,5,7,15190.00,'2021-03-17','2020-08-25 05:19:53','2021-03-18 18:42:10'),(96,96,1,8,39699.00,'2021-04-01','2016-03-10 00:29:56','2021-03-19 11:51:11'),(97,97,2,1,37093.00,'2021-04-01','2014-08-12 01:27:10','2021-03-19 11:51:11'),(98,98,3,2,41167.00,'2021-04-01','2015-06-26 18:37:32','2021-03-19 11:51:11'),(99,99,4,3,31128.00,'2021-03-15','2012-02-16 02:38:55','2017-05-05 22:45:17'),(100,100,5,4,25743.00,'2021-03-16','2015-10-31 09:05:14','2021-03-18 18:42:10');
/*!40000 ALTER TABLE `subscriptions` ENABLE KEYS */;
UNLOCK TABLES;

--
-- Table structure for table `users`
--

DROP TABLE IF EXISTS `users`;
/*!40101 SET @saved_cs_client     = @@character_set_client */;
/*!50503 SET character_set_client = utf8mb4 */;
CREATE TABLE `users` (
  `id` int unsigned NOT NULL AUTO_INCREMENT COMMENT 'Идентификатор строки',
  `first_name` varchar(30) NOT NULL COMMENT 'Имя пользователя',
  `last_name` varchar(30) DEFAULT NULL COMMENT 'Фамилия пользователя',
  `email` varchar(100) DEFAULT NULL COMMENT 'Почта',
  `phone` varchar(30) NOT NULL COMMENT 'Телефон',
  `created_at` datetime DEFAULT CURRENT_TIMESTAMP COMMENT 'Время создания строки',
  `updated_at` datetime DEFAULT CURRENT_TIMESTAMP ON UPDATE CURRENT_TIMESTAMP COMMENT 'Время обновления строки',
  PRIMARY KEY (`id`),
  UNIQUE KEY `phone` (`phone`),
  UNIQUE KEY `email` (`email`),
  KEY `users_first_name_last_name_idx` (`first_name`,`last_name`)
) ENGINE=InnoDB AUTO_INCREMENT=101 DEFAULT CHARSET=utf8mb4 COLLATE=utf8mb4_0900_ai_ci COMMENT='Пользователи';
/*!40101 SET character_set_client = @saved_cs_client */;

--
-- Dumping data for table `users`
--

LOCK TABLES `users` WRITE;
/*!40000 ALTER TABLE `users` DISABLE KEYS */;
INSERT INTO `users` VALUES (1,'Tanner','VonRueden','rhiannon97@example.org','1-404-447-7233','2017-05-12 08:45:46','2021-03-18 18:38:48'),(2,'Aron','Altenwerth','hayes.okey@example.net','1-774-430-9440','2012-08-14 05:42:33','2015-01-17 21:16:24'),(3,'Dimitri','O\'Keefe','friesen.mariam@example.org','1-230-403-5317x72301','2020-08-27 06:52:58','2021-03-18 18:38:48'),(4,'Ivy','Abernathy','lmraz@example.net','538-011-4494x2692','2017-05-08 15:11:29','2021-03-18 18:38:48'),(5,'Stanton','Bartoletti','julie46@example.org','237-403-7262','2012-11-11 00:25:59','2021-03-18 18:38:48'),(6,'Valerie','Kuhic','dhuel@example.net','1-712-626-7820x06856','2020-03-22 16:09:07','2021-03-18 18:38:48'),(7,'Kelvin','McKenzie','cmayert@example.net','218.127.8584x121','2014-02-27 01:10:00','2019-08-17 17:03:09'),(8,'Austin','Feil','flavio80@example.net','(097)626-8377x5382','2013-01-02 17:26:20','2014-03-06 20:45:18'),(9,'Donna','Hessel','macie.hamill@example.org','06030073458','2018-01-18 18:36:54','2021-03-18 18:38:48'),(10,'Alene','DuBuque','greyson86@example.org','910-145-0324','2019-06-19 08:13:12','2021-03-18 18:38:48'),(11,'Rory','Wolff','martine.jerde@example.org','989.526.9176x86227','2014-08-05 16:42:14','2020-11-18 18:01:49'),(12,'Kody','Bogan','alford.tromp@example.com','535.817.9147x9445','2013-09-22 09:22:40','2019-07-14 23:56:13'),(13,'Lonzo','Emard','devonte.macejkovic@example.com','1-595-311-2346','2018-08-19 23:40:06','2021-03-18 18:38:48'),(14,'Mateo','Bradtke','mgrimes@example.com','+16(9)9449736604','2018-06-28 18:30:34','2021-03-18 18:38:48'),(15,'Marlon','Brakus','ansel69@example.org','395-054-8383','2017-02-02 05:50:53','2021-03-18 18:38:48'),(16,'Concepcion','Rau','manley.cormier@example.net','717.239.9157','2017-06-11 19:22:54','2021-03-18 18:38:48'),(17,'Earl','Bode','klesch@example.com','(729)378-7331','2013-09-01 11:12:11','2018-07-03 16:57:24'),(18,'Sterling','Bosco','macie.wiza@example.org','(868)171-6577x7156','2019-08-27 15:00:49','2021-03-18 18:38:48'),(19,'Shirley','Stokes','bennett96@example.com','(753)667-6417','2013-05-13 20:19:30','2016-09-11 11:26:49'),(20,'Derrick','Hayes','marquise.paucek@example.net','1-850-179-3539x84267','2019-01-11 12:24:59','2021-03-18 18:38:48'),(21,'Camilla','Flatley','bode.eino@example.net','873.706.8349','2017-02-09 06:58:51','2021-03-18 18:38:48'),(22,'Emory','Shields','summer23@example.net','352-134-9476x64050','2015-03-17 18:59:17','2021-03-18 18:38:48'),(23,'Jacquelyn','Pouros','gutkowski.candelario@example.net','208-129-5730x6136','2020-04-27 19:34:25','2021-02-14 00:21:17'),(24,'Cheyenne','Halvorson','carleton.schaden@example.net','147.495.2279x869','2015-10-18 20:46:43','2021-03-18 18:38:48'),(25,'Zoe','Schoen','brannon.barton@example.org','501-574-9561','2014-11-11 21:36:21','2020-11-30 04:46:25'),(26,'Marlene','Hills','bvon@example.net','03376281632','2017-05-26 21:29:36','2021-03-18 18:38:48'),(27,'Frieda','Marquardt','vicente.pollich@example.net','1-022-499-6562','2020-02-28 00:35:56','2020-07-05 19:03:30'),(28,'Retha','Murray','elvie.reynolds@example.net','1-062-449-1774x284','2012-06-11 11:37:13','2013-10-29 03:48:16'),(29,'Emiliano','Collins','kemmerich@example.com','+25(0)7824852164','2020-07-30 19:58:55','2021-03-18 18:38:48'),(30,'Yolanda','Cassin','ledner.orion@example.net','(484)193-0465','2014-11-27 21:44:20','2016-12-01 15:22:07'),(31,'Berta','Nader','wbernhard@example.org','769.205.2119x101','2014-06-27 07:49:28','2017-12-30 07:12:56'),(32,'Major','Macejkovic','rodolfo71@example.net','(924)644-0786','2020-12-03 05:18:55','2021-03-18 18:38:48'),(33,'Adah','Marquardt','branson.runolfsdottir@example.org','(731)521-3939','2013-10-31 00:51:25','2014-05-22 05:30:35'),(34,'Ericka','Braun','nhirthe@example.org','120-949-8650x162','2012-05-31 03:38:10','2020-10-15 14:11:47'),(35,'Margaretta','Schuppe','willms.clifford@example.net','(649)633-2977x0355','2011-05-25 19:57:24','2018-08-20 18:47:42'),(36,'Alexandrea','Kozey','tillman.chaim@example.org','+43(3)1807854316','2013-11-06 14:19:06','2014-01-16 19:41:18'),(37,'Lauriane','Feeney','abbott.kristy@example.net','(853)059-6194x043','2017-12-20 09:10:37','2021-03-18 18:38:48'),(38,'Darwin','Homenick','beier.vanessa@example.com','(146)239-4082','2020-05-04 00:22:00','2021-03-18 18:38:48'),(39,'Sarina','Cole','fannie28@example.org','1-205-665-6376x572','2014-03-17 04:05:34','2016-12-03 17:58:51'),(40,'Hilbert','Block','murphy.teagan@example.org','1-198-110-6197','2011-03-28 08:10:42','2020-06-22 06:22:59'),(41,'Kay','Hahn','howe.katelyn@example.org','(545)543-2841','2018-08-17 06:00:25','2020-09-13 15:26:08'),(42,'Aida','Miller','lisette89@example.com','963-938-4772x5576','2017-03-20 14:01:43','2021-03-18 18:38:48'),(43,'Kathlyn','Dibbert','declan.carroll@example.net','299.379.3487x5619','2020-09-04 05:18:39','2021-03-18 18:38:48'),(44,'Nettie','D\'Amore','austyn38@example.net','+19(6)7685938218','2018-07-05 00:05:56','2021-03-18 18:38:48'),(45,'Berenice','Hackett','maud82@example.com','02667866837','2011-07-26 05:11:04','2014-09-30 03:16:45'),(46,'Solon','Grimes','huels.alf@example.com','(128)263-8079','2019-02-22 23:38:37','2021-03-18 18:38:48'),(47,'Jarrell','O\'Kon','walsh.queen@example.com','(768)321-1768x1579','2019-02-23 08:41:09','2021-03-18 18:38:48'),(48,'Romaine','Braun','ilubowitz@example.com','249-037-3587x1394','2014-01-15 18:32:23','2014-05-07 01:13:18'),(49,'Giovani','Glover','pluettgen@example.net','948.548.9148','2011-06-05 10:17:46','2013-10-08 19:32:24'),(50,'Brian','Kuhn','xkiehn@example.com','1-827-563-7890','2020-12-25 05:28:09','2021-03-18 18:38:48'),(51,'Emmitt','Feest','ubernier@example.com','570-912-0663x19756','2011-04-19 15:46:03','2021-01-02 04:59:48'),(52,'Marilie','Bergstrom','tzboncak@example.net','288-209-7961x2494','2014-09-25 22:59:26','2015-12-29 16:00:48'),(53,'Wyman','Jenkins','ziemann.uriel@example.com','702.357.9255x104','2019-01-06 17:53:51','2021-03-18 18:38:48'),(54,'Elwyn','Crist','hrodriguez@example.org','214.435.5597','2015-07-13 23:41:12','2021-03-18 18:38:48'),(55,'Manuel','Bechtelar','shanna.borer@example.net','+06(4)4279922555','2015-02-17 14:24:19','2016-03-22 09:53:14'),(56,'Kaelyn','Wuckert','gregorio94@example.com','132.842.8664x990','2014-07-16 22:52:55','2021-03-18 18:38:48'),(57,'Holden','Jones','mireya.bode@example.org','260.473.1065x7538','2013-07-03 10:29:09','2017-09-24 11:56:51'),(58,'Zachery','Crona','harris.dianna@example.org','1-163-943-2781','2016-09-30 23:38:57','2017-02-06 21:21:33'),(59,'Katharina','Gusikowski','annabel93@example.org','402.757.3383x43243','2016-03-14 04:53:05','2021-03-18 18:38:48'),(60,'Freeda','Lebsack','krajcik.golda@example.com','960.510.4957x872','2019-05-27 21:03:38','2020-11-15 18:08:59'),(61,'Enola','Kihn','ali.morar@example.org','891.494.7213x315','2015-07-06 03:38:17','2017-06-21 23:34:54'),(62,'Lauren','Zulauf','maud.kutch@example.com','(351)689-3721','2013-03-03 23:31:10','2018-07-10 23:49:59'),(63,'Astrid','Feeney','renner.rod@example.com','+39(3)5514808718','2020-06-25 02:23:06','2021-03-18 18:38:48'),(64,'Giovanna','Skiles','ofranecki@example.org','1-724-788-8854','2015-04-28 10:54:52','2021-03-18 18:38:48'),(65,'Pablo','Schaden','kelvin.bins@example.net','206-457-6680x00031','2014-03-07 10:14:09','2021-03-18 18:38:48'),(66,'Haylee','Hauck','juwan92@example.org','(855)153-2461x6403','2011-04-05 23:15:25','2014-11-12 23:03:23'),(67,'Martine','Haag','kieran.grady@example.net','1-753-682-7829x2763','2018-10-26 05:50:33','2021-03-18 18:38:48'),(68,'Silas','Cartwright','runolfsson.ilene@example.org','1-995-551-5565','2015-12-22 20:42:18','2016-01-17 16:11:13'),(69,'Laurel','Kilback','johns.arnaldo@example.net','1-190-088-5182x595','2011-12-27 20:48:09','2015-10-06 22:01:19'),(70,'Eula','Runte','hleannon@example.org','953-036-3758','2012-06-16 10:11:47','2018-08-31 07:43:35'),(71,'Muhammad','Jacobson','schuppe.keegan@example.com','1-086-336-2226','2012-06-22 14:02:21','2017-08-04 13:09:45'),(72,'Maryam','Harvey','lilyan.eichmann@example.org','(945)060-4098','2018-10-10 07:54:04','2021-03-18 18:38:48'),(73,'Maxwell','Hartmann','katharina.ferry@example.com','05244418038','2021-01-03 03:59:29','2021-03-18 18:38:48'),(74,'Frida','Simonis','ibrakus@example.com','215.492.5446x28437','2011-04-06 08:31:27','2016-01-20 11:57:04'),(75,'Dasia','Fay','jada57@example.org','1-723-867-2000x1353','2013-08-04 07:25:23','2014-07-08 03:47:24'),(76,'Roxane','Hudson','yesenia.moore@example.org','+29(0)1619255712','2019-08-02 22:09:37','2021-03-18 18:38:48'),(77,'Tania','Miller','gabriel64@example.org','(265)310-8087x866','2011-12-22 22:20:01','2017-04-08 11:15:13'),(78,'Heidi','Wuckert','medhurst.kelsi@example.com','02492983796','2011-07-29 06:30:40','2020-02-25 04:33:24'),(79,'Schuyler','Walker','tromp.jay@example.com','940.330.0187x7944','2013-04-29 00:10:13','2020-04-09 20:12:55'),(80,'Virgil','Prosacco','austyn.hackett@example.com','(580)589-2043','2011-06-28 21:54:14','2016-07-26 09:30:48'),(81,'Sven','Runolfsson','qrenner@example.com','1-855-064-0695x59961','2012-10-05 22:03:46','2015-07-27 14:30:45'),(82,'Ila','Hammes','alfred02@example.org','08796642898','2016-09-25 04:11:50','2020-06-24 06:07:01'),(83,'Hilma','Cronin','margaret18@example.net','1-182-006-6963x29069','2012-09-01 16:59:05','2013-02-18 22:55:11'),(84,'Lora','Towne','juston.rolfson@example.net','+34(0)8045064653','2018-01-08 22:51:12','2021-03-18 18:38:48'),(85,'Pierce','Grant','verna.connelly@example.com','1-738-113-2220x25473','2014-09-23 21:23:05','2021-03-18 18:38:48'),(86,'Lura','Gislason','carol94@example.net','01848646564','2014-02-10 04:49:30','2019-03-31 04:23:18'),(87,'Devyn','Schamberger','eladio73@example.net','1-446-114-7390x24175','2020-08-21 09:55:38','2021-03-18 18:38:48'),(88,'Eliezer','Kertzmann','orenner@example.com','538.379.4916x684','2018-03-18 01:09:44','2021-03-18 18:38:48'),(89,'Chet','Harber','hazel45@example.com','398.318.5645x468','2012-11-17 14:17:11','2012-12-09 20:38:05'),(90,'Jeanne','Wehner','angelo.mclaughlin@example.com','733.533.0763','2011-11-02 22:42:56','2017-09-14 07:04:30'),(91,'Connie','Halvorson','enid34@example.net','1-276-171-5349x59555','2016-05-23 22:29:02','2021-03-18 18:38:48'),(92,'Stan','Schmitt','isaias73@example.com','694-640-1347','2018-05-03 11:55:23','2020-01-19 06:08:27'),(93,'Maurice','Williamson','victoria34@example.net','(415)325-6982','2014-03-12 14:56:29','2014-09-24 17:13:50'),(94,'Elsa','Nader','gottlieb.heidi@example.net','(429)699-1354','2016-04-18 04:59:46','2021-03-18 18:38:48'),(95,'Emily','Schmeler','ikulas@example.org','1-420-712-6543x1599','2015-12-08 10:42:43','2021-03-18 18:38:48'),(96,'Royal','Ebert','margie.orn@example.com','(165)885-9855x167','2017-02-05 21:34:08','2021-03-18 18:38:48'),(97,'Eladio','Turcotte','ida.sauer@example.com','692.468.9299x84639','2020-11-02 12:32:14','2021-03-18 18:38:48'),(98,'Beulah','Kemmer','srunolfsson@example.org','(200)087-3776','2018-07-12 13:55:20','2019-11-27 14:33:14'),(99,'Emory','Rutherford','keeling.allene@example.net','450-275-4606','2015-01-08 13:15:16','2021-03-18 18:38:48'),(100,'Aisha','Wisoky','gleason.pearlie@example.net','02314374704','2018-09-30 12:27:30','2019-05-25 08:23:55');
/*!40000 ALTER TABLE `users` ENABLE KEYS */;
UNLOCK TABLES;

--
-- Final view structure for view `new_orders`
--

/*!50001 DROP VIEW IF EXISTS `new_orders`*/;
/*!50001 SET @saved_cs_client          = @@character_set_client */;
/*!50001 SET @saved_cs_results         = @@character_set_results */;
/*!50001 SET @saved_col_connection     = @@collation_connection */;
/*!50001 SET character_set_client      = utf8mb4 */;
/*!50001 SET character_set_results     = utf8mb4 */;
/*!50001 SET collation_connection      = utf8mb4_0900_ai_ci */;
/*!50001 CREATE ALGORITHM=UNDEFINED */
/*!50013 DEFINER=`root`@`localhost` SQL SECURITY DEFINER */
/*!50001 VIEW `new_orders` (`users`,`address`,`delivery_date`,`orders`) AS select concat(`u`.`first_name`,' ',`u`.`last_name`) AS `CONCAT(u.first_name, ' ', u.last_name)`,concat(' ул. ',`da`.`street`,' дом№ ',`da`.`house_number`,' Подъезд ',`da`.`entrance`,' Этаж ',`da`.`floors`,' кв ',`da`.`apartment_number`) AS `Name_exp_2`,`o`.`delivery_date` AS `delivery_date`,`o`.`id` AS `id` from ((`users` `u` join `delivery_address` `da` on(((`u`.`id` = `da`.`user_id`) and (`da`.`city` = 'Москва')))) join `orders` `o` on((`u`.`id` = `o`.`user_id`))) */;
/*!50001 SET character_set_client      = @saved_cs_client */;
/*!50001 SET character_set_results     = @saved_cs_results */;
/*!50001 SET collation_connection      = @saved_col_connection */;

--
-- Final view structure for view `order_for_cooking`
--

/*!50001 DROP VIEW IF EXISTS `order_for_cooking`*/;
/*!50001 SET @saved_cs_client          = @@character_set_client */;
/*!50001 SET @saved_cs_results         = @@character_set_results */;
/*!50001 SET @saved_col_connection     = @@collation_connection */;
/*!50001 SET character_set_client      = utf8mb4 */;
/*!50001 SET character_set_results     = utf8mb4 */;
/*!50001 SET collation_connection      = utf8mb4_0900_ai_ci */;
/*!50001 CREATE ALGORITHM=UNDEFINED */
/*!50013 DEFINER=`root`@`localhost` SQL SECURITY DEFINER */
/*!50001 VIEW `order_for_cooking` (`Dishes`,`Quantity`,`Delivery_Date`) AS select `d`.`name` AS `name`,`ob`.`quantity` AS `quantity`,`o`.`delivery_date` AS `delivery_date` from ((`dishes` `d` join `order_basket` `ob` on((`d`.`id` = `ob`.`dish_id`))) join `orders` `o` on((`ob`.`orders_id` = `o`.`id`))) where ((`o`.`delivery_date` > '2021-04-13') and (`o`.`delivery_date` < '2021-04-15')) group by `d`.`name` order by `o`.`delivery_date` */;
/*!50001 SET character_set_client      = @saved_cs_client */;
/*!50001 SET character_set_results     = @saved_cs_results */;
/*!50001 SET collation_connection      = @saved_col_connection */;
/*!40103 SET TIME_ZONE=@OLD_TIME_ZONE */;

/*!40101 SET SQL_MODE=@OLD_SQL_MODE */;
/*!40014 SET FOREIGN_KEY_CHECKS=@OLD_FOREIGN_KEY_CHECKS */;
/*!40014 SET UNIQUE_CHECKS=@OLD_UNIQUE_CHECKS */;
/*!40101 SET CHARACTER_SET_CLIENT=@OLD_CHARACTER_SET_CLIENT */;
/*!40101 SET CHARACTER_SET_RESULTS=@OLD_CHARACTER_SET_RESULTS */;
/*!40101 SET COLLATION_CONNECTION=@OLD_COLLATION_CONNECTION */;
/*!40111 SET SQL_NOTES=@OLD_SQL_NOTES */;

-- Dump completed on 2021-03-22 14:18:56
