
INSERT INTO `users` (`id`, `first_name`, `last_name`, `email`, `phone`, `created_at`, `updated_at`) VALUES (1, 'Tanner', 'VonRueden', 'rhiannon97@example.org', '1-404-447-7233', '2017-05-12 08:45:46', '2011-04-13 18:46:39');
INSERT INTO `users` (`id`, `first_name`, `last_name`, `email`, `phone`, `created_at`, `updated_at`) VALUES (2, 'Aron', 'Altenwerth', 'hayes.okey@example.net', '1-774-430-9440', '2012-08-14 05:42:33', '2015-01-17 21:16:24');
INSERT INTO `users` (`id`, `first_name`, `last_name`, `email`, `phone`, `created_at`, `updated_at`) VALUES (3, 'Dimitri', 'Keefe', 'friesen.mariam@example.org', '1-230-403-5317x72301', '2020-08-27 06:52:58', '2012-08-22 07:42:56');
INSERT INTO `users` (`id`, `first_name`, `last_name`, `email`, `phone`, `created_at`, `updated_at`) VALUES (4, 'Ivy', 'Abernathy', 'lmraz@example.net', '538-011-4494x2692', '2017-05-08 15:11:29', '2011-12-11 01:00:02');
INSERT INTO `users` (`id`, `first_name`, `last_name`, `email`, `phone`, `created_at`, `updated_at`) VALUES (5, 'Stanton', 'Bartoletti', 'julie46@example.org', '237-403-7262', '2012-11-11 00:25:59', '2011-12-14 15:41:16');
INSERT INTO `users` (`id`, `first_name`, `last_name`, `email`, `phone`, `created_at`, `updated_at`) VALUES (6, 'Valerie', 'Kuhic', 'dhuel@example.net', '1-712-626-7820x06856', '2020-03-22 16:09:07', '2015-05-20 15:08:36');
INSERT INTO `users` (`id`, `first_name`, `last_name`, `email`, `phone`, `created_at`, `updated_at`) VALUES (7, 'Kelvin', 'McKenzie', 'cmayert@example.net', '218.127.8584x121', '2014-02-27 01:10:00', '2019-08-17 17:03:09');
INSERT INTO `users` (`id`, `first_name`, `last_name`, `email`, `phone`, `created_at`, `updated_at`) VALUES (8, 'Austin', 'Feil', 'flavio80@example.net', '(097)626-8377x5382', '2013-01-02 17:26:20', '2014-03-06 20:45:18');
INSERT INTO `users` (`id`, `first_name`, `last_name`, `email`, `phone`, `created_at`, `updated_at`) VALUES (9, 'Donna', 'Hessel', 'macie.hamill@example.org', '06030073458', '2018-01-18 18:36:54', '2011-10-07 22:33:17');
INSERT INTO `users` (`id`, `first_name`, `last_name`, `email`, `phone`, `created_at`, `updated_at`) VALUES (10, 'Alene', 'DuBuque', 'greyson86@example.org', '910-145-0324', '2019-06-19 08:13:12', '2016-01-07 05:48:23');
INSERT INTO `users` (`id`, `first_name`, `last_name`, `email`, `phone`, `created_at`, `updated_at`) VALUES (11, 'Rory', 'Wolff', 'martine.jerde@example.org', '989.526.9176x86227', '2014-08-05 16:42:14', '2020-11-18 18:01:49');
INSERT INTO `users` (`id`, `first_name`, `last_name`, `email`, `phone`, `created_at`, `updated_at`) VALUES (12, 'Kody', 'Bogan', 'alford.tromp@example.com', '535.817.9147x9445', '2013-09-22 09:22:40', '2019-07-14 23:56:13');
INSERT INTO `users` (`id`, `first_name`, `last_name`, `email`, `phone`, `created_at`, `updated_at`) VALUES (13, 'Lonzo', 'Emard', 'devonte.macejkovic@example.com', '1-595-311-2346', '2018-08-19 23:40:06', '2017-08-13 19:57:08');
INSERT INTO `users` (`id`, `first_name`, `last_name`, `email`, `phone`, `created_at`, `updated_at`) VALUES (14, 'Mateo', 'Bradtke', 'mgrimes@example.com', '+16(9)9449736604', '2018-06-28 18:30:34', '2017-08-19 23:50:58');
INSERT INTO `users` (`id`, `first_name`, `last_name`, `email`, `phone`, `created_at`, `updated_at`) VALUES (15, 'Marlon', 'Brakus', 'ansel69@example.org', '395-054-8383', '2017-02-02 05:50:53', '2012-08-13 18:02:31');
INSERT INTO `users` (`id`, `first_name`, `last_name`, `email`, `phone`, `created_at`, `updated_at`) VALUES (16, 'Concepcion', 'Rau', 'manley.cormier@example.net', '717.239.9157', '2017-06-11 19:22:54', '2014-06-13 23:05:47');
INSERT INTO `users` (`id`, `first_name`, `last_name`, `email`, `phone`, `created_at`, `updated_at`) VALUES (17, 'Earl', 'Bode', 'klesch@example.com', '(729)378-7331', '2013-09-01 11:12:11', '2018-07-03 16:57:24');
INSERT INTO `users` (`id`, `first_name`, `last_name`, `email`, `phone`, `created_at`, `updated_at`) VALUES (18, 'Sterling', 'Bosco', 'macie.wiza@example.org', '(868)171-6577x7156', '2019-08-27 15:00:49', '2015-03-03 02:36:10');
INSERT INTO `users` (`id`, `first_name`, `last_name`, `email`, `phone`, `created_at`, `updated_at`) VALUES (19, 'Shirley', 'Stokes', 'bennett96@example.com', '(753)667-6417', '2013-05-13 20:19:30', '2016-09-11 11:26:49');
INSERT INTO `users` (`id`, `first_name`, `last_name`, `email`, `phone`, `created_at`, `updated_at`) VALUES (20, 'Derrick', 'Hayes', 'marquise.paucek@example.net', '1-850-179-3539x84267', '2019-01-11 12:24:59', '2015-04-10 08:18:05');
INSERT INTO `users` (`id`, `first_name`, `last_name`, `email`, `phone`, `created_at`, `updated_at`) VALUES (21, 'Camilla', 'Flatley', 'bode.eino@example.net', '873.706.8349', '2017-02-09 06:58:51', '2015-08-11 16:30:01');
INSERT INTO `users` (`id`, `first_name`, `last_name`, `email`, `phone`, `created_at`, `updated_at`) VALUES (22, 'Emory', 'Shields', 'summer23@example.net', '352-134-9476x64050', '2015-03-17 18:59:17', '2012-05-12 05:57:09');
INSERT INTO `users` (`id`, `first_name`, `last_name`, `email`, `phone`, `created_at`, `updated_at`) VALUES (23, 'Jacquelyn', 'Pouros', 'gutkowski.candelario@example.net', '208-129-5730x6136', '2020-04-27 19:34:25', '2021-02-14 00:21:17');
INSERT INTO `users` (`id`, `first_name`, `last_name`, `email`, `phone`, `created_at`, `updated_at`) VALUES (24, 'Cheyenne', 'Halvorson', 'carleton.schaden@example.net', '147.495.2279x869', '2015-10-18 20:46:43', '2014-09-26 07:58:30');
INSERT INTO `users` (`id`, `first_name`, `last_name`, `email`, `phone`, `created_at`, `updated_at`) VALUES (25, 'Zoe', 'Schoen', 'brannon.barton@example.org', '501-574-9561', '2014-11-11 21:36:21', '2020-11-30 04:46:25');
INSERT INTO `users` (`id`, `first_name`, `last_name`, `email`, `phone`, `created_at`, `updated_at`) VALUES (26, 'Marlene', 'Hills', 'bvon@example.net', '03376281632', '2017-05-26 21:29:36', '2015-06-27 18:00:08');
INSERT INTO `users` (`id`, `first_name`, `last_name`, `email`, `phone`, `created_at`, `updated_at`) VALUES (27, 'Frieda', 'Marquardt', 'vicente.pollich@example.net', '1-022-499-6562', '2020-02-28 00:35:56', '2020-07-05 19:03:30');
INSERT INTO `users` (`id`, `first_name`, `last_name`, `email`, `phone`, `created_at`, `updated_at`) VALUES (28, 'Retha', 'Murray', 'elvie.reynolds@example.net', '1-062-449-1774x284', '2012-06-11 11:37:13', '2013-10-29 03:48:16');
INSERT INTO `users` (`id`, `first_name`, `last_name`, `email`, `phone`, `created_at`, `updated_at`) VALUES (29, 'Emiliano', 'Collins', 'kemmerich@example.com', '+25(0)7824852164', '2020-07-30 19:58:55', '2015-07-03 03:42:40');
INSERT INTO `users` (`id`, `first_name`, `last_name`, `email`, `phone`, `created_at`, `updated_at`) VALUES (30, 'Yolanda', 'Cassin', 'ledner.orion@example.net', '(484)193-0465', '2014-11-27 21:44:20', '2016-12-01 15:22:07');
INSERT INTO `users` (`id`, `first_name`, `last_name`, `email`, `phone`, `created_at`, `updated_at`) VALUES (31, 'Berta', 'Nader', 'wbernhard@example.org', '769.205.2119x101', '2014-06-27 07:49:28', '2017-12-30 07:12:56');
INSERT INTO `users` (`id`, `first_name`, `last_name`, `email`, `phone`, `created_at`, `updated_at`) VALUES (32, 'Major', 'Macejkovic', 'rodolfo71@example.net', '(924)644-0786', '2020-12-03 05:18:55', '2016-11-07 07:38:59');
INSERT INTO `users` (`id`, `first_name`, `last_name`, `email`, `phone`, `created_at`, `updated_at`) VALUES (33, 'Adah', 'Marquardt', 'branson.runolfsdottir@example.org', '(731)521-3939', '2013-10-31 00:51:25', '2014-05-22 05:30:35');
INSERT INTO `users` (`id`, `first_name`, `last_name`, `email`, `phone`, `created_at`, `updated_at`) VALUES (34, 'Ericka', 'Braun', 'nhirthe@example.org', '120-949-8650x162', '2012-05-31 03:38:10', '2020-10-15 14:11:47');
INSERT INTO `users` (`id`, `first_name`, `last_name`, `email`, `phone`, `created_at`, `updated_at`) VALUES (35, 'Margaretta', 'Schuppe', 'willms.clifford@example.net', '(649)633-2977x0355', '2011-05-25 19:57:24', '2018-08-20 18:47:42');
INSERT INTO `users` (`id`, `first_name`, `last_name`, `email`, `phone`, `created_at`, `updated_at`) VALUES (36, 'Alexandrea', 'Kozey', 'tillman.chaim@example.org', '+43(3)1807854316', '2013-11-06 14:19:06', '2014-01-16 19:41:18');
INSERT INTO `users` (`id`, `first_name`, `last_name`, `email`, `phone`, `created_at`, `updated_at`) VALUES (37, 'Lauriane', 'Feeney', 'abbott.kristy@example.net', '(853)059-6194x043', '2017-12-20 09:10:37', '2013-07-14 11:16:39');
INSERT INTO `users` (`id`, `first_name`, `last_name`, `email`, `phone`, `created_at`, `updated_at`) VALUES (38, 'Darwin', 'Homenick', 'beier.vanessa@example.com', '(146)239-4082', '2020-05-04 00:22:00', '2019-10-25 23:00:27');
INSERT INTO `users` (`id`, `first_name`, `last_name`, `email`, `phone`, `created_at`, `updated_at`) VALUES (39, 'Sarina', 'Cole', 'fannie28@example.org', '1-205-665-6376x572', '2014-03-17 04:05:34', '2016-12-03 17:58:51');
INSERT INTO `users` (`id`, `first_name`, `last_name`, `email`, `phone`, `created_at`, `updated_at`) VALUES (40, 'Hilbert', 'Block', 'murphy.teagan@example.org', '1-198-110-6197', '2011-03-28 08:10:42', '2020-06-22 06:22:59');
INSERT INTO `users` (`id`, `first_name`, `last_name`, `email`, `phone`, `created_at`, `updated_at`) VALUES (41, 'Kay', 'Hahn', 'howe.katelyn@example.org', '(545)543-2841', '2018-08-17 06:00:25', '2020-09-13 15:26:08');
INSERT INTO `users` (`id`, `first_name`, `last_name`, `email`, `phone`, `created_at`, `updated_at`) VALUES (42, 'Aida', 'Miller', 'lisette89@example.com', '963-938-4772x5576', '2017-03-20 14:01:43', '2015-05-15 06:20:10');
INSERT INTO `users` (`id`, `first_name`, `last_name`, `email`, `phone`, `created_at`, `updated_at`) VALUES (43, 'Kathlyn', 'Dibbert', 'declan.carroll@example.net', '299.379.3487x5619', '2020-09-04 05:18:39', '2018-11-13 20:21:51');
INSERT INTO `users` (`id`, `first_name`, `last_name`, `email`, `phone`, `created_at`, `updated_at`) VALUES (44, 'Nettie', 'D\'Amore', 'austyn38@example.net', '+19(6)7685938218', '2018-07-05 00:05:56', '2017-05-25 04:42:21');
INSERT INTO `users` (`id`, `first_name`, `last_name`, `email`, `phone`, `created_at`, `updated_at`) VALUES (45, 'Berenice', 'Hackett', 'maud82@example.com', '02667866837', '2011-07-26 05:11:04', '2014-09-30 03:16:45');
INSERT INTO `users` (`id`, `first_name`, `last_name`, `email`, `phone`, `created_at`, `updated_at`) VALUES (46, 'Solon', 'Grimes', 'huels.alf@example.com', '(128)263-8079', '2019-02-22 23:38:37', '2016-12-15 21:53:35');
INSERT INTO `users` (`id`, `first_name`, `last_name`, `email`, `phone`, `created_at`, `updated_at`) VALUES (47, 'Jarrell', 'O\'Kon', 'walsh.queen@example.com', '(768)321-1768x1579', '2019-02-23 08:41:09', '2012-04-27 20:55:17');
INSERT INTO `users` (`id`, `first_name`, `last_name`, `email`, `phone`, `created_at`, `updated_at`) VALUES (48, 'Romaine', 'Braun', 'ilubowitz@example.com', '249-037-3587x1394', '2014-01-15 18:32:23', '2014-05-07 01:13:18');
INSERT INTO `users` (`id`, `first_name`, `last_name`, `email`, `phone`, `created_at`, `updated_at`) VALUES (49, 'Giovani', 'Glover', 'pluettgen@example.net', '948.548.9148', '2011-06-05 10:17:46', '2013-10-08 19:32:24');
INSERT INTO `users` (`id`, `first_name`, `last_name`, `email`, `phone`, `created_at`, `updated_at`) VALUES (50, 'Brian', 'Kuhn', 'xkiehn@example.com', '1-827-563-7890', '2020-12-25 05:28:09', '2017-01-21 23:15:14');
INSERT INTO `users` (`id`, `first_name`, `last_name`, `email`, `phone`, `created_at`, `updated_at`) VALUES (51, 'Emmitt', 'Feest', 'ubernier@example.com', '570-912-0663x19756', '2011-04-19 15:46:03', '2021-01-02 04:59:48');
INSERT INTO `users` (`id`, `first_name`, `last_name`, `email`, `phone`, `created_at`, `updated_at`) VALUES (52, 'Marilie', 'Bergstrom', 'tzboncak@example.net', '288-209-7961x2494', '2014-09-25 22:59:26', '2015-12-29 16:00:48');
INSERT INTO `users` (`id`, `first_name`, `last_name`, `email`, `phone`, `created_at`, `updated_at`) VALUES (53, 'Wyman', 'Jenkins', 'ziemann.uriel@example.com', '702.357.9255x104', '2019-01-06 17:53:51', '2012-09-18 23:03:04');
INSERT INTO `users` (`id`, `first_name`, `last_name`, `email`, `phone`, `created_at`, `updated_at`) VALUES (54, 'Elwyn', 'Crist', 'hrodriguez@example.org', '214.435.5597', '2015-07-13 23:41:12', '2013-03-29 11:56:56');
INSERT INTO `users` (`id`, `first_name`, `last_name`, `email`, `phone`, `created_at`, `updated_at`) VALUES (55, 'Manuel', 'Bechtelar', 'shanna.borer@example.net', '+06(4)4279922555', '2015-02-17 14:24:19', '2016-03-22 09:53:14');
INSERT INTO `users` (`id`, `first_name`, `last_name`, `email`, `phone`, `created_at`, `updated_at`) VALUES (56, 'Kaelyn', 'Wuckert', 'gregorio94@example.com', '132.842.8664x990', '2014-07-16 22:52:55', '2014-04-16 17:25:16');
INSERT INTO `users` (`id`, `first_name`, `last_name`, `email`, `phone`, `created_at`, `updated_at`) VALUES (57, 'Holden', 'Jones', 'mireya.bode@example.org', '260.473.1065x7538', '2013-07-03 10:29:09', '2017-09-24 11:56:51');
INSERT INTO `users` (`id`, `first_name`, `last_name`, `email`, `phone`, `created_at`, `updated_at`) VALUES (58, 'Zachery', 'Crona', 'harris.dianna@example.org', '1-163-943-2781', '2016-09-30 23:38:57', '2017-02-06 21:21:33');
INSERT INTO `users` (`id`, `first_name`, `last_name`, `email`, `phone`, `created_at`, `updated_at`) VALUES (59, 'Katharina', 'Gusikowski', 'annabel93@example.org', '402.757.3383x43243', '2016-03-14 04:53:05', '2014-11-26 16:10:17');
INSERT INTO `users` (`id`, `first_name`, `last_name`, `email`, `phone`, `created_at`, `updated_at`) VALUES (60, 'Freeda', 'Lebsack', 'krajcik.golda@example.com', '960.510.4957x872', '2019-05-27 21:03:38', '2020-11-15 18:08:59');
INSERT INTO `users` (`id`, `first_name`, `last_name`, `email`, `phone`, `created_at`, `updated_at`) VALUES (61, 'Enola', 'Kihn', 'ali.morar@example.org', '891.494.7213x315', '2015-07-06 03:38:17', '2017-06-21 23:34:54');
INSERT INTO `users` (`id`, `first_name`, `last_name`, `email`, `phone`, `created_at`, `updated_at`) VALUES (62, 'Lauren', 'Zulauf', 'maud.kutch@example.com', '(351)689-3721', '2013-03-03 23:31:10', '2018-07-10 23:49:59');
INSERT INTO `users` (`id`, `first_name`, `last_name`, `email`, `phone`, `created_at`, `updated_at`) VALUES (63, 'Astrid', 'Feeney', 'renner.rod@example.com', '+39(3)5514808718', '2020-06-25 02:23:06', '2012-07-31 14:38:54');
INSERT INTO `users` (`id`, `first_name`, `last_name`, `email`, `phone`, `created_at`, `updated_at`) VALUES (64, 'Giovanna', 'Skiles', 'ofranecki@example.org', '1-724-788-8854', '2015-04-28 10:54:52', '2014-09-01 13:02:06');
INSERT INTO `users` (`id`, `first_name`, `last_name`, `email`, `phone`, `created_at`, `updated_at`) VALUES (65, 'Pablo', 'Schaden', 'kelvin.bins@example.net', '206-457-6680x00031', '2014-03-07 10:14:09', '2012-12-12 18:15:44');
INSERT INTO `users` (`id`, `first_name`, `last_name`, `email`, `phone`, `created_at`, `updated_at`) VALUES (66, 'Haylee', 'Hauck', 'juwan92@example.org', '(855)153-2461x6403', '2011-04-05 23:15:25', '2014-11-12 23:03:23');
INSERT INTO `users` (`id`, `first_name`, `last_name`, `email`, `phone`, `created_at`, `updated_at`) VALUES (67, 'Martine', 'Haag', 'kieran.grady@example.net', '1-753-682-7829x2763', '2018-10-26 05:50:33', '2013-01-27 00:11:52');
INSERT INTO `users` (`id`, `first_name`, `last_name`, `email`, `phone`, `created_at`, `updated_at`) VALUES (68, 'Silas', 'Cartwright', 'runolfsson.ilene@example.org', '1-995-551-5565', '2015-12-22 20:42:18', '2016-01-17 16:11:13');
INSERT INTO `users` (`id`, `first_name`, `last_name`, `email`, `phone`, `created_at`, `updated_at`) VALUES (69, 'Laurel', 'Kilback', 'johns.arnaldo@example.net', '1-190-088-5182x595', '2011-12-27 20:48:09', '2015-10-06 22:01:19');
INSERT INTO `users` (`id`, `first_name`, `last_name`, `email`, `phone`, `created_at`, `updated_at`) VALUES (70, 'Eula', 'Runte', 'hleannon@example.org', '953-036-3758', '2012-06-16 10:11:47', '2018-08-31 07:43:35');
INSERT INTO `users` (`id`, `first_name`, `last_name`, `email`, `phone`, `created_at`, `updated_at`) VALUES (71, 'Muhammad', 'Jacobson', 'schuppe.keegan@example.com', '1-086-336-2226', '2012-06-22 14:02:21', '2017-08-04 13:09:45');
INSERT INTO `users` (`id`, `first_name`, `last_name`, `email`, `phone`, `created_at`, `updated_at`) VALUES (72, 'Maryam', 'Harvey', 'lilyan.eichmann@example.org', '(945)060-4098', '2018-10-10 07:54:04', '2015-03-14 03:13:54');
INSERT INTO `users` (`id`, `first_name`, `last_name`, `email`, `phone`, `created_at`, `updated_at`) VALUES (73, 'Maxwell', 'Hartmann', 'katharina.ferry@example.com', '05244418038', '2021-01-03 03:59:29', '2018-11-10 07:47:20');
INSERT INTO `users` (`id`, `first_name`, `last_name`, `email`, `phone`, `created_at`, `updated_at`) VALUES (74, 'Frida', 'Simonis', 'ibrakus@example.com', '215.492.5446x28437', '2011-04-06 08:31:27', '2016-01-20 11:57:04');
INSERT INTO `users` (`id`, `first_name`, `last_name`, `email`, `phone`, `created_at`, `updated_at`) VALUES (75, 'Dasia', 'Fay', 'jada57@example.org', '1-723-867-2000x1353', '2013-08-04 07:25:23', '2014-07-08 03:47:24');
INSERT INTO `users` (`id`, `first_name`, `last_name`, `email`, `phone`, `created_at`, `updated_at`) VALUES (76, 'Roxane', 'Hudson', 'yesenia.moore@example.org', '+29(0)1619255712', '2019-08-02 22:09:37', '2012-01-26 01:49:54');
INSERT INTO `users` (`id`, `first_name`, `last_name`, `email`, `phone`, `created_at`, `updated_at`) VALUES (77, 'Tania', 'Miller', 'gabriel64@example.org', '(265)310-8087x866', '2011-12-22 22:20:01', '2017-04-08 11:15:13');
INSERT INTO `users` (`id`, `first_name`, `last_name`, `email`, `phone`, `created_at`, `updated_at`) VALUES (78, 'Heidi', 'Wuckert', 'medhurst.kelsi@example.com', '02492983796', '2011-07-29 06:30:40', '2020-02-25 04:33:24');
INSERT INTO `users` (`id`, `first_name`, `last_name`, `email`, `phone`, `created_at`, `updated_at`) VALUES (79, 'Schuyler', 'Walker', 'tromp.jay@example.com', '940.330.0187x7944', '2013-04-29 00:10:13', '2020-04-09 20:12:55');
INSERT INTO `users` (`id`, `first_name`, `last_name`, `email`, `phone`, `created_at`, `updated_at`) VALUES (80, 'Virgil', 'Prosacco', 'austyn.hackett@example.com', '(580)589-2043', '2011-06-28 21:54:14', '2016-07-26 09:30:48');
INSERT INTO `users` (`id`, `first_name`, `last_name`, `email`, `phone`, `created_at`, `updated_at`) VALUES (81, 'Sven', 'Runolfsson', 'qrenner@example.com', '1-855-064-0695x59961', '2012-10-05 22:03:46', '2015-07-27 14:30:45');
INSERT INTO `users` (`id`, `first_name`, `last_name`, `email`, `phone`, `created_at`, `updated_at`) VALUES (82, 'Ila', 'Hammes', 'alfred02@example.org', '08796642898', '2016-09-25 04:11:50', '2020-06-24 06:07:01');
INSERT INTO `users` (`id`, `first_name`, `last_name`, `email`, `phone`, `created_at`, `updated_at`) VALUES (83, 'Hilma', 'Cronin', 'margaret18@example.net', '1-182-006-6963x29069', '2012-09-01 16:59:05', '2013-02-18 22:55:11');
INSERT INTO `users` (`id`, `first_name`, `last_name`, `email`, `phone`, `created_at`, `updated_at`) VALUES (84, 'Lora', 'Towne', 'juston.rolfson@example.net', '+34(0)8045064653', '2018-01-08 22:51:12', '2015-01-03 16:57:57');
INSERT INTO `users` (`id`, `first_name`, `last_name`, `email`, `phone`, `created_at`, `updated_at`) VALUES (85, 'Pierce', 'Grant', 'verna.connelly@example.com', '1-738-113-2220x25473', '2014-09-23 21:23:05', '2013-05-10 00:36:01');
INSERT INTO `users` (`id`, `first_name`, `last_name`, `email`, `phone`, `created_at`, `updated_at`) VALUES (86, 'Lura', 'Gislason', 'carol94@example.net', '01848646564', '2014-02-10 04:49:30', '2019-03-31 04:23:18');
INSERT INTO `users` (`id`, `first_name`, `last_name`, `email`, `phone`, `created_at`, `updated_at`) VALUES (87, 'Devyn', 'Schamberger', 'eladio73@example.net', '1-446-114-7390x24175', '2020-08-21 09:55:38', '2012-04-20 10:42:30');
INSERT INTO `users` (`id`, `first_name`, `last_name`, `email`, `phone`, `created_at`, `updated_at`) VALUES (88, 'Eliezer', 'Kertzmann', 'orenner@example.com', '538.379.4916x684', '2018-03-18 01:09:44', '2014-07-12 18:28:41');
INSERT INTO `users` (`id`, `first_name`, `last_name`, `email`, `phone`, `created_at`, `updated_at`) VALUES (89, 'Chet', 'Harber', 'hazel45@example.com', '398.318.5645x468', '2012-11-17 14:17:11', '2012-12-09 20:38:05');
INSERT INTO `users` (`id`, `first_name`, `last_name`, `email`, `phone`, `created_at`, `updated_at`) VALUES (90, 'Jeanne', 'Wehner', 'angelo.mclaughlin@example.com', '733.533.0763', '2011-11-02 22:42:56', '2017-09-14 07:04:30');
INSERT INTO `users` (`id`, `first_name`, `last_name`, `email`, `phone`, `created_at`, `updated_at`) VALUES (91, 'Connie', 'Halvorson', 'enid34@example.net', '1-276-171-5349x59555', '2016-05-23 22:29:02', '2012-06-07 23:56:23');
INSERT INTO `users` (`id`, `first_name`, `last_name`, `email`, `phone`, `created_at`, `updated_at`) VALUES (92, 'Stan', 'Schmitt', 'isaias73@example.com', '694-640-1347', '2018-05-03 11:55:23', '2020-01-19 06:08:27');
INSERT INTO `users` (`id`, `first_name`, `last_name`, `email`, `phone`, `created_at`, `updated_at`) VALUES (93, 'Maurice', 'Williamson', 'victoria34@example.net', '(415)325-6982', '2014-03-12 14:56:29', '2014-09-24 17:13:50');
INSERT INTO `users` (`id`, `first_name`, `last_name`, `email`, `phone`, `created_at`, `updated_at`) VALUES (94, 'Elsa', 'Nader', 'gottlieb.heidi@example.net', '(429)699-1354', '2016-04-18 04:59:46', '2016-03-31 17:48:13');
INSERT INTO `users` (`id`, `first_name`, `last_name`, `email`, `phone`, `created_at`, `updated_at`) VALUES (95, 'Emily', 'Schmeler', 'ikulas@example.org', '1-420-712-6543x1599', '2015-12-08 10:42:43', '2013-04-01 14:49:46');
INSERT INTO `users` (`id`, `first_name`, `last_name`, `email`, `phone`, `created_at`, `updated_at`) VALUES (96, 'Royal', 'Ebert', 'margie.orn@example.com', '(165)885-9855x167', '2017-02-05 21:34:08', '2014-04-14 18:33:39');
INSERT INTO `users` (`id`, `first_name`, `last_name`, `email`, `phone`, `created_at`, `updated_at`) VALUES (97, 'Eladio', 'Turcotte', 'ida.sauer@example.com', '692.468.9299x84639', '2020-11-02 12:32:14', '2020-03-22 17:46:35');
INSERT INTO `users` (`id`, `first_name`, `last_name`, `email`, `phone`, `created_at`, `updated_at`) VALUES (98, 'Beulah', 'Kemmer', 'srunolfsson@example.org', '(200)087-3776', '2018-07-12 13:55:20', '2019-11-27 14:33:14');
INSERT INTO `users` (`id`, `first_name`, `last_name`, `email`, `phone`, `created_at`, `updated_at`) VALUES (99, 'Emory', 'Rutherford', 'keeling.allene@example.net', '450-275-4606', '2015-01-08 13:15:16', '2014-01-17 18:09:51');
INSERT INTO `users` (`id`, `first_name`, `last_name`, `email`, `phone`, `created_at`, `updated_at`) VALUES (100, 'Aisha', 'Wisoky', 'gleason.pearlie@example.net', '02314374704', '2018-09-30 12:27:30', '2019-05-25 08:23:55');

INSERT INTO `delivery_address` (`id`, `user_id`, `city`, `street`, `house_number`, `entrance`, `floors`, `apartment_number`, `created_at`, `updated_at`) VALUES (1, 1, 'Санкт-Петербург', 'Shanahan Extensions', '270', '', '1', '813', '2017-09-27 01:51:28', '2020-02-03 10:23:35');
INSERT INTO `delivery_address` (`id`, `user_id`, `city`, `street`, `house_number`, `entrance`, `floors`, `apartment_number`, `created_at`, `updated_at`) VALUES (2, 2, 'Москва', 'Hintz Creek', '76', '7', '50', '794', '2013-05-16 22:09:07', '2012-01-31 10:12:43');
INSERT INTO `delivery_address` (`id`, `user_id`, `city`, `street`, `house_number`, `entrance`, `floors`, `apartment_number`, `created_at`, `updated_at`) VALUES (3, 3, 'Москва', 'Smitham Knolls', '71', '8', '10', '1201', '2020-06-17 06:08:46', '2017-12-27 22:49:11');
INSERT INTO `delivery_address` (`id`, `user_id`, `city`, `street`, `house_number`, `entrance`, `floors`, `apartment_number`, `created_at`, `updated_at`) VALUES (4, 4, 'Москва', 'Heaney Ford', '37', '8', '29', '858', '2012-06-12 06:01:21', '2019-11-13 06:02:12');
INSERT INTO `delivery_address` (`id`, `user_id`, `city`, `street`, `house_number`, `entrance`, `floors`, `apartment_number`, `created_at`, `updated_at`) VALUES (5, 5, 'Москва', 'Chasity Run', '78', '6', '31', '1055', '2016-05-21 00:48:42', '2011-10-12 19:14:28');
INSERT INTO `delivery_address` (`id`, `user_id`, `city`, `street`, `house_number`, `entrance`, `floors`, `apartment_number`, `created_at`, `updated_at`) VALUES (6, 6, 'Москва', 'Trudie Ferry', '42', '4', '39', '761', '2012-02-02 19:30:58', '2012-12-01 21:08:09');
INSERT INTO `delivery_address` (`id`, `user_id`, `city`, `street`, `house_number`, `entrance`, `floors`, `apartment_number`, `created_at`, `updated_at`) VALUES (7, 7, 'Санкт-Петербург', 'Candice Mill', '276', '5', '27', '81', '2018-09-21 20:57:23', '2012-02-06 17:34:27');
INSERT INTO `delivery_address` (`id`, `user_id`, `city`, `street`, `house_number`, `entrance`, `floors`, `apartment_number`, `created_at`, `updated_at`) VALUES (8, 8, 'Москва', 'Abshire Coves', '171', '7', '49', '1050', '2019-11-12 14:39:51', '2012-02-05 23:01:36');
INSERT INTO `delivery_address` (`id`, `user_id`, `city`, `street`, `house_number`, `entrance`, `floors`, `apartment_number`, `created_at`, `updated_at`) VALUES (9, 9, 'Москва', 'Beer Ville', '137', '6', '33', '890', '2013-07-30 22:34:48', '2021-02-06 19:08:49');
INSERT INTO `delivery_address` (`id`, `user_id`, `city`, `street`, `house_number`, `entrance`, `floors`, `apartment_number`, `created_at`, `updated_at`) VALUES (10, 10, 'Санкт-Петербург', 'Maxie Union', '36', '3', '34', '10', '2017-09-22 20:39:23', '2013-11-15 06:09:55');
INSERT INTO `delivery_address` (`id`, `user_id`, `city`, `street`, `house_number`, `entrance`, `floors`, `apartment_number`, `created_at`, `updated_at`) VALUES (11, 11, 'Москва', 'Morar Islands', '155', '3', '25', '1562', '2013-08-26 02:37:25', '2012-07-22 22:16:11');
INSERT INTO `delivery_address` (`id`, `user_id`, `city`, `street`, `house_number`, `entrance`, `floors`, `apartment_number`, `created_at`, `updated_at`) VALUES (12, 12, 'Москва', 'Brittany Lane', '81', '', '33', '1272', '2014-06-27 15:40:31', '2011-12-07 01:52:43');
INSERT INTO `delivery_address` (`id`, `user_id`, `city`, `street`, `house_number`, `entrance`, `floors`, `apartment_number`, `created_at`, `updated_at`) VALUES (13, 13, 'Москва', 'Eulah Creek', '78', '2', '2', '209', '2014-07-28 06:01:04', '2017-01-18 20:10:03');
INSERT INTO `delivery_address` (`id`, `user_id`, `city`, `street`, `house_number`, `entrance`, `floors`, `apartment_number`, `created_at`, `updated_at`) VALUES (14, 14, 'Москва', 'Kristina Junctions', '29', '6', '22', '1692', '2014-08-31 18:31:42', '2013-12-14 00:42:20');
INSERT INTO `delivery_address` (`id`, `user_id`, `city`, `street`, `house_number`, `entrance`, `floors`, `apartment_number`, `created_at`, `updated_at`) VALUES (15, 15, 'Санкт-Петербург', 'Baumbach Rapid', '38', '9', '31', '1674', '2014-03-14 23:20:39', '2013-12-04 23:11:34');
INSERT INTO `delivery_address` (`id`, `user_id`, `city`, `street`, `house_number`, `entrance`, `floors`, `apartment_number`, `created_at`, `updated_at`) VALUES (16, 16, 'Москва', 'Mante Drive', '138', '5', '13', '743', '2017-04-05 23:06:06', '2012-06-06 06:38:44');
INSERT INTO `delivery_address` (`id`, `user_id`, `city`, `street`, `house_number`, `entrance`, `floors`, `apartment_number`, `created_at`, `updated_at`) VALUES (17, 17, 'Санкт-Петербург', 'Feil Harbor', '86', '5', '35', '846', '2014-07-20 14:03:59', '2019-10-21 12:54:18');
INSERT INTO `delivery_address` (`id`, `user_id`, `city`, `street`, `house_number`, `entrance`, `floors`, `apartment_number`, `created_at`, `updated_at`) VALUES (18, 18, 'Санкт-Петербург', 'Moriah Wall', '196', '2', '4', '877', '2017-11-28 02:29:53', '2016-08-07 03:48:41');
INSERT INTO `delivery_address` (`id`, `user_id`, `city`, `street`, `house_number`, `entrance`, `floors`, `apartment_number`, `created_at`, `updated_at`) VALUES (19, 19, 'Санкт-Петербург', 'Schulist Ranch', '60', '4', '4', '791', '2019-02-25 00:38:04', '2015-12-29 01:53:40');
INSERT INTO `delivery_address` (`id`, `user_id`, `city`, `street`, `house_number`, `entrance`, `floors`, `apartment_number`, `created_at`, `updated_at`) VALUES (20, 20, 'Москва', 'Volkman Isle', '106', '6', '25', '558', '2011-05-07 04:13:17', '2020-04-24 00:36:25');
INSERT INTO `delivery_address` (`id`, `user_id`, `city`, `street`, `house_number`, `entrance`, `floors`, `apartment_number`, `created_at`, `updated_at`) VALUES (21, 21, 'Санкт-Петербург', 'Cooper Mount', '279', '', '31', '1274', '2012-04-08 23:13:04', '2017-06-06 09:36:51');
INSERT INTO `delivery_address` (`id`, `user_id`, `city`, `street`, `house_number`, `entrance`, `floors`, `apartment_number`, `created_at`, `updated_at`) VALUES (22, 22, 'Санкт-Петербург', 'Oma Viaduct', '230', '4', '2', '309', '2015-05-02 05:58:48', '2020-07-23 07:19:34');
INSERT INTO `delivery_address` (`id`, `user_id`, `city`, `street`, `house_number`, `entrance`, `floors`, `apartment_number`, `created_at`, `updated_at`) VALUES (23, 23, 'Санкт-Петербург', 'Joesph Freeway', '226', '3', '21', '1916', '2018-02-09 23:55:47', '2011-09-24 11:07:01');
INSERT INTO `delivery_address` (`id`, `user_id`, `city`, `street`, `house_number`, `entrance`, `floors`, `apartment_number`, `created_at`, `updated_at`) VALUES (24, 24, 'Санкт-Петербург', 'Kohler Harbor', '230', '', '10', '142', '2015-07-08 11:26:19', '2016-01-21 08:35:28');
INSERT INTO `delivery_address` (`id`, `user_id`, `city`, `street`, `house_number`, `entrance`, `floors`, `apartment_number`, `created_at`, `updated_at`) VALUES (25, 25, 'Москва', 'Halvorson Trafficway', '154', '7', '9', '898', '2016-10-03 05:55:19', '2020-12-30 23:05:15');
INSERT INTO `delivery_address` (`id`, `user_id`, `city`, `street`, `house_number`, `entrance`, `floors`, `apartment_number`, `created_at`, `updated_at`) VALUES (26, 26, 'Санкт-Петербург', 'Reichert Tunnel', '13', '9', '20', '303', '2012-08-09 11:45:29', '2019-05-11 12:11:16');
INSERT INTO `delivery_address` (`id`, `user_id`, `city`, `street`, `house_number`, `entrance`, `floors`, `apartment_number`, `created_at`, `updated_at`) VALUES (27, 27, 'Санкт-Петербург', 'Tremblay Lock', '209', '4', '9', '1648', '2015-03-01 13:02:26', '2019-05-25 15:03:51');
INSERT INTO `delivery_address` (`id`, `user_id`, `city`, `street`, `house_number`, `entrance`, `floors`, `apartment_number`, `created_at`, `updated_at`) VALUES (28, 28, 'Москва', 'Pouros Street', '224', '3', '26', '1138', '2011-10-16 13:35:08', '2011-10-15 14:51:53');
INSERT INTO `delivery_address` (`id`, `user_id`, `city`, `street`, `house_number`, `entrance`, `floors`, `apartment_number`, `created_at`, `updated_at`) VALUES (29, 29, 'Москва', 'Kunze Club', '235', '1', '3', '1654', '2014-08-08 11:34:06', '2011-08-28 03:54:32');
INSERT INTO `delivery_address` (`id`, `user_id`, `city`, `street`, `house_number`, `entrance`, `floors`, `apartment_number`, `created_at`, `updated_at`) VALUES (30, 30, 'Санкт-Петербург', 'Hilpert Ridges', '143', '2', '34', '1342', '2014-02-17 23:41:23', '2014-09-24 10:12:39');
INSERT INTO `delivery_address` (`id`, `user_id`, `city`, `street`, `house_number`, `entrance`, `floors`, `apartment_number`, `created_at`, `updated_at`) VALUES (31, 31, 'Москва', 'Rodriguez Roads', '98', '8', '6', '1350', '2011-07-22 08:13:38', '2013-01-28 11:37:51');
INSERT INTO `delivery_address` (`id`, `user_id`, `city`, `street`, `house_number`, `entrance`, `floors`, `apartment_number`, `created_at`, `updated_at`) VALUES (32, 32, 'Москва', 'Volkman Landing', '276', '5', '16', '1104', '2012-11-12 07:21:16', '2013-06-28 22:59:02');
INSERT INTO `delivery_address` (`id`, `user_id`, `city`, `street`, `house_number`, `entrance`, `floors`, `apartment_number`, `created_at`, `updated_at`) VALUES (33, 33, 'Москва', 'Jast Islands', '267', '8', '26', '274', '2017-01-05 13:40:26', '2011-05-04 22:38:07');
INSERT INTO `delivery_address` (`id`, `user_id`, `city`, `street`, `house_number`, `entrance`, `floors`, `apartment_number`, `created_at`, `updated_at`) VALUES (34, 34, 'Санкт-Петербург', 'Lura Radial', '278', '9', '43', '2000', '2020-07-15 20:01:47', '2015-04-02 22:35:54');
INSERT INTO `delivery_address` (`id`, `user_id`, `city`, `street`, `house_number`, `entrance`, `floors`, `apartment_number`, `created_at`, `updated_at`) VALUES (35, 35, 'Санкт-Петербург', 'Margarete Landing', '136', '7', '7', '473', '2016-11-19 19:44:51', '2013-03-16 15:51:47');
INSERT INTO `delivery_address` (`id`, `user_id`, `city`, `street`, `house_number`, `entrance`, `floors`, `apartment_number`, `created_at`, `updated_at`) VALUES (36, 36, 'Москва', 'Candido Mission', '179', '8', '19', '925', '2011-12-26 21:32:10', '2016-07-13 17:47:53');
INSERT INTO `delivery_address` (`id`, `user_id`, `city`, `street`, `house_number`, `entrance`, `floors`, `apartment_number`, `created_at`, `updated_at`) VALUES (37, 37, 'Москва', 'Jayden Heights', '258', '9', '49', '1137', '2015-09-22 18:34:12', '2015-12-01 23:37:28');
INSERT INTO `delivery_address` (`id`, `user_id`, `city`, `street`, `house_number`, `entrance`, `floors`, `apartment_number`, `created_at`, `updated_at`) VALUES (38, 38, 'Санкт-Петербург', 'Ottilie Crest', '189', '4', '3', '498', '2016-07-12 01:01:34', '2011-10-25 19:24:07');
INSERT INTO `delivery_address` (`id`, `user_id`, `city`, `street`, `house_number`, `entrance`, `floors`, `apartment_number`, `created_at`, `updated_at`) VALUES (39, 39, 'Санкт-Петербург', 'Hills Falls', '148', '', '15', '139', '2017-11-22 13:19:28', '2018-08-09 16:21:08');
INSERT INTO `delivery_address` (`id`, `user_id`, `city`, `street`, `house_number`, `entrance`, `floors`, `apartment_number`, `created_at`, `updated_at`) VALUES (40, 40, 'Москва', 'Gerhard Drive', '117', '2', '48', '968', '2019-05-02 22:07:21', '2015-02-05 11:41:10');
INSERT INTO `delivery_address` (`id`, `user_id`, `city`, `street`, `house_number`, `entrance`, `floors`, `apartment_number`, `created_at`, `updated_at`) VALUES (41, 41, 'Москва', 'Reva Inlet', '245', '3', '35', '1366', '2020-01-26 02:51:21', '2013-11-17 05:40:32');
INSERT INTO `delivery_address` (`id`, `user_id`, `city`, `street`, `house_number`, `entrance`, `floors`, `apartment_number`, `created_at`, `updated_at`) VALUES (42, 42, 'Москва', 'Lazaro Mountains', '67', '9', '14', '1851', '2019-11-27 05:44:54', '2014-06-29 09:21:44');
INSERT INTO `delivery_address` (`id`, `user_id`, `city`, `street`, `house_number`, `entrance`, `floors`, `apartment_number`, `created_at`, `updated_at`) VALUES (43, 43, 'Санкт-Петербург', 'Maymie Inlet', '255', '2', '4', '1853', '2019-06-05 03:53:19', '2018-08-30 07:20:49');
INSERT INTO `delivery_address` (`id`, `user_id`, `city`, `street`, `house_number`, `entrance`, `floors`, `apartment_number`, `created_at`, `updated_at`) VALUES (44, 44, 'Санкт-Петербург', 'Graham Freeway', '48', '4', '18', '1495', '2017-02-04 22:01:34', '2020-02-26 11:31:19');
INSERT INTO `delivery_address` (`id`, `user_id`, `city`, `street`, `house_number`, `entrance`, `floors`, `apartment_number`, `created_at`, `updated_at`) VALUES (45, 45, 'Санкт-Петербург', 'Josh Hollow', '5', '2', '13', '1958', '2017-08-03 16:25:21', '2020-11-03 12:13:24');
INSERT INTO `delivery_address` (`id`, `user_id`, `city`, `street`, `house_number`, `entrance`, `floors`, `apartment_number`, `created_at`, `updated_at`) VALUES (46, 46, 'Москва', 'Skye Knoll', '293', '5', '26', '1864', '2020-03-05 18:22:48', '2014-11-23 17:21:54');
INSERT INTO `delivery_address` (`id`, `user_id`, `city`, `street`, `house_number`, `entrance`, `floors`, `apartment_number`, `created_at`, `updated_at`) VALUES (47, 47, 'Санкт-Петербург', 'Ryder Course', '190', '9', '16', '1862', '2020-07-19 09:47:25', '2018-09-05 03:45:23');
INSERT INTO `delivery_address` (`id`, `user_id`, `city`, `street`, `house_number`, `entrance`, `floors`, `apartment_number`, `created_at`, `updated_at`) VALUES (48, 48, 'Санкт-Петербург', 'Douglas Pike', '280', '2', '44', '1944', '2013-08-07 19:02:21', '2014-05-28 19:13:18');
INSERT INTO `delivery_address` (`id`, `user_id`, `city`, `street`, `house_number`, `entrance`, `floors`, `apartment_number`, `created_at`, `updated_at`) VALUES (49, 49, 'Санкт-Петербург', 'Jasmin Streets', '231', '9', '3', '961', '2013-01-04 21:50:07', '2014-11-23 06:57:17');
INSERT INTO `delivery_address` (`id`, `user_id`, `city`, `street`, `house_number`, `entrance`, `floors`, `apartment_number`, `created_at`, `updated_at`) VALUES (50, 50, 'Санкт-Петербург', 'Amina Divide', '40', '', '46', '1594', '2012-02-07 15:22:17', '2015-03-16 03:45:10');
INSERT INTO `delivery_address` (`id`, `user_id`, `city`, `street`, `house_number`, `entrance`, `floors`, `apartment_number`, `created_at`, `updated_at`) VALUES (51, 51, 'Санкт-Петербург', 'Little Inlet', '239', '1', '37', '330', '2012-12-19 04:02:01', '2012-07-20 10:57:37');
INSERT INTO `delivery_address` (`id`, `user_id`, `city`, `street`, `house_number`, `entrance`, `floors`, `apartment_number`, `created_at`, `updated_at`) VALUES (52, 52, 'Санкт-Петербург', 'Hessel Fort', '20', '3', '13', '1347', '2013-06-22 11:38:11', '2012-08-05 07:22:46');
INSERT INTO `delivery_address` (`id`, `user_id`, `city`, `street`, `house_number`, `entrance`, `floors`, `apartment_number`, `created_at`, `updated_at`) VALUES (53, 53, 'Санкт-Петербург', 'Casandra Lane', '83', '', '38', '30', '2017-08-29 04:26:57', '2020-06-09 13:09:21');
INSERT INTO `delivery_address` (`id`, `user_id`, `city`, `street`, `house_number`, `entrance`, `floors`, `apartment_number`, `created_at`, `updated_at`) VALUES (54, 54, 'Москва', 'Emard Plaza', '148', '3', '25', '602', '2014-03-19 19:38:57', '2011-08-18 12:51:01');
INSERT INTO `delivery_address` (`id`, `user_id`, `city`, `street`, `house_number`, `entrance`, `floors`, `apartment_number`, `created_at`, `updated_at`) VALUES (55, 55, 'Санкт-Петербург', 'Brisa Well', '118', '8', '43', '1369', '2017-06-07 02:46:48', '2015-03-14 21:46:35');
INSERT INTO `delivery_address` (`id`, `user_id`, `city`, `street`, `house_number`, `entrance`, `floors`, `apartment_number`, `created_at`, `updated_at`) VALUES (56, 56, 'Москва', 'Altenwerth Lodge', '40', '8', '45', '55', '2013-09-12 19:24:34', '2015-06-11 14:34:46');
INSERT INTO `delivery_address` (`id`, `user_id`, `city`, `street`, `house_number`, `entrance`, `floors`, `apartment_number`, `created_at`, `updated_at`) VALUES (57, 57, 'Санкт-Петербург', 'Wunsch Port', '268', '8', '27', '974', '2012-08-02 09:56:29', '2017-09-24 23:53:48');
INSERT INTO `delivery_address` (`id`, `user_id`, `city`, `street`, `house_number`, `entrance`, `floors`, `apartment_number`, `created_at`, `updated_at`) VALUES (58, 58, 'Санкт-Петербург', 'Herbert Vista', '278', '4', '4', '1063', '2019-10-09 06:44:28', '2013-11-25 23:45:27');
INSERT INTO `delivery_address` (`id`, `user_id`, `city`, `street`, `house_number`, `entrance`, `floors`, `apartment_number`, `created_at`, `updated_at`) VALUES (59, 59, 'Санкт-Петербург', 'Hilll Ports', '35', '9', '1', '404', '2013-02-02 12:27:54', '2014-12-31 05:55:29');
INSERT INTO `delivery_address` (`id`, `user_id`, `city`, `street`, `house_number`, `entrance`, `floors`, `apartment_number`, `created_at`, `updated_at`) VALUES (60, 60, 'Москва', 'Brakus Road', '283', '4', '7', '1076', '2014-05-13 01:42:43', '2011-05-13 00:48:56');
INSERT INTO `delivery_address` (`id`, `user_id`, `city`, `street`, `house_number`, `entrance`, `floors`, `apartment_number`, `created_at`, `updated_at`) VALUES (61, 61, 'Санкт-Петербург', 'Cole Rapids', '159', '1', '47', '340', '2020-12-23 07:47:13', '2018-02-23 22:48:26');
INSERT INTO `delivery_address` (`id`, `user_id`, `city`, `street`, `house_number`, `entrance`, `floors`, `apartment_number`, `created_at`, `updated_at`) VALUES (62, 62, 'Санкт-Петербург', 'Odessa Harbor', '144', '5', '44', '1232', '2015-05-21 22:46:59', '2019-12-19 00:10:46');
INSERT INTO `delivery_address` (`id`, `user_id`, `city`, `street`, `house_number`, `entrance`, `floors`, `apartment_number`, `created_at`, `updated_at`) VALUES (63, 63, 'Москва', 'Hermann Parkway', '22', '7', '20', '1834', '2015-11-07 19:16:19', '2012-09-27 16:39:11');
INSERT INTO `delivery_address` (`id`, `user_id`, `city`, `street`, `house_number`, `entrance`, `floors`, `apartment_number`, `created_at`, `updated_at`) VALUES (64, 64, 'Москва', 'Dina Trace', '137', '6', '46', '1380', '2014-06-04 21:28:17', '2015-06-30 00:25:35');
INSERT INTO `delivery_address` (`id`, `user_id`, `city`, `street`, `house_number`, `entrance`, `floors`, `apartment_number`, `created_at`, `updated_at`) VALUES (65, 65, 'Санкт-Петербург', 'Friesen Island', '108', '2', '41', '400', '2013-12-09 11:54:09', '2016-09-04 03:29:52');
INSERT INTO `delivery_address` (`id`, `user_id`, `city`, `street`, `house_number`, `entrance`, `floors`, `apartment_number`, `created_at`, `updated_at`) VALUES (66, 66, 'Москва', 'Magdalena Path', '219', '7', '23', '1937', '2015-12-04 03:28:26', '2018-06-10 01:39:49');
INSERT INTO `delivery_address` (`id`, `user_id`, `city`, `street`, `house_number`, `entrance`, `floors`, `apartment_number`, `created_at`, `updated_at`) VALUES (67, 67, 'Санкт-Петербург', 'Boehm Islands', '137', '2', '25', '759', '2015-10-10 17:28:34', '2018-01-04 19:47:17');
INSERT INTO `delivery_address` (`id`, `user_id`, `city`, `street`, `house_number`, `entrance`, `floors`, `apartment_number`, `created_at`, `updated_at`) VALUES (68, 68, 'Санкт-Петербург', 'Ritchie Mount', '226', '7', '25', '354', '2015-08-31 06:14:04', '2018-01-03 16:19:44');
INSERT INTO `delivery_address` (`id`, `user_id`, `city`, `street`, `house_number`, `entrance`, `floors`, `apartment_number`, `created_at`, `updated_at`) VALUES (69, 69, 'Москва', 'Schneider Cliff', '33', '7', '12', '1849', '2014-10-06 08:31:58', '2013-09-08 04:48:50');
INSERT INTO `delivery_address` (`id`, `user_id`, `city`, `street`, `house_number`, `entrance`, `floors`, `apartment_number`, `created_at`, `updated_at`) VALUES (70, 70, 'Санкт-Петербург', 'Marquardt Mountains', '45', '6', '2', '101', '2017-03-30 07:07:15', '2012-07-04 22:18:07');
INSERT INTO `delivery_address` (`id`, `user_id`, `city`, `street`, `house_number`, `entrance`, `floors`, `apartment_number`, `created_at`, `updated_at`) VALUES (71, 71, 'Москва', 'Trycia Port', '98', '5', '37', '127', '2020-12-04 12:44:39', '2015-02-10 06:42:57');
INSERT INTO `delivery_address` (`id`, `user_id`, `city`, `street`, `house_number`, `entrance`, `floors`, `apartment_number`, `created_at`, `updated_at`) VALUES (72, 72, 'Москва', 'Koch Hills', '298', '1', '24', '264', '2020-08-08 00:57:58', '2015-03-10 03:21:13');
INSERT INTO `delivery_address` (`id`, `user_id`, `city`, `street`, `house_number`, `entrance`, `floors`, `apartment_number`, `created_at`, `updated_at`) VALUES (73, 73, 'Москва', 'Mills Dale', '88', '2', '11', '812', '2019-02-13 21:45:28', '2014-12-07 18:55:13');
INSERT INTO `delivery_address` (`id`, `user_id`, `city`, `street`, `house_number`, `entrance`, `floors`, `apartment_number`, `created_at`, `updated_at`) VALUES (74, 74, 'Москва', 'Ethyl Meadow', '248', '1', '40', '53', '2011-09-20 01:04:38', '2014-02-13 21:35:22');
INSERT INTO `delivery_address` (`id`, `user_id`, `city`, `street`, `house_number`, `entrance`, `floors`, `apartment_number`, `created_at`, `updated_at`) VALUES (75, 75, 'Санкт-Петербург', 'Powlowski Plains', '225', '6', '26', '407', '2011-12-10 16:34:35', '2019-08-03 10:36:11');
INSERT INTO `delivery_address` (`id`, `user_id`, `city`, `street`, `house_number`, `entrance`, `floors`, `apartment_number`, `created_at`, `updated_at`) VALUES (76, 76, 'Санкт-Петербург', 'Spinka Spurs', '12', '6', '14', '467', '2017-09-16 05:39:13', '2014-01-21 17:27:18');
INSERT INTO `delivery_address` (`id`, `user_id`, `city`, `street`, `house_number`, `entrance`, `floors`, `apartment_number`, `created_at`, `updated_at`) VALUES (77, 77, 'Москва', 'Korey Keys', '23', '4', '28', '1297', '2012-03-09 13:04:19', '2014-12-18 23:33:23');
INSERT INTO `delivery_address` (`id`, `user_id`, `city`, `street`, `house_number`, `entrance`, `floors`, `apartment_number`, `created_at`, `updated_at`) VALUES (78, 78, 'Москва', 'Emmie Trail', '170', '9', '43', '568', '2012-06-12 23:48:12', '2016-05-29 13:17:43');
INSERT INTO `delivery_address` (`id`, `user_id`, `city`, `street`, `house_number`, `entrance`, `floors`, `apartment_number`, `created_at`, `updated_at`) VALUES (79, 79, 'Санкт-Петербург', 'Travis River', '155', '9', '40', '1703', '2020-05-19 10:00:50', '2016-10-10 10:37:07');
INSERT INTO `delivery_address` (`id`, `user_id`, `city`, `street`, `house_number`, `entrance`, `floors`, `apartment_number`, `created_at`, `updated_at`) VALUES (80, 80, 'Москва', 'Jakob Walks', '9', '6', '9', '1778', '2021-03-15 02:17:51', '2016-03-14 19:53:35');
INSERT INTO `delivery_address` (`id`, `user_id`, `city`, `street`, `house_number`, `entrance`, `floors`, `apartment_number`, `created_at`, `updated_at`) VALUES (81, 81, 'Москва', 'Bartoletti Street', '235', '3', '25', '269', '2019-04-12 06:31:26', '2012-11-06 14:43:57');
INSERT INTO `delivery_address` (`id`, `user_id`, `city`, `street`, `house_number`, `entrance`, `floors`, `apartment_number`, `created_at`, `updated_at`) VALUES (82, 82, 'Санкт-Петербург', 'Jast Fords', '211', '7', '49', '822', '2020-11-11 05:27:50', '2018-09-17 07:32:44');
INSERT INTO `delivery_address` (`id`, `user_id`, `city`, `street`, `house_number`, `entrance`, `floors`, `apartment_number`, `created_at`, `updated_at`) VALUES (83, 83, 'Санкт-Петербург', 'Angelica Ports', '299', '5', '37', '754', '2011-04-17 03:53:02', '2019-08-31 12:12:05');
INSERT INTO `delivery_address` (`id`, `user_id`, `city`, `street`, `house_number`, `entrance`, `floors`, `apartment_number`, `created_at`, `updated_at`) VALUES (84, 84, 'Санкт-Петербург', 'Haley Ford', '30', '3', '42', '563', '2013-02-06 14:29:35', '2014-10-25 18:54:15');
INSERT INTO `delivery_address` (`id`, `user_id`, `city`, `street`, `house_number`, `entrance`, `floors`, `apartment_number`, `created_at`, `updated_at`) VALUES (85, 85, 'Санкт-Петербург', 'Marilou Estate', '266', '7', '21', '221', '2016-03-09 10:54:03', '2015-08-02 02:50:16');
INSERT INTO `delivery_address` (`id`, `user_id`, `city`, `street`, `house_number`, `entrance`, `floors`, `apartment_number`, `created_at`, `updated_at`) VALUES (86, 86, 'Санкт-Петербург', 'Predovic Port', '69', '5', '8', '803', '2020-12-02 16:02:58', '2021-03-11 22:28:07');
INSERT INTO `delivery_address` (`id`, `user_id`, `city`, `street`, `house_number`, `entrance`, `floors`, `apartment_number`, `created_at`, `updated_at`) VALUES (87, 87, 'Санкт-Петербург', 'Parker Stravenue', '78', '5', '19', '1394', '2015-04-08 17:41:13', '2012-05-17 11:49:45');
INSERT INTO `delivery_address` (`id`, `user_id`, `city`, `street`, `house_number`, `entrance`, `floors`, `apartment_number`, `created_at`, `updated_at`) VALUES (88, 88, 'Москва', 'Trisha Ranch', '93', '9', '16', '308', '2018-02-03 23:32:17', '2014-07-23 01:28:22');
INSERT INTO `delivery_address` (`id`, `user_id`, `city`, `street`, `house_number`, `entrance`, `floors`, `apartment_number`, `created_at`, `updated_at`) VALUES (89, 89, 'Санкт-Петербург', 'Hadley Route', '266', '3', '14', '1424', '2013-01-23 02:50:23', '2020-03-10 12:18:21');
INSERT INTO `delivery_address` (`id`, `user_id`, `city`, `street`, `house_number`, `entrance`, `floors`, `apartment_number`, `created_at`, `updated_at`) VALUES (90, 90, 'Санкт-Петербург', 'Kaitlyn Motorway', '91', '8', '42', '1363', '2014-11-20 07:59:42', '2018-10-30 16:15:05');
INSERT INTO `delivery_address` (`id`, `user_id`, `city`, `street`, `house_number`, `entrance`, `floors`, `apartment_number`, `created_at`, `updated_at`) VALUES (91, 91, 'Москва', 'Hamill Club', '163', '5', '4', '557', '2019-03-06 08:54:07', '2020-02-23 13:44:31');
INSERT INTO `delivery_address` (`id`, `user_id`, `city`, `street`, `house_number`, `entrance`, `floors`, `apartment_number`, `created_at`, `updated_at`) VALUES (92, 92, 'Москва', 'Parisian Groves', '116', '4', '36', '1532', '2016-08-21 21:37:47', '2020-04-08 14:05:33');
INSERT INTO `delivery_address` (`id`, `user_id`, `city`, `street`, `house_number`, `entrance`, `floors`, `apartment_number`, `created_at`, `updated_at`) VALUES (93, 93, 'Москва', 'Jacobson Knolls', '89', '5', '38', '1528', '2018-08-17 06:36:05', '2018-07-27 10:49:20');
INSERT INTO `delivery_address` (`id`, `user_id`, `city`, `street`, `house_number`, `entrance`, `floors`, `apartment_number`, `created_at`, `updated_at`) VALUES (94, 94, 'Санкт-Петербург', 'Violette Burg', '22', '6', '14', '375', '2016-07-09 17:51:13', '2020-12-15 09:43:38');
INSERT INTO `delivery_address` (`id`, `user_id`, `city`, `street`, `house_number`, `entrance`, `floors`, `apartment_number`, `created_at`, `updated_at`) VALUES (95, 95, 'Москва', 'Carlos Gardens', '26', '4', '25', '331', '2020-12-10 06:04:21', '2012-09-09 19:20:28');
INSERT INTO `delivery_address` (`id`, `user_id`, `city`, `street`, `house_number`, `entrance`, `floors`, `apartment_number`, `created_at`, `updated_at`) VALUES (96, 96, 'Москва', 'Johnathan Path', '240', '9', '2', '1687', '2014-12-27 03:41:43', '2020-02-29 01:01:06');
INSERT INTO `delivery_address` (`id`, `user_id`, `city`, `street`, `house_number`, `entrance`, `floors`, `apartment_number`, `created_at`, `updated_at`) VALUES (97, 97, 'Москва', 'Pollich Wall', '278', '5', '41', '811', '2012-03-13 13:29:29', '2019-07-11 21:34:11');
INSERT INTO `delivery_address` (`id`, `user_id`, `city`, `street`, `house_number`, `entrance`, `floors`, `apartment_number`, `created_at`, `updated_at`) VALUES (98, 98, 'Санкт-Петербург', 'Geraldine Junctions', '99', '2', '31', '1736', '2017-10-11 21:57:10', '2017-12-11 10:02:04');
INSERT INTO `delivery_address` (`id`, `user_id`, `city`, `street`, `house_number`, `entrance`, `floors`, `apartment_number`, `created_at`, `updated_at`) VALUES (99, 99, 'Санкт-Петербург', 'Weimann Corner', '120', '5', '47', '728', '2014-11-10 14:06:11', '2019-12-05 07:54:20');
INSERT INTO `delivery_address` (`id`, `user_id`, `city`, `street`, `house_number`, `entrance`, `floors`, `apartment_number`, `created_at`, `updated_at`) VALUES (100, 100, 'Санкт-Петербург', 'Rath Ramp', '193', '8', '46', '847', '2013-05-12 11:17:42', '2013-03-08 14:29:15');

INSERT INTO payment_type (name) VALUES
  ('Наличными'),
  ('Картой'),
  ('Google Pya');

INSERT INTO dishes (name, description, weight, energy, protein, fat, carbohydrate, price) VALUES
  ('Шарлотка с грушей и миндалем','text', '100', '140','7','3','21','101'),
  ('Рисовые блинчики со сливочным муссом и фундуком', 'text','160','300','15','15','26', '102'),
  ('Шоколадно-кокосовый сырник с вишневым джемом','text','10', '377','23','9','51','103'),
  ('японские сырники','text','120','204','17','6','21','104'),
  ('десерт парфе манго','text','100','139','4','5','19','105'),
  ('десерт фисташка-малина','text', '100', '191', '5', '7', '28', '106'),
  ('десерт красный бархат','text', '100','138','4','4','23','107'),
  ('десерт три шоколада','text', '100', '173','6','8','20','108'),
  ('десерт медовик с вареной сгущенкой','text', '100', '171','5','7','21','109'),
  ('десерт вареная сгущенка с арахисом и шоколадом','text', '100','235','8','13','22','110'),
  ('лазанья с курицей и соусом бешамель','text','220', '436','35','26','14','111'),
  ('салат с тунцом и заправкой с гуакамоле','text','100','110','7','8','3','112'),
  ('салат с лососем, арахисом и вьетнамским соусом','text','206', '198','13','11','11','113'),
  ('салат с ростбифом, грецким орехом, артишоками и брусничным соусом','text',' 131', '318','12','27','7','115'),
  ('картофельный пирок с говядиной и сыром','text',' 180', '348','22','17','27','116'),
  ('пшеничные блинчики со шпинатным кремом и семгой','text','91','177','10','10','12','117'),
  ('куриное оладьи с морковью черри и соусом лобио','text','190', '229','20','13','8','118'),
  ('куриное филе с сливочном карри с овощами','text','180', '208','11','12','12','119'),
  ('куриное филе в соусе чили с рататуем','text','200', '143','13','5','11','120'),
  ('куриное филе под тайским соусом с овощами','text','201', '181','13','9','11','121'),
  ('курица с нежном чили соусе с пряной свеклой','text','250', '283','17','17','16','122' ),
  ('Лосось в сливочно-шпинатном соусе и рис ассорти','text','190', '298','13','16','26','123'),
  ('стейк из лосося','text','143','248','25','16','1','124'),
  ('Боул с говядиной и пряной заправкой','text','240', '386','14','20','37','125'),
  ('куриная котлетка с тыквенном соусе и булгур с овощами','text','280', '322','20','13','32','126'),
  ('куриное филе в кляре из брокколи и рагу по-сицилийски','text','180', '294','22','17','14','127'),
  ('говядина в сырном соусе и овощами на пору','text','190', '256','14','18','12','128'),
  ('говядина в японском соусе и кабачки на гриле','text','190', '228','11','14','14','129'),
  ('Куриное филе в нежном соусе с базиликом и брокколи ','text','200', '205', '24','9','6','130'),
  ('суфле из трески с морковью и соусом бешамель','text','152','159','12','8','10','131'),
  ('индейка в соусе сациви и кускус','text','170', '227','18','9','20','132'),
  ('куриное филе в морковном кляре с картофелем айдахо и брокколи','text','210','352','28','19','17','133'),
  ('Омлет с кабачками. Рисовая каша с бананом','text','194','203','9','12','13','134'),
  ('паста фарфалле с курицей, шпинатом и пармезаном','text','210','352','19','17','30','135'),
  ('рыба в сливочном соусе и булгур','text','200','308','12','18','24','136'),
  ('запеченная рыба в слиыочном соусе с кабачками натгриле','text','180','230','8','18','8','137'),
  ('нежное филе индейки в маринаде из васаби','text','130', '301','25','18','11','138'),
  ('стейк из курицы в имбирном маринаде со стручковой фасолью','text','180','183','22','8','5','139'),
  ('Морковный пирог и винильный крем с маком','text',' 150','290','12','13','31','140'),
  ('Панкейки с сухофруктами и клубнично-ананасовый смузи ','text','170','258','8','8','38','141' ),
  ('Овсяные блинчики со сливочным кремом и клубничным конфитюром ','text','150', '281','10','16','25','142'),
  ('смузи-бол с клубникой и киви ','text','200', '169','14','6','16','143'),
  ('Салат с моцареллой и соусом гуакамоле ','text','100','168','8','13','3','144'),
  ('запеченные сырники ','text','240', '538','43','19','48','145'),
  ('Рисовая каша с яблоками и корицей','text','230', '202','6','5','35','158'),
  ('сэндвич  индейкой и маринованными огурчиками','text',' 182','428','29','20','33','146' ),
  ('кацудон из курицы и рис с зеленью','text','180', '463','30','15','52','150'),
  ('котлетки из говядины и курицы с запеченным картофелем с розмарином','text','340', '415','41','6','47','100'),
  ('Тыквенные блинчики с рикоттой и карамелизорованным яблочками','text','243','575','14','32','59','108'),
  ('Омлет по-мексикански. Овсяные маффины с арахисом','text','270','437','22','20','42','149'),
  ('десерт с гранолой и медово-манговым конфитюром ','text','230','460','23','19','49','158'),
  ('классический омлет и вишневый маффин','text','170','299','12','15','29','112'),
  ('пшеничные блинчики с медовым муссом','text','180','442','11','31','31','122'),
  ('кокосовые маффины и йогуртовый крем','text','168', '457','10','27','44','121'),
  ('рисовые блинчики с шоколадным муссом и вишневым джемом','text','130','285','7','16','27','111'),
  ('рисовая каша с лесными ягодами','text','220','190','5','4','33','121'),
  ('яблочные кексы с изюмом и грецким орехом','text','130','404','7','17','56','221'),
  ('Cэндвич с моцареллой и ветчиной','text','170','432','17','24','36','112'),
  ('шпинатные блинчики с муссом из лосося и шафрановый соус','text','218','434','18','29','25','242'),
  ('каша рисовая с бананами','text','220','274','6','12','36','124'),
  ('омлет-пицца османская с куриным фаршем','text','200','318','21','25','3','132'),
  ('овсяная каша с грушевым конфитюром','text','280','181','8','5','27','243'),
  ('тыквенные блинчики и сливочный мусс с манго','text','160', '400','9','28','27','233'),
  ('овсянный пай с малиновым конфитюром','text','200','203','20','8','14','153'),
  ('легкий салат со шпинатом и яйцом','text','149','375','10','37','1','145'),
  ('нежный террин из говядины с брусникой и шафрановым соусом','text','157','356','18','29','5','186'),
  ('чука с ореховым соусом','text','202','259','5','16','23','175'),
  ('сырники с персиками, кукурузная каша с клюквой ','text','295','496','17','20','63','145'),
  ('Запеканка с яблочно-облепиховым конфитюром ','text','240','311','22','8','38','143'),
  ('блинчик с фаршем из говядины, курицы и овсяные печенья с шоколадом','text','207','655','15','29','83','143'),
  ('запеканка с яблоком и корицей ','text','200','354','28','10','38','155'),
  ('Десерт с гранолой и клубничным соусом','text','160','204','16','9','15','144'),
  ('смузи-боул с ягодами годжи. Шоколадный блинчик','text','188','489','39','21','37','133'),
  ('нежные сырники. Омлет с сыром','text','270','493','41','25','26','153'),
  ('кукурузная каша с кешью и медово-манговым конфитюром','text*','230','292','8','16','29','124'),
  ('тыквенные блинчики и сливочный мусс с манго','text','160','400','9','28','27','164'),
  ('йогуртовый десерт с гранолой','text','200','364','12','24','25','143' ),
  ('блинчик с ветчиной и сыром, овсяное печенье с арахисовой пастой','text','203','730','21','44','63','143'),
  ('омлет с томатами и сырным соусом ','text','164','250','14','20','4','165'),
  ('Блинчики со сливочным кремом и вишней','text','321','568','33','22','59','123'),
  ('Омлет с сыром и цветной капустой ','text','160','228','13','18','2','155'),
  ('нежный крем из тунца с пряностями и тосты ','text','152','426','17','24','36','234'),
  ('творог с грушей и гранолой','text','160','252','18','10','24','167'),
  ('Итальянский салат с фунзилли и ветчиной','text','168','211','7','11','22','144'),
  ('Круассан с ветчиной и сыром ','text','120','473','10','34','32','184'),
  ('куриные ежики под соусом бешамель с драниками','text','300','432','30','12','51','135'),
  ('брауни с черной смородиной и арахисом','text','220','615','15','26','80','176'),
  ('картофельный пирог с курицей','text','200','316','22','12','30','167'),
  ('Вок с копченой курицей','text','250','332','18','11','41','251'),
  ('котлеты по-сербски с брынзой и пюре','text','340','518','31','24','44','198'),
  ('фахитос с курицей и тако рис','text','360','365','20','8','54','201'),
  ('фирменный свекольник с курицей ','text','300','387','20','27','17','200'),
  ('крем-суп из брокколи ','text','250','181','6','13','11','199'),
  ('овощной суп','text','280','63','4','1','8','188'),
  ('крем-суп с лососем ','text','300','237','16','14','12','177'),
  ('паста Болоньезе с сыром ','text','300','425','26','17','43','166' ),
  ('жаркое из курицы с овощами','text','370','585','19','33','53','155'),
  ('соба с говядиной в соусе терияки','text','190','250','12','11','25','111'),
  ('феттучини с лососем в сливочном соусе с маком','text','252','465','21','30','27','222'),
  ('грибной крем-суп с хлебцами по-итальянски','text','250','297','6','17','30','245'),
  ('фрикасе из курицы с грибами и булгуром','text','230','290','221','11','27','280'),
  ('Бефстроганов из говядины с гречкой','text','220','338','17','17','30','165'),
  ('куриная грудка со шпинатом и картофель с сыром фета','text','250','370','32','17','22','124'),
  ('фузилли с говядиной и грибами в сливочно-томатном соусе','text','295','484','15','23','53','254'),
  ('рагу болоньезе и рис карри ','text','350','462','18','20','52','260'),
  ('говядина с ореховым соусом и фузилли ','text','230','413','15','19','45','222'),
  ('рубленная говояина в овощном соусе с ризо','text','180','266','13','15','21','233'),
  ('говядина с пряным тыквенным соусом и рисом','text','250','321','13','14','35','244'),
  ('курица в сливочно-горчичном соусе и кускус с овощами','text','210','277','19','13','19','254'),
  ('говядина под соусом бешамель с томатами и гречкой','text','280','415','28','11','51','164'),
  ('вок по-гавайски с курицей ','text','352','482','20','20','56','178'),
  ('куриная котлета в сливочном терияки и плотавская каша','text','220','257','15','13','24','167'),
  ('мясная запеканка с овощами и сливочно-томатной песто','text','210','265','12','13','24','154'),
  ('люля из курицы в сливочном чили и кускус','text','240','378','26','19','26','185'),
  ('куриное филе, тушеное в кокосовом молоке с булгуром','text','200','258','23','9','24','186'),
  ('легкий суп с курицей и овощами','text','300','252','17','14','14','123'),
  ('Воздушный мусс с медом и имбирем','text','200','432','29','16','43','125'),
  ('гранола с яблочно-ванильным кремом','text','120','302','6','20','24','134'),
  ('Тарт с молочным шоколадом и вишнёвым конфитюром','text','140','381','8','22','36','123'),
  ('Королевские креветки в соусе терияке','text','146','190','25','3','15','234'),
  ('йогуртовое парфе с мюсли и ягодами годжи','text','151','228','14','1','21','233'),
  ('Омлет с сыром и соусом песто','text','130','182','14','13','1','155'),
  ('Салат с зеленой чечевицей, кукурузой и пряным соусом','text','196','259','7','17','20','163'),
  ('Запеченные яблоки в йогуртовым кремом','text','130','106','6','2','15','162'),
  ('Ролл по-мексикански с говядиной ','text','230','378','16','16','42','161'),
  ('гратен с шампиньонами ','text','120','131','10','9','2','159'),
  ('Пряный салат с куриной грудкой ','text','153','142','9','7','9','158'),
  ('Банановый кекс с маком и карамельным соусом','text','178','587','8','41','48','157'),
  ('салат цезарь с ржаными гренками','text','141','137','12','5','10','155'),
  ('салат с тунцом и скрэмблом в медово-горчичном соусе ','text','168','248','12','19','8','156'),
  ('Блинчики со сливочно-персиковым кремом ','text','190','442','10','29','35','154'),
  ('чахохбили из курицы  с гречкой ','text','400','609','36','28','53','153'),
  ('куриные оладьи и кускус с овощами ','text','320','453','31','19','39','152'),
  ('куриная котлета по-домашнему и гречка с овощами','text','350','531','45','14','56','151'),
  ('куриные тефтели в итальянском соусе и пшеничная каша с овощами ','text','340','410','21','17','42','200'),
  ('морс из клюквы и смородины ','text','300','118','1','0','28','190'),
  ('холодный яай с клюквой и апельсином ','text','300','84','0','0','21','180'),
  ('яблочный морс с корицей ','text','300','125','0','0','30','170'),
  ('морс из клюквы и брусники ','text','300','122','0','0','29','160'),
  ('напиток из облепихи и черной смородины ','text','300','163','1','2','35','150'),
  ('морс с клубникой , смородиной и брусникой','text','300','140','1','1','33','149'),
  ('облепиховой морс с апельсином','text','300','142','1','2','29','148'),
  ('имбирно-малиновый лимонад с мятой','text','300','119','1','0','28','147');

INSERT INTO `cards` (`id`, `user_id`, `card_types`, `card_number`, `card_validity`, `created_at`, `updated_at`) VALUES (1, 1, 'MasterCard', '2151', '2024-07-12', '2018-06-23 19:27:24', '2015-08-19 13:11:12');
INSERT INTO `cards` (`id`, `user_id`, `card_types`, `card_number`, `card_validity`, `created_at`, `updated_at`) VALUES (2, 2, 'МИР', '134472254', '2023-08-19', '2017-03-02 03:29:32', '2012-09-05 09:46:42');
INSERT INTO `cards` (`id`, `user_id`, `card_types`, `card_number`, `card_validity`, `created_at`, `updated_at`) VALUES (3, 3, 'МИР', '920729217', '2022-04-10', '2020-02-04 00:38:29', '2014-03-22 02:04:49');
INSERT INTO `cards` (`id`, `user_id`, `card_types`, `card_number`, `card_validity`, `created_at`, `updated_at`) VALUES (4, 4, 'МИР', '7131', '2022-11-07', '2016-10-12 13:11:07', '2013-10-23 04:18:50');
INSERT INTO `cards` (`id`, `user_id`, `card_types`, `card_number`, `card_validity`, `created_at`, `updated_at`) VALUES (5, 5, 'МИР', '22015090', '2022-03-21', '2014-12-14 21:23:14', '2017-10-21 18:08:20');
INSERT INTO `cards` (`id`, `user_id`, `card_types`, `card_number`, `card_validity`, `created_at`, `updated_at`) VALUES (6, 6, 'VISA', '926064', '2023-07-28', '2016-03-20 12:34:01', '2013-06-26 07:12:14');
INSERT INTO `cards` (`id`, `user_id`, `card_types`, `card_number`, `card_validity`, `created_at`, `updated_at`) VALUES (7, 7, 'VISA', '71198', '2023-07-04', '2019-02-06 07:59:13', '2017-06-22 13:28:52');
INSERT INTO `cards` (`id`, `user_id`, `card_types`, `card_number`, `card_validity`, `created_at`, `updated_at`) VALUES (8, 8, 'МИР', '47', '2023-11-06', '2017-03-04 11:52:16', '2014-10-12 08:53:56');
INSERT INTO `cards` (`id`, `user_id`, `card_types`, `card_number`, `card_validity`, `created_at`, `updated_at`) VALUES (9, 9, 'MasterCard', '649945', '2022-09-15', '2012-07-21 02:56:14', '2016-07-25 23:45:42');
INSERT INTO `cards` (`id`, `user_id`, `card_types`, `card_number`, `card_validity`, `created_at`, `updated_at`) VALUES (10, 10, 'VISA', '284717631', '2024-01-15', '2020-06-17 06:08:04', '2013-04-07 20:57:47');
INSERT INTO `cards` (`id`, `user_id`, `card_types`, `card_number`, `card_validity`, `created_at`, `updated_at`) VALUES (11, 11, 'MasterCard', '12305', '2023-02-05', '2017-03-12 00:42:17', '2013-09-22 04:08:43');
INSERT INTO `cards` (`id`, `user_id`, `card_types`, `card_number`, `card_validity`, `created_at`, `updated_at`) VALUES (12, 12, 'VISA', '106', '2022-11-12', '2012-01-17 16:20:40', '2014-07-27 10:55:33');
INSERT INTO `cards` (`id`, `user_id`, `card_types`, `card_number`, `card_validity`, `created_at`, `updated_at`) VALUES (13, 13, 'МИР', '4784183', '2022-06-23', '2012-07-11 20:56:15', '2018-10-01 00:53:19');
INSERT INTO `cards` (`id`, `user_id`, `card_types`, `card_number`, `card_validity`, `created_at`, `updated_at`) VALUES (14, 14, 'MasterCard', '673272', '2022-09-15', '2020-02-14 06:46:09', '2013-12-17 11:15:01');
INSERT INTO `cards` (`id`, `user_id`, `card_types`, `card_number`, `card_validity`, `created_at`, `updated_at`) VALUES (15, 15, 'МИР', '8369077', '2022-05-16', '2021-01-11 17:57:46', '2016-12-26 10:10:03');
INSERT INTO `cards` (`id`, `user_id`, `card_types`, `card_number`, `card_validity`, `created_at`, `updated_at`) VALUES (16, 16, 'VISA', '2', '2022-10-14', '2019-09-27 01:56:08', '2018-04-30 18:22:25');
INSERT INTO `cards` (`id`, `user_id`, `card_types`, `card_number`, `card_validity`, `created_at`, `updated_at`) VALUES (17, 17, 'MasterCard', '484221', '2022-08-22', '2015-05-01 21:42:44', '2019-03-23 14:19:38');
INSERT INTO `cards` (`id`, `user_id`, `card_types`, `card_number`, `card_validity`, `created_at`, `updated_at`) VALUES (18, 18, 'МИР', '1', '2022-01-07', '2011-12-08 02:05:40', '2014-07-16 08:22:13');
INSERT INTO `cards` (`id`, `user_id`, `card_types`, `card_number`, `card_validity`, `created_at`, `updated_at`) VALUES (19, 19, 'MasterCard', '332766', '2024-11-15', '2017-08-19 09:04:37', '2019-01-19 07:27:35');
INSERT INTO `cards` (`id`, `user_id`, `card_types`, `card_number`, `card_validity`, `created_at`, `updated_at`) VALUES (20, 20, 'МИР', '57196064', '2023-01-27', '2016-12-06 08:19:24', '2018-03-15 10:46:40');
INSERT INTO `cards` (`id`, `user_id`, `card_types`, `card_number`, `card_validity`, `created_at`, `updated_at`) VALUES (21, 21, 'MasterCard', '503439', '2023-10-09', '2015-09-06 12:11:56', '2012-05-22 18:37:30');
INSERT INTO `cards` (`id`, `user_id`, `card_types`, `card_number`, `card_validity`, `created_at`, `updated_at`) VALUES (22, 22, 'MasterCard', '8420632', '2023-09-27', '2019-01-10 20:27:10', '2017-04-30 10:35:00');
INSERT INTO `cards` (`id`, `user_id`, `card_types`, `card_number`, `card_validity`, `created_at`, `updated_at`) VALUES (23, 23, 'MasterCard', '402', '2023-06-16', '2014-08-14 12:36:36', '2011-06-09 20:25:09');
INSERT INTO `cards` (`id`, `user_id`, `card_types`, `card_number`, `card_validity`, `created_at`, `updated_at`) VALUES (24, 24, 'MasterCard', '0', '2023-10-16', '2016-03-07 06:47:55', '2015-03-27 11:10:16');
INSERT INTO `cards` (`id`, `user_id`, `card_types`, `card_number`, `card_validity`, `created_at`, `updated_at`) VALUES (25, 25, 'МИР', '0', '2023-08-22', '2019-08-25 09:30:00', '2018-07-28 12:26:16');
INSERT INTO `cards` (`id`, `user_id`, `card_types`, `card_number`, `card_validity`, `created_at`, `updated_at`) VALUES (26, 26, 'VISA', '0', '2023-12-08', '2015-05-21 17:14:35', '2017-12-30 10:42:39');
INSERT INTO `cards` (`id`, `user_id`, `card_types`, `card_number`, `card_validity`, `created_at`, `updated_at`) VALUES (27, 27, 'МИР', '161170306', '2022-12-17', '2015-09-22 07:19:38', '2016-05-30 03:52:33');
INSERT INTO `cards` (`id`, `user_id`, `card_types`, `card_number`, `card_validity`, `created_at`, `updated_at`) VALUES (28, 28, 'МИР', '0', '2022-03-09', '2014-08-02 05:17:01', '2020-03-10 10:34:27');
INSERT INTO `cards` (`id`, `user_id`, `card_types`, `card_number`, `card_validity`, `created_at`, `updated_at`) VALUES (29, 29, 'VISA', '0', '2022-10-05', '2015-01-12 05:28:01', '2018-02-27 19:29:45');
INSERT INTO `cards` (`id`, `user_id`, `card_types`, `card_number`, `card_validity`, `created_at`, `updated_at`) VALUES (30, 30, 'MasterCard', '72117060', '2022-08-24', '2018-05-04 02:47:50', '2016-01-17 22:10:53');
INSERT INTO `cards` (`id`, `user_id`, `card_types`, `card_number`, `card_validity`, `created_at`, `updated_at`) VALUES (31, 31, 'VISA', '15145951', '2022-06-29', '2015-03-15 15:33:50', '2020-05-07 04:18:52');
INSERT INTO `cards` (`id`, `user_id`, `card_types`, `card_number`, `card_validity`, `created_at`, `updated_at`) VALUES (32, 32, 'VISA', '8', '2022-11-02', '2012-07-31 16:24:48', '2021-02-25 09:21:05');
INSERT INTO `cards` (`id`, `user_id`, `card_types`, `card_number`, `card_validity`, `created_at`, `updated_at`) VALUES (33, 33, 'MasterCard', '0', '2022-04-02', '2018-06-26 23:47:23', '2020-10-18 05:54:28');
INSERT INTO `cards` (`id`, `user_id`, `card_types`, `card_number`, `card_validity`, `created_at`, `updated_at`) VALUES (34, 34, 'МИР', '67055420', '2022-01-05', '2016-05-02 08:10:25', '2015-07-11 21:29:10');
INSERT INTO `cards` (`id`, `user_id`, `card_types`, `card_number`, `card_validity`, `created_at`, `updated_at`) VALUES (35, 35, 'MasterCard', '6', '2022-02-24', '2012-08-10 06:42:16', '2020-05-13 17:50:17');
INSERT INTO `cards` (`id`, `user_id`, `card_types`, `card_number`, `card_validity`, `created_at`, `updated_at`) VALUES (36, 36, 'МИР', '59318203', '2022-06-10', '2011-10-28 11:29:45', '2012-07-08 01:05:32');
INSERT INTO `cards` (`id`, `user_id`, `card_types`, `card_number`, `card_validity`, `created_at`, `updated_at`) VALUES (37, 37, 'MasterCard', '29', '2022-06-17', '2018-01-06 15:34:36', '2016-08-04 13:38:39');
INSERT INTO `cards` (`id`, `user_id`, `card_types`, `card_number`, `card_validity`, `created_at`, `updated_at`) VALUES (38, 38, 'MasterCard', '950116', '2022-03-02', '2019-06-30 05:10:42', '2020-08-19 12:00:46');
INSERT INTO `cards` (`id`, `user_id`, `card_types`, `card_number`, `card_validity`, `created_at`, `updated_at`) VALUES (39, 39, 'VISA', '7521', '2022-06-27', '2019-10-01 09:49:55', '2020-11-03 15:55:53');
INSERT INTO `cards` (`id`, `user_id`, `card_types`, `card_number`, `card_validity`, `created_at`, `updated_at`) VALUES (40, 40, 'VISA', '48053557', '2022-12-25', '2017-05-03 11:49:16', '2011-10-21 17:04:33');
INSERT INTO `cards` (`id`, `user_id`, `card_types`, `card_number`, `card_validity`, `created_at`, `updated_at`) VALUES (41, 41, 'MasterCard', '133543', '2022-06-02', '2012-06-09 05:18:21', '2020-09-14 12:52:29');
INSERT INTO `cards` (`id`, `user_id`, `card_types`, `card_number`, `card_validity`, `created_at`, `updated_at`) VALUES (42, 42, 'MasterCard', '18', '2022-02-20', '2012-02-16 10:03:27', '2019-05-05 05:47:17');
INSERT INTO `cards` (`id`, `user_id`, `card_types`, `card_number`, `card_validity`, `created_at`, `updated_at`) VALUES (43, 43, 'МИР', '993154459', '2023-04-12', '2019-08-24 19:59:44', '2017-11-07 09:27:34');
INSERT INTO `cards` (`id`, `user_id`, `card_types`, `card_number`, `card_validity`, `created_at`, `updated_at`) VALUES (44, 44, 'MasterCard', '413', '2023-12-04', '2016-12-31 04:59:48', '2020-08-07 10:34:19');
INSERT INTO `cards` (`id`, `user_id`, `card_types`, `card_number`, `card_validity`, `created_at`, `updated_at`) VALUES (45, 45, 'МИР', '5', '2023-07-20', '2015-09-29 03:12:44', '2014-01-19 03:55:54');
INSERT INTO `cards` (`id`, `user_id`, `card_types`, `card_number`, `card_validity`, `created_at`, `updated_at`) VALUES (46, 46, 'VISA', '23505334', '2023-01-17', '2017-03-25 05:13:39', '2019-08-18 08:13:32');
INSERT INTO `cards` (`id`, `user_id`, `card_types`, `card_number`, `card_validity`, `created_at`, `updated_at`) VALUES (47, 47, 'MasterCard', '31584', '2023-07-23', '2014-05-16 13:22:23', '2012-04-30 14:07:57');
INSERT INTO `cards` (`id`, `user_id`, `card_types`, `card_number`, `card_validity`, `created_at`, `updated_at`) VALUES (48, 48, 'МИР', '50522288', '2023-05-13', '2013-02-10 09:49:36', '2017-01-08 02:28:42');
INSERT INTO `cards` (`id`, `user_id`, `card_types`, `card_number`, `card_validity`, `created_at`, `updated_at`) VALUES (49, 49, 'MasterCard', '41773', '2023-06-05', '2014-12-28 02:56:34', '2020-03-13 01:17:47');
INSERT INTO `cards` (`id`, `user_id`, `card_types`, `card_number`, `card_validity`, `created_at`, `updated_at`) VALUES (50, 50, 'MasterCard', '1608', '2023-03-28', '2012-10-09 21:55:19', '2012-11-05 21:29:24');
INSERT INTO `cards` (`id`, `user_id`, `card_types`, `card_number`, `card_validity`, `created_at`, `updated_at`) VALUES (51, 51, 'MasterCard', '738387', '2023-04-25', '2014-06-03 07:01:40', '2020-06-03 19:36:02');
INSERT INTO `cards` (`id`, `user_id`, `card_types`, `card_number`, `card_validity`, `created_at`, `updated_at`) VALUES (52, 52, 'МИР', '4', '2020-11-17', '2024-03-13 04:15:43', '2018-12-05 09:19:02');
INSERT INTO `cards` (`id`, `user_id`, `card_types`, `card_number`, `card_validity`, `created_at`, `updated_at`) VALUES (53, 53, 'MasterCard', '975414', '2024-08-21', '2018-02-24 18:28:10', '2017-07-25 17:19:29');
INSERT INTO `cards` (`id`, `user_id`, `card_types`, `card_number`, `card_validity`, `created_at`, `updated_at`) VALUES (54, 54, 'МИР', '132023340', '2024-11-01', '2017-11-07 06:52:23', '2019-10-05 14:47:39');
INSERT INTO `cards` (`id`, `user_id`, `card_types`, `card_number`, `card_validity`, `created_at`, `updated_at`) VALUES (55, 55, 'МИР', '40957796', '2024-08-12', '2012-07-15 04:27:37', '2017-11-30 09:17:17');
INSERT INTO `cards` (`id`, `user_id`, `card_types`, `card_number`, `card_validity`, `created_at`, `updated_at`) VALUES (56, 56, 'MasterCard', '609700', '2024-04-10', '2017-08-29 00:19:47', '2020-04-20 23:59:16');
INSERT INTO `cards` (`id`, `user_id`, `card_types`, `card_number`, `card_validity`, `created_at`, `updated_at`) VALUES (57, 57, 'МИР', '67', '2004-05-21', '2015-09-04 20:22:21', '2011-05-27 14:51:52');
INSERT INTO `cards` (`id`, `user_id`, `card_types`, `card_number`, `card_validity`, `created_at`, `updated_at`) VALUES (58, 58, 'VISA', '663', '2024-06-07', '2013-08-06 15:35:16', '2017-12-15 00:22:00');
INSERT INTO `cards` (`id`, `user_id`, `card_types`, `card_number`, `card_validity`, `created_at`, `updated_at`) VALUES (59, 59, 'МИР', '47770', '2024-12-17', '2017-01-03 02:38:02', '2012-09-11 16:02:00');
INSERT INTO `cards` (`id`, `user_id`, `card_types`, `card_number`, `card_validity`, `created_at`, `updated_at`) VALUES (60, 60, 'MasterCard', '3321', '2024-09-05', '2014-04-03 03:26:57', '2015-02-20 22:47:12');
INSERT INTO `cards` (`id`, `user_id`, `card_types`, `card_number`, `card_validity`, `created_at`, `updated_at`) VALUES (61, 61, 'МИР', '0', '2024-03-05', '2018-08-15 01:33:15', '2019-11-17 04:54:32');
INSERT INTO `cards` (`id`, `user_id`, `card_types`, `card_number`, `card_validity`, `created_at`, `updated_at`) VALUES (62, 62, 'VISA', '1588226', '2024-06-06', '2017-09-28 21:21:44', '2020-10-09 23:34:01');
INSERT INTO `cards` (`id`, `user_id`, `card_types`, `card_number`, `card_validity`, `created_at`, `updated_at`) VALUES (63, 63, 'МИР', '253084973', '2024-09-16', '2013-01-27 11:20:30', '2015-07-01 01:52:54');
INSERT INTO `cards` (`id`, `user_id`, `card_types`, `card_number`, `card_validity`, `created_at`, `updated_at`) VALUES (64, 64, 'VISA', '9', '2024-11-22', '2012-04-27 21:34:34', '2017-02-02 07:15:12');
INSERT INTO `cards` (`id`, `user_id`, `card_types`, `card_number`, `card_validity`, `created_at`, `updated_at`) VALUES (65, 65, 'VISA', '0', '2023-05-18', '2016-10-08 22:23:12', '2013-05-28 20:09:15');
INSERT INTO `cards` (`id`, `user_id`, `card_types`, `card_number`, `card_validity`, `created_at`, `updated_at`) VALUES (66, 66, 'MasterCard', '3388', '2023-03-03', '2015-05-17 05:06:48', '2018-02-06 03:10:14');
INSERT INTO `cards` (`id`, `user_id`, `card_types`, `card_number`, `card_validity`, `created_at`, `updated_at`) VALUES (67, 67, 'MasterCard', '61926044', '2023-07-20', '2014-11-06 15:41:30', '2014-09-18 11:21:54');
INSERT INTO `cards` (`id`, `user_id`, `card_types`, `card_number`, `card_validity`, `created_at`, `updated_at`) VALUES (68, 68, 'VISA', '6077700', '2023-02-07', '2015-07-09 23:03:28', '2020-09-02 23:02:07');
INSERT INTO `cards` (`id`, `user_id`, `card_types`, `card_number`, `card_validity`, `created_at`, `updated_at`) VALUES (69, 69, 'VISA', '6564854', '2023-06-04', '2013-05-23 17:06:45', '2016-11-17 20:51:59');
INSERT INTO `cards` (`id`, `user_id`, `card_types`, `card_number`, `card_validity`, `created_at`, `updated_at`) VALUES (70, 70, 'МИР', '29935023', '2023-12-06', '2012-09-17 03:32:33', '2011-12-14 22:32:43');
INSERT INTO `cards` (`id`, `user_id`, `card_types`, `card_number`, `card_validity`, `created_at`, `updated_at`) VALUES (71, 71, 'МИР', '1358', '2023-05-30', '2013-03-22 17:35:33', '2019-12-10 15:22:54');
INSERT INTO `cards` (`id`, `user_id`, `card_types`, `card_number`, `card_validity`, `created_at`, `updated_at`) VALUES (72, 72, 'МИР', '924', '2022-10-01', '2015-10-19 12:04:50', '2015-11-24 17:25:22');
INSERT INTO `cards` (`id`, `user_id`, `card_types`, `card_number`, `card_validity`, `created_at`, `updated_at`) VALUES (73, 73, 'VISA', '561861', '2022-01-05', '2021-02-20 06:08:27', '2014-12-19 11:10:01');
INSERT INTO `cards` (`id`, `user_id`, `card_types`, `card_number`, `card_validity`, `created_at`, `updated_at`) VALUES (74, 74, 'MasterCard', '0', '2022-12-07', '2015-11-04 07:35:19', '2012-07-20 04:24:10');
INSERT INTO `cards` (`id`, `user_id`, `card_types`, `card_number`, `card_validity`, `created_at`, `updated_at`) VALUES (75, 75, 'МИР', '0', '2022-06-25', '2015-05-04 16:45:39', '2014-08-15 05:33:03');
INSERT INTO `cards` (`id`, `user_id`, `card_types`, `card_number`, `card_validity`, `created_at`, `updated_at`) VALUES (76, 76, 'VISA', '549', '2022-04-25', '2012-09-10 16:19:15', '2018-06-29 23:27:49');
INSERT INTO `cards` (`id`, `user_id`, `card_types`, `card_number`, `card_validity`, `created_at`, `updated_at`) VALUES (77, 77, 'VISA', '54', '2022-01-24', '2012-09-29 15:23:08', '2019-06-25 01:58:52');
INSERT INTO `cards` (`id`, `user_id`, `card_types`, `card_number`, `card_validity`, `created_at`, `updated_at`) VALUES (78, 78, 'МИР', '485965465', '2022-06-18', '2016-04-25 11:51:50', '2011-05-29 15:47:40');
INSERT INTO `cards` (`id`, `user_id`, `card_types`, `card_number`, `card_validity`, `created_at`, `updated_at`) VALUES (79, 79, 'VISA', '69', '2022-05-21', '2017-04-16 09:48:44', '2014-06-10 23:31:25');
INSERT INTO `cards` (`id`, `user_id`, `card_types`, `card_number`, `card_validity`, `created_at`, `updated_at`) VALUES (80, 80, 'MasterCard', '152293359', '2022-08-18', '2019-12-20 17:42:24', '2013-11-29 18:54:28');
INSERT INTO `cards` (`id`, `user_id`, `card_types`, `card_number`, `card_validity`, `created_at`, `updated_at`) VALUES (81, 81, 'VISA', '0', '2022-02-01', '2015-01-22 14:45:17', '2015-08-05 11:27:37');
INSERT INTO `cards` (`id`, `user_id`, `card_types`, `card_number`, `card_validity`, `created_at`, `updated_at`) VALUES (82, 82, 'VISA', '8745736', '2022-01-31', '2015-11-14 04:04:54', '2011-03-22 03:17:25');
INSERT INTO `cards` (`id`, `user_id`, `card_types`, `card_number`, `card_validity`, `created_at`, `updated_at`) VALUES (83, 83, 'МИР', '14489556', '2022-12-16', '2016-03-29 00:43:53', '2013-12-13 04:34:32');
INSERT INTO `cards` (`id`, `user_id`, `card_types`, `card_number`, `card_validity`, `created_at`, `updated_at`) VALUES (84, 84, 'VISA', '0', '2022-01-29', '2012-12-30 14:05:00', '2018-06-23 22:48:29');
INSERT INTO `cards` (`id`, `user_id`, `card_types`, `card_number`, `card_validity`, `created_at`, `updated_at`) VALUES (85, 85, 'МИР', '84', '2022-02-17', '2020-09-30 00:19:47', '2019-04-04 11:06:42');
INSERT INTO `cards` (`id`, `user_id`, `card_types`, `card_number`, `card_validity`, `created_at`, `updated_at`) VALUES (86, 86, 'MasterCard', '0', '2022-10-19', '2017-03-04 19:18:37', '2017-02-11 13:40:04');
INSERT INTO `cards` (`id`, `user_id`, `card_types`, `card_number`, `card_validity`, `created_at`, `updated_at`) VALUES (87, 87, 'МИР', '0', '2022-07-29', '2021-01-23 15:14:53', '2013-01-30 00:49:06');
INSERT INTO `cards` (`id`, `user_id`, `card_types`, `card_number`, `card_validity`, `created_at`, `updated_at`) VALUES (88, 88, 'MasterCard', '12', '2022-05-12', '2011-08-08 07:47:44', '2013-09-28 01:15:25');
INSERT INTO `cards` (`id`, `user_id`, `card_types`, `card_number`, `card_validity`, `created_at`, `updated_at`) VALUES (89, 89, 'MasterCard', '0', '2022-01-13', '2011-04-13 12:03:33', '2014-11-14 23:32:14');
INSERT INTO `cards` (`id`, `user_id`, `card_types`, `card_number`, `card_validity`, `created_at`, `updated_at`) VALUES (90, 90, 'VISA', '33510240', '2022-12-30', '2015-02-20 23:59:20', '2016-08-18 21:58:56');
INSERT INTO `cards` (`id`, `user_id`, `card_types`, `card_number`, `card_validity`, `created_at`, `updated_at`) VALUES (91, 91, 'МИР', '240602', '2023-10-01', '2019-11-26 11:26:54', '2018-02-26 19:06:11');
INSERT INTO `cards` (`id`, `user_id`, `card_types`, `card_number`, `card_validity`, `created_at`, `updated_at`) VALUES (92, 92, 'MasterCard', '36905', '2023-08-27', '2015-12-09 19:57:57', '2012-11-14 01:36:17');
INSERT INTO `cards` (`id`, `user_id`, `card_types`, `card_number`, `card_validity`, `created_at`, `updated_at`) VALUES (93, 93, 'VISA', '500', '2023-11-16', '2018-09-11 11:58:42', '2011-04-08 12:14:01');
INSERT INTO `cards` (`id`, `user_id`, `card_types`, `card_number`, `card_validity`, `created_at`, `updated_at`) VALUES (94, 94, 'МИР', '3', '2023-12-11', '2014-04-18 00:48:17', '2011-05-29 00:50:07');
INSERT INTO `cards` (`id`, `user_id`, `card_types`, `card_number`, `card_validity`, `created_at`, `updated_at`) VALUES (95, 95, 'MasterCard', '650316', '2023-03-07', '2020-02-13 02:21:10', '2020-02-07 07:22:05');
INSERT INTO `cards` (`id`, `user_id`, `card_types`, `card_number`, `card_validity`, `created_at`, `updated_at`) VALUES (96, 96, 'VISA', '0', '2023-12-13', '2018-07-27 18:10:43', '2019-07-30 01:42:48');
INSERT INTO `cards` (`id`, `user_id`, `card_types`, `card_number`, `card_validity`, `created_at`, `updated_at`) VALUES (97, 97, 'VISA', '75', '2023-03-30', '2013-05-16 02:57:39', '2012-09-22 04:41:00');
INSERT INTO `cards` (`id`, `user_id`, `card_types`, `card_number`, `card_validity`, `created_at`, `updated_at`) VALUES (98, 98, 'MasterCard', '941', '2023-10-24', '2012-03-13 14:10:38', '2019-04-11 09:29:39');
INSERT INTO `cards` (`id`, `user_id`, `card_types`, `card_number`, `card_validity`, `created_at`, `updated_at`) VALUES (99, 99, 'MasterCard', '0', '2023-02-11', '2015-03-07 20:30:36', '2015-10-05 03:20:09');
INSERT INTO `cards` (`id`, `user_id`, `card_types`, `card_number`, `card_validity`, `created_at`, `updated_at`) VALUES (100, 100, 'MasterCard', '692070001', '2022-01-31', '2015-10-21 02:00:01', '2011-07-25 15:24:36');

INSERT INTO programs (name, description, energy, number_of_meals, price_min) VALUES
  ('EXPRESS FIT','Линейка Express Fit — это сбалансированная ускоренная программа питания, которая направлена на тех, кто хочет похудеть, а также поддерживать достигнутый результат','800','3','761'),
  ('SuperFIt','Super Fit - это низкокалорийная линейка питания, которая позволит в минимальные сроки достичь максимальных результатов','1000','4','778'),
  ('FIT','Линейка Fit — это сбалансированная программа питания, которая направлена на тех, кто хочет похудеть, а также поддерживать достигнутый результат','1200','5','850'),
  ('mFit', 'Линейка MFit — это программа питания, подходящая для комфортного похудения мужчинам, а также в качестве ежедневного рациона поддержания формы женщинам, ведущим активный образ жизни','1600','5','842'),
  ('DAILY','Линейка Daily — это полноценное 4-х разовое питание, которое идеально подойдет тем, кто хочет питаться вкусно и полезно каждый день','1400','4','731'),
  ('BRAKFAST','Линейка Breakfast — это завтраки, которые идеально подойдут тем, кто хочет завтракать вкусно и полезно каждый день','600','2','352'),
  ('BALANCE','Линейка Balance рассчитана на людей, занимающихся спортом. Оптимальное соотношение жиров, белков и углеводов способствует поддержанию спортивной формы','1800','5','910'),
  ('POWER','Линейка Power предназначена для профессиональных спортсменов, основной целью которых является набор мышечной массы','2500','6','978');
  
INSERT INTO subscription_type (name, number_of_day, discount, freezing) VALUES
  ('2 дня','2','0','0'),
  ('6 дней','6','0','0'),
  ('12 дней','12','5','0'),
  ('30 дней','30','12','1'),
  ('60 дней','60','15','1');
 
INSERT INTO `subscriptions` (`id`, `user_id`, `subscription_type_id`, `program_id`, `price`, `subscription_end_date`, `created_at`, `updated_at`) VALUES (1, 1, 1, 1, '32493.00', '2021-02-26', '2017-07-16 15:23:21', '2019-02-23 23:40:54');
INSERT INTO `subscriptions` (`id`, `user_id`, `subscription_type_id`, `program_id`, `price`, `subscription_end_date`, `created_at`, `updated_at`) VALUES (2, 2, 2, 2, '7905.00', '2021-02-18', '2014-06-24 13:39:22', '2016-03-31 19:32:05');
INSERT INTO `subscriptions` (`id`, `user_id`, `subscription_type_id`, `program_id`, `price`, `subscription_end_date`, `created_at`, `updated_at`) VALUES (3, 3, 3, 3, '17530.00', '2021-03-14', '2020-10-29 17:35:11', '2017-05-28 08:22:20');
INSERT INTO `subscriptions` (`id`, `user_id`, `subscription_type_id`, `program_id`, `price`, `subscription_end_date`, `created_at`, `updated_at`) VALUES (4, 4, 4, 4, '45610.00', '2021-03-01', '2016-07-04 10:00:50', '2020-03-24 22:36:47');
INSERT INTO `subscriptions` (`id`, `user_id`, `subscription_type_id`, `program_id`, `price`, `subscription_end_date`, `created_at`, `updated_at`) VALUES (5, 5, 5, 5, '22647.00', '2021-02-26', '2018-03-30 01:24:39', '2016-07-14 14:13:26');
INSERT INTO `subscriptions` (`id`, `user_id`, `subscription_type_id`, `program_id`, `price`, `subscription_end_date`, `created_at`, `updated_at`) VALUES (6, 6, 1, 6, '6168.00', '2021-02-26', '2015-07-23 23:31:08', '2019-06-21 14:17:39');
INSERT INTO `subscriptions` (`id`, `user_id`, `subscription_type_id`, `program_id`, `price`, `subscription_end_date`, `created_at`, `updated_at`) VALUES (7, 7, 2, 7, '14835.00', '2021-03-13', '2011-06-19 00:08:52', '2012-05-10 03:30:47');
INSERT INTO `subscriptions` (`id`, `user_id`, `subscription_type_id`, `program_id`, `price`, `subscription_end_date`, `created_at`, `updated_at`) VALUES (8, 8, 3, 8, '41850.00', '2021-03-08', '2013-09-13 05:44:18', '2021-01-19 05:44:13');
INSERT INTO `subscriptions` (`id`, `user_id`, `subscription_type_id`, `program_id`, `price`, `subscription_end_date`, `created_at`, `updated_at`) VALUES (9, 9, 4, 1, '21329.00', '2021-03-13', '2017-05-26 09:08:45', '2011-11-22 01:05:47');
INSERT INTO `subscriptions` (`id`, `user_id`, `subscription_type_id`, `program_id`, `price`, `subscription_end_date`, `created_at`, `updated_at`) VALUES (10, 10, 5, 2, '26000.00', '2021-02-28', '2019-06-04 21:37:46', '2019-04-01 20:24:08');
INSERT INTO `subscriptions` (`id`, `user_id`, `subscription_type_id`, `program_id`, `price`, `subscription_end_date`, `created_at`, `updated_at`) VALUES (11, 11, 1, 3, '25309.00', '2021-03-10', '2015-01-07 16:42:45', '2015-01-26 18:18:07');
INSERT INTO `subscriptions` (`id`, `user_id`, `subscription_type_id`, `program_id`, `price`, `subscription_end_date`, `created_at`, `updated_at`) VALUES (12, 12, 2, 4, '31169.00', '2021-03-16', '2017-02-10 19:48:51', '2016-03-21 23:10:43');
INSERT INTO `subscriptions` (`id`, `user_id`, `subscription_type_id`, `program_id`, `price`, `subscription_end_date`, `created_at`, `updated_at`) VALUES (13, 13, 3, 5, '15620.00', '2021-03-07', '2017-12-05 02:59:28', '2014-09-20 19:30:21');
INSERT INTO `subscriptions` (`id`, `user_id`, `subscription_type_id`, `program_id`, `price`, `subscription_end_date`, `created_at`, `updated_at`) VALUES (14, 14, 4, 6, '11035.00', '2021-03-01', '2012-08-29 05:38:05', '2015-08-15 12:43:20');
INSERT INTO `subscriptions` (`id`, `user_id`, `subscription_type_id`, `program_id`, `price`, `subscription_end_date`, `created_at`, `updated_at`) VALUES (15, 15, 5, 7, '44137.00', '2021-02-28', '2021-02-05 15:50:14', '2012-12-21 19:51:20');
INSERT INTO `subscriptions` (`id`, `user_id`, `subscription_type_id`, `program_id`, `price`, `subscription_end_date`, `created_at`, `updated_at`) VALUES (16, 16, 1, 8, '41016.00', '2021-03-16', '2015-03-14 01:16:31', '2014-01-09 20:45:27');
INSERT INTO `subscriptions` (`id`, `user_id`, `subscription_type_id`, `program_id`, `price`, `subscription_end_date`, `created_at`, `updated_at`) VALUES (17, 17, 2, 1, '39169.00', '2021-03-09', '2017-02-27 12:47:53', '2012-08-28 18:40:17');
INSERT INTO `subscriptions` (`id`, `user_id`, `subscription_type_id`, `program_id`, `price`, `subscription_end_date`, `created_at`, `updated_at`) VALUES (18, 18, 3, 2, '30493.00', '2021-03-07', '2012-09-16 06:35:47', '2011-09-16 16:34:11');
INSERT INTO `subscriptions` (`id`, `user_id`, `subscription_type_id`, `program_id`, `price`, `subscription_end_date`, `created_at`, `updated_at`) VALUES (19, 19, 4, 3, '34870.00', '2021-03-09', '2018-10-28 05:02:17', '2013-08-21 16:12:20');
INSERT INTO `subscriptions` (`id`, `user_id`, `subscription_type_id`, `program_id`, `price`, `subscription_end_date`, `created_at`, `updated_at`) VALUES (20, 20, 5, 4, '28210.00', '2021-02-23', '2013-12-11 21:51:04', '2018-07-23 10:29:51');
INSERT INTO `subscriptions` (`id`, `user_id`, `subscription_type_id`, `program_id`, `price`, `subscription_end_date`, `created_at`, `updated_at`) VALUES (21, 21, 1, 5, '16948.00', '2021-03-17', '2019-01-05 05:43:47', '2019-11-04 00:00:11');
INSERT INTO `subscriptions` (`id`, `user_id`, `subscription_type_id`, `program_id`, `price`, `subscription_end_date`, `created_at`, `updated_at`) VALUES (22, 22, 2, 6, '43607.00', '2021-03-09', '2013-06-23 04:44:18', '2019-04-10 05:09:25');
INSERT INTO `subscriptions` (`id`, `user_id`, `subscription_type_id`, `program_id`, `price`, `subscription_end_date`, `created_at`, `updated_at`) VALUES (23, 23, 3, 7, '24747.00', '2021-03-09', '2016-07-01 20:00:25', '2014-06-25 10:21:28');
INSERT INTO `subscriptions` (`id`, `user_id`, `subscription_type_id`, `program_id`, `price`, `subscription_end_date`, `created_at`, `updated_at`) VALUES (24, 24, 4, 8, '16076.00', '2021-02-26', '2011-08-17 09:00:33', '2020-06-12 05:29:49');
INSERT INTO `subscriptions` (`id`, `user_id`, `subscription_type_id`, `program_id`, `price`, `subscription_end_date`, `created_at`, `updated_at`) VALUES (25, 25, 5, 1, '20834.00', '2021-03-16', '2014-04-22 04:49:04', '2020-05-29 16:00:11');
INSERT INTO `subscriptions` (`id`, `user_id`, `subscription_type_id`, `program_id`, `price`, `subscription_end_date`, `created_at`, `updated_at`) VALUES (26, 26, 1, 2, '39317.00', '2021-02-20', '2016-10-23 17:54:43', '2018-05-05 17:54:03');
INSERT INTO `subscriptions` (`id`, `user_id`, `subscription_type_id`, `program_id`, `price`, `subscription_end_date`, `created_at`, `updated_at`) VALUES (27, 27, 2, 3, '27933.00', '2021-02-26', '2012-11-14 05:57:35', '2017-11-24 20:46:14');
INSERT INTO `subscriptions` (`id`, `user_id`, `subscription_type_id`, `program_id`, `price`, `subscription_end_date`, `created_at`, `updated_at`) VALUES (28, 28, 3, 4, '45798.00', '2021-02-21', '2012-06-23 22:01:05', '2018-03-20 12:57:46');
INSERT INTO `subscriptions` (`id`, `user_id`, `subscription_type_id`, `program_id`, `price`, `subscription_end_date`, `created_at`, `updated_at`) VALUES (29, 29, 4, 5, '33613.00', '2021-03-13', '2013-05-13 15:23:26', '2014-08-21 09:55:23');
INSERT INTO `subscriptions` (`id`, `user_id`, `subscription_type_id`, `program_id`, `price`, `subscription_end_date`, `created_at`, `updated_at`) VALUES (30, 30, 5, 6, '12666.00', '2021-03-01', '2013-03-31 17:27:40', '2018-07-06 12:36:27');
INSERT INTO `subscriptions` (`id`, `user_id`, `subscription_type_id`, `program_id`, `price`, `subscription_end_date`, `created_at`, `updated_at`) VALUES (31, 31, 1, 7, '14322.00', '2021-03-07', '2014-09-17 11:00:16', '2020-09-04 07:08:15');
INSERT INTO `subscriptions` (`id`, `user_id`, `subscription_type_id`, `program_id`, `price`, `subscription_end_date`, `created_at`, `updated_at`) VALUES (32, 32, 2, 8, '12432.00', '2021-03-17', '2012-07-17 11:52:18', '2016-04-24 03:38:18');
INSERT INTO `subscriptions` (`id`, `user_id`, `subscription_type_id`, `program_id`, `price`, `subscription_end_date`, `created_at`, `updated_at`) VALUES (33, 33, 3, 1, '36088.00', '2021-03-03', '2017-05-30 21:26:24', '2015-07-28 01:04:29');
INSERT INTO `subscriptions` (`id`, `user_id`, `subscription_type_id`, `program_id`, `price`, `subscription_end_date`, `created_at`, `updated_at`) VALUES (34, 34, 4, 2, '23191.00', '2021-03-06', '2016-10-31 12:20:01', '2013-01-02 19:19:16');
INSERT INTO `subscriptions` (`id`, `user_id`, `subscription_type_id`, `program_id`, `price`, `subscription_end_date`, `created_at`, `updated_at`) VALUES (35, 35, 5, 3, '17495.00', '2021-03-01', '2019-09-09 23:35:43', '2018-10-06 17:58:57');
INSERT INTO `subscriptions` (`id`, `user_id`, `subscription_type_id`, `program_id`, `price`, `subscription_end_date`, `created_at`, `updated_at`) VALUES (36, 36, 1, 4, '43534.00', '2021-03-08', '2019-04-24 19:15:37', '2020-04-10 23:13:45');
INSERT INTO `subscriptions` (`id`, `user_id`, `subscription_type_id`, `program_id`, `price`, `subscription_end_date`, `created_at`, `updated_at`) VALUES (37, 37, 2, 5, '21580.00', '2021-03-11', '2013-01-21 17:40:59', '2020-02-03 11:10:42');
INSERT INTO `subscriptions` (`id`, `user_id`, `subscription_type_id`, `program_id`, `price`, `subscription_end_date`, `created_at`, `updated_at`) VALUES (38, 38, 3, 6, '19657.00', '2021-03-11', '2020-07-05 09:29:58', '2017-08-18 21:02:17');
INSERT INTO `subscriptions` (`id`, `user_id`, `subscription_type_id`, `program_id`, `price`, `subscription_end_date`, `created_at`, `updated_at`) VALUES (39, 39, 4, 7, '30330.00', '2021-02-27', '2019-05-08 10:00:02', '2017-06-10 04:03:39');
INSERT INTO `subscriptions` (`id`, `user_id`, `subscription_type_id`, `program_id`, `price`, `subscription_end_date`, `created_at`, `updated_at`) VALUES (40, 40, 5, 8, '38314.00', '2021-03-01', '2020-07-31 20:37:45', '2012-03-05 02:02:25');
INSERT INTO `subscriptions` (`id`, `user_id`, `subscription_type_id`, `program_id`, `price`, `subscription_end_date`, `created_at`, `updated_at`) VALUES (41, 41, 1, 1, '47400.00', '2021-02-26', '2012-10-07 18:15:42', '2018-12-23 04:59:20');
INSERT INTO `subscriptions` (`id`, `user_id`, `subscription_type_id`, `program_id`, `price`, `subscription_end_date`, `created_at`, `updated_at`) VALUES (42, 42, 2, 2, '44095.00', '2021-03-10', '2016-03-12 07:11:44', '2018-02-02 13:44:35');
INSERT INTO `subscriptions` (`id`, `user_id`, `subscription_type_id`, `program_id`, `price`, `subscription_end_date`, `created_at`, `updated_at`) VALUES (43, 43, 3, 3, '44903.00', '2021-02-24', '2014-05-06 16:39:00', '2012-06-08 16:31:13');
INSERT INTO `subscriptions` (`id`, `user_id`, `subscription_type_id`, `program_id`, `price`, `subscription_end_date`, `created_at`, `updated_at`) VALUES (44, 44, 4, 4, '44337.00', '2021-02-27', '2013-12-25 05:41:53', '2019-05-06 21:48:54');
INSERT INTO `subscriptions` (`id`, `user_id`, `subscription_type_id`, `program_id`, `price`, `subscription_end_date`, `created_at`, `updated_at`) VALUES (45, 45, 5, 5, '5865.00', '2021-03-01', '2017-09-01 13:57:53', '2012-05-03 23:44:07');
INSERT INTO `subscriptions` (`id`, `user_id`, `subscription_type_id`, `program_id`, `price`, `subscription_end_date`, `created_at`, `updated_at`) VALUES (46, 46, 1, 6, '34109.00', '2021-02-27', '2014-01-28 09:00:15', '2017-11-03 04:30:43');
INSERT INTO `subscriptions` (`id`, `user_id`, `subscription_type_id`, `program_id`, `price`, `subscription_end_date`, `created_at`, `updated_at`) VALUES (47, 47, 2, 7, '41008.00', '2021-03-07', '2020-07-12 08:34:07', '2017-06-15 02:25:58');
INSERT INTO `subscriptions` (`id`, `user_id`, `subscription_type_id`, `program_id`, `price`, `subscription_end_date`, `created_at`, `updated_at`) VALUES (48, 48, 3, 8, '31891.00', '2021-02-20', '2015-10-14 23:05:17', '2018-10-14 19:34:40');
INSERT INTO `subscriptions` (`id`, `user_id`, `subscription_type_id`, `program_id`, `price`, `subscription_end_date`, `created_at`, `updated_at`) VALUES (49, 49, 4, 1, '30405.00', '2021-02-22', '2015-03-25 22:57:28', '2016-02-05 01:07:43');
INSERT INTO `subscriptions` (`id`, `user_id`, `subscription_type_id`, `program_id`, `price`, `subscription_end_date`, `created_at`, `updated_at`) VALUES (50, 50, 5, 2, '19170.00', '2021-03-13', '2013-02-23 07:06:10', '2020-06-14 06:41:04');
INSERT INTO `subscriptions` (`id`, `user_id`, `subscription_type_id`, `program_id`, `price`, `subscription_end_date`, `created_at`, `updated_at`) VALUES (51, 51, 1, 3, '9284.00', '2021-03-04', '2011-09-11 22:01:44', '2015-07-05 03:34:32');
INSERT INTO `subscriptions` (`id`, `user_id`, `subscription_type_id`, `program_id`, `price`, `subscription_end_date`, `created_at`, `updated_at`) VALUES (52, 52, 2, 4, '22794.00', '2021-03-13', '2015-02-25 16:41:27', '2011-05-28 10:31:45');
INSERT INTO `subscriptions` (`id`, `user_id`, `subscription_type_id`, `program_id`, `price`, `subscription_end_date`, `created_at`, `updated_at`) VALUES (53, 53, 3, 5, '21919.00', '2021-02-23', '2013-07-27 08:53:22', '2017-03-10 21:29:08');
INSERT INTO `subscriptions` (`id`, `user_id`, `subscription_type_id`, `program_id`, `price`, `subscription_end_date`, `created_at`, `updated_at`) VALUES (54, 54, 4, 6, '44529.00', '2021-03-07', '2015-08-24 14:58:37', '2021-02-25 03:48:09');
INSERT INTO `subscriptions` (`id`, `user_id`, `subscription_type_id`, `program_id`, `price`, `subscription_end_date`, `created_at`, `updated_at`) VALUES (55, 55, 5, 7, '14401.00', '2021-03-04', '2017-08-06 08:02:58', '2019-09-12 02:53:10');
INSERT INTO `subscriptions` (`id`, `user_id`, `subscription_type_id`, `program_id`, `price`, `subscription_end_date`, `created_at`, `updated_at`) VALUES (56, 56, 1, 8, '14500.00', '2021-03-17', '2019-01-21 23:22:58', '2021-01-28 04:19:31');
INSERT INTO `subscriptions` (`id`, `user_id`, `subscription_type_id`, `program_id`, `price`, `subscription_end_date`, `created_at`, `updated_at`) VALUES (57, 57, 2, 1, '37787.00', '2021-02-28', '2012-05-19 07:31:16', '2012-10-15 15:48:01');
INSERT INTO `subscriptions` (`id`, `user_id`, `subscription_type_id`, `program_id`, `price`, `subscription_end_date`, `created_at`, `updated_at`) VALUES (58, 58, 3, 2, '38618.00', '2021-03-07', '2020-08-23 10:06:20', '2018-11-20 02:24:42');
INSERT INTO `subscriptions` (`id`, `user_id`, `subscription_type_id`, `program_id`, `price`, `subscription_end_date`, `created_at`, `updated_at`) VALUES (59, 59, 4, 3, '37682.00', '2021-03-17', '2017-04-27 16:33:33', '2015-07-29 09:06:06');
INSERT INTO `subscriptions` (`id`, `user_id`, `subscription_type_id`, `program_id`, `price`, `subscription_end_date`, `created_at`, `updated_at`) VALUES (60, 60, 5, 4, '10386.00', '2021-03-13', '2019-10-13 07:59:46', '2020-07-23 11:10:59');
INSERT INTO `subscriptions` (`id`, `user_id`, `subscription_type_id`, `program_id`, `price`, `subscription_end_date`, `created_at`, `updated_at`) VALUES (61, 61, 1, 5, '16276.00', '2021-03-07', '2013-05-25 13:38:45', '2019-08-23 00:21:10');
INSERT INTO `subscriptions` (`id`, `user_id`, `subscription_type_id`, `program_id`, `price`, `subscription_end_date`, `created_at`, `updated_at`) VALUES (62, 62, 2, 6, '7884.00', '2021-03-10', '2019-12-31 12:25:13', '2017-05-07 11:44:26');
INSERT INTO `subscriptions` (`id`, `user_id`, `subscription_type_id`, `program_id`, `price`, `subscription_end_date`, `created_at`, `updated_at`) VALUES (63, 63, 3, 7, '22709.00', '2021-03-08', '2014-02-04 22:11:06', '2011-09-16 19:16:48');
INSERT INTO `subscriptions` (`id`, `user_id`, `subscription_type_id`, `program_id`, `price`, `subscription_end_date`, `created_at`, `updated_at`) VALUES (64, 64, 4, 8, '33073.00', '2021-03-03', '2016-09-02 09:10:39', '2011-05-24 05:28:29');
INSERT INTO `subscriptions` (`id`, `user_id`, `subscription_type_id`, `program_id`, `price`, `subscription_end_date`, `created_at`, `updated_at`) VALUES (65, 65, 5, 1, '31394.00', '2021-03-13', '2012-06-11 01:52:02', '2011-06-20 23:33:44');
INSERT INTO `subscriptions` (`id`, `user_id`, `subscription_type_id`, `program_id`, `price`, `subscription_end_date`, `created_at`, `updated_at`) VALUES (66, 66, 1, 2, '25051.00', '2021-03-05', '2019-03-03 09:41:06', '2017-11-26 09:14:35');
INSERT INTO `subscriptions` (`id`, `user_id`, `subscription_type_id`, `program_id`, `price`, `subscription_end_date`, `created_at`, `updated_at`) VALUES (67, 67, 2, 3, '11751.00', '2021-02-23', '2016-05-02 15:56:57', '2012-05-04 17:43:12');
INSERT INTO `subscriptions` (`id`, `user_id`, `subscription_type_id`, `program_id`, `price`, `subscription_end_date`, `created_at`, `updated_at`) VALUES (68, 68, 3, 4, '37124.00', '2021-03-08', '2020-04-30 19:30:43', '2016-01-25 16:06:15');
INSERT INTO `subscriptions` (`id`, `user_id`, `subscription_type_id`, `program_id`, `price`, `subscription_end_date`, `created_at`, `updated_at`) VALUES (69, 69, 4, 5, '16242.00', '2021-03-08', '2015-12-12 04:28:28', '2014-05-21 00:25:02');
INSERT INTO `subscriptions` (`id`, `user_id`, `subscription_type_id`, `program_id`, `price`, `subscription_end_date`, `created_at`, `updated_at`) VALUES (70, 70, 5, 6, '22377.00', '2021-02-20', '2011-04-21 19:04:39', '2017-06-03 04:26:10');
INSERT INTO `subscriptions` (`id`, `user_id`, `subscription_type_id`, `program_id`, `price`, `subscription_end_date`, `created_at`, `updated_at`) VALUES (71, 71, 1, 7, '47113.00', '2021-03-15', '2016-07-31 06:22:33', '2016-09-26 21:18:36');
INSERT INTO `subscriptions` (`id`, `user_id`, `subscription_type_id`, `program_id`, `price`, `subscription_end_date`, `created_at`, `updated_at`) VALUES (72, 72, 2, 8, '37015.00', '2021-03-08', '2014-03-14 22:48:20', '2017-10-18 13:52:02');
INSERT INTO `subscriptions` (`id`, `user_id`, `subscription_type_id`, `program_id`, `price`, `subscription_end_date`, `created_at`, `updated_at`) VALUES (73, 73, 3, 1, '35889.00', '2021-02-25', '2020-11-01 00:53:27', '2016-01-01 21:21:02');
INSERT INTO `subscriptions` (`id`, `user_id`, `subscription_type_id`, `program_id`, `price`, `subscription_end_date`, `created_at`, `updated_at`) VALUES (74, 74, 4, 2, '9145.00', '2021-02-26', '2011-12-28 10:10:29', '2018-05-25 16:35:24');
INSERT INTO `subscriptions` (`id`, `user_id`, `subscription_type_id`, `program_id`, `price`, `subscription_end_date`, `created_at`, `updated_at`) VALUES (75, 75, 5, 3, '22290.00', '2021-03-06', '2012-02-08 12:22:19', '2020-10-15 15:25:14');
INSERT INTO `subscriptions` (`id`, `user_id`, `subscription_type_id`, `program_id`, `price`, `subscription_end_date`, `created_at`, `updated_at`) VALUES (76, 76, 1, 4, '16136.00', '2021-03-08', '2020-05-18 03:17:39', '2013-11-18 14:02:31');
INSERT INTO `subscriptions` (`id`, `user_id`, `subscription_type_id`, `program_id`, `price`, `subscription_end_date`, `created_at`, `updated_at`) VALUES (77, 77, 2, 5, '39255.00', '2021-03-11', '2016-12-18 13:08:43', '2011-08-19 03:40:18');
INSERT INTO `subscriptions` (`id`, `user_id`, `subscription_type_id`, `program_id`, `price`, `subscription_end_date`, `created_at`, `updated_at`) VALUES (78, 78, 3, 6, '47669.00', '2021-03-16', '2016-09-19 00:57:45', '2013-05-23 00:48:04');
INSERT INTO `subscriptions` (`id`, `user_id`, `subscription_type_id`, `program_id`, `price`, `subscription_end_date`, `created_at`, `updated_at`) VALUES (79, 79, 4, 7, '38238.00', '2021-03-03', '2020-11-24 17:38:08', '2017-09-01 05:11:12');
INSERT INTO `subscriptions` (`id`, `user_id`, `subscription_type_id`, `program_id`, `price`, `subscription_end_date`, `created_at`, `updated_at`) VALUES (80, 80, 5, 8, '21513.00', '2021-03-07', '2017-05-21 02:54:27', '2016-04-09 01:44:17');
INSERT INTO `subscriptions` (`id`, `user_id`, `subscription_type_id`, `program_id`, `price`, `subscription_end_date`, `created_at`, `updated_at`) VALUES (81, 81, 1, 1, '36862.00', '2021-03-15', '2015-02-08 00:16:59', '2016-12-20 01:14:31');
INSERT INTO `subscriptions` (`id`, `user_id`, `subscription_type_id`, `program_id`, `price`, `subscription_end_date`, `created_at`, `updated_at`) VALUES (82, 82, 2, 2, '45578.00', '2021-03-12', '2017-05-17 07:46:18', '2013-07-02 15:07:55');
INSERT INTO `subscriptions` (`id`, `user_id`, `subscription_type_id`, `program_id`, `price`, `subscription_end_date`, `created_at`, `updated_at`) VALUES (83, 83, 3, 3, '25497.00', '2021-03-13', '2018-07-17 15:41:49', '2011-11-15 18:01:09');
INSERT INTO `subscriptions` (`id`, `user_id`, `subscription_type_id`, `program_id`, `price`, `subscription_end_date`, `created_at`, `updated_at`) VALUES (84, 84, 4, 4, '36241.00', '2021-03-08', '2013-08-26 06:23:03', '2011-08-06 01:24:46');
INSERT INTO `subscriptions` (`id`, `user_id`, `subscription_type_id`, `program_id`, `price`, `subscription_end_date`, `created_at`, `updated_at`) VALUES (85, 85, 5, 5, '39958.00', '2021-02-20', '2017-03-17 00:46:05', '2016-06-16 16:16:43');
INSERT INTO `subscriptions` (`id`, `user_id`, `subscription_type_id`, `program_id`, `price`, `subscription_end_date`, `created_at`, `updated_at`) VALUES (86, 86, 1, 6, '34019.00', '2021-03-03', '2011-08-13 13:41:14', '2019-12-31 08:14:44');
INSERT INTO `subscriptions` (`id`, `user_id`, `subscription_type_id`, `program_id`, `price`, `subscription_end_date`, `created_at`, `updated_at`) VALUES (87, 87, 2, 7, '42822.00', '2021-03-03', '2018-05-11 02:48:10', '2013-09-01 22:55:28');
INSERT INTO `subscriptions` (`id`, `user_id`, `subscription_type_id`, `program_id`, `price`, `subscription_end_date`, `created_at`, `updated_at`) VALUES (88, 88, 3, 8, '28419.00', '2021-02-18', '2014-08-03 17:06:09', '2018-01-02 21:05:04');
INSERT INTO `subscriptions` (`id`, `user_id`, `subscription_type_id`, `program_id`, `price`, `subscription_end_date`, `created_at`, `updated_at`) VALUES (89, 89, 4, 1, '47789.00', '2021-03-17', '2015-06-12 02:12:16', '2019-11-17 07:47:45');
INSERT INTO `subscriptions` (`id`, `user_id`, `subscription_type_id`, `program_id`, `price`, `subscription_end_date`, `created_at`, `updated_at`) VALUES (90, 90, 5, 2, '42818.00', '2021-03-09', '2014-08-12 23:50:24', '2020-12-30 17:05:52');
INSERT INTO `subscriptions` (`id`, `user_id`, `subscription_type_id`, `program_id`, `price`, `subscription_end_date`, `created_at`, `updated_at`) VALUES (91, 91, 1, 3, '28627.00', '2021-02-26', '2011-04-26 03:20:01', '2013-05-21 06:03:56');
INSERT INTO `subscriptions` (`id`, `user_id`, `subscription_type_id`, `program_id`, `price`, `subscription_end_date`, `created_at`, `updated_at`) VALUES (92, 92, 2, 4, '5523.00', '2021-02-25', '2020-03-16 14:17:15', '2020-07-15 03:16:56');
INSERT INTO `subscriptions` (`id`, `user_id`, `subscription_type_id`, `program_id`, `price`, `subscription_end_date`, `created_at`, `updated_at`) VALUES (93, 93, 3, 5, '43430.00', '2021-03-13', '2011-11-06 05:48:12', '2019-12-18 10:42:06');
INSERT INTO `subscriptions` (`id`, `user_id`, `subscription_type_id`, `program_id`, `price`, `subscription_end_date`, `created_at`, `updated_at`) VALUES (94, 94, 4, 6, '42986.00', '2021-03-16', '2018-03-27 11:26:26', '2011-10-27 09:47:55');
INSERT INTO `subscriptions` (`id`, `user_id`, `subscription_type_id`, `program_id`, `price`, `subscription_end_date`, `created_at`, `updated_at`) VALUES (95, 95, 5, 7, '15190.00', '2021-03-17', '2020-08-25 05:19:53', '2011-11-19 22:09:11');
INSERT INTO `subscriptions` (`id`, `user_id`, `subscription_type_id`, `program_id`, `price`, `subscription_end_date`, `created_at`, `updated_at`) VALUES (96, 96, 1, 8, '39699.00', '2021-02-21', '2016-03-10 00:29:56', '2018-07-24 19:26:06');
INSERT INTO `subscriptions` (`id`, `user_id`, `subscription_type_id`, `program_id`, `price`, `subscription_end_date`, `created_at`, `updated_at`) VALUES (97, 97, 2, 1, '37093.00', '2021-02-22', '2014-08-12 01:27:10', '2014-11-17 11:27:12');
INSERT INTO `subscriptions` (`id`, `user_id`, `subscription_type_id`, `program_id`, `price`, `subscription_end_date`, `created_at`, `updated_at`) VALUES (98, 98, 3, 2, '41167.00', '2021-02-23', '2015-06-26 18:37:32', '2011-10-05 16:04:38');
INSERT INTO `subscriptions` (`id`, `user_id`, `subscription_type_id`, `program_id`, `price`, `subscription_end_date`, `created_at`, `updated_at`) VALUES (99, 99, 4, 3, '31128.00', '2021-03-15', '2012-02-16 02:38:55', '2017-05-05 22:45:17');
INSERT INTO `subscriptions` (`id`, `user_id`, `subscription_type_id`, `program_id`, `price`, `subscription_end_date`, `created_at`, `updated_at`) VALUES (100, 100, 5, 4, '25743.00', '2021-03-16', '2015-10-31 09:05:14', '2013-06-08 01:53:15');

  
INSERT INTO `profiles` (`user_id`, `gender`, `birthday`, `height`, `weight`, `activity`, `subscription_id`, `created_at`, `updated_at`) VALUES (1, 'М', '1946-11-06', '190.50', '76.40', 'не занимаюсь спортом', 60, '2019-07-04 19:33:49', '2019-09-01 20:43:45');
INSERT INTO `profiles` (`user_id`, `gender`, `birthday`, `height`, `weight`, `activity`, `subscription_id`, `created_at`, `updated_at`) VALUES (2, 'Ж', '1959-08-11', '181.12', '111.75', 'тренировки 1-2 раза в неделю', 21, '2014-01-24 08:46:57', '2011-04-15 08:06:29');
INSERT INTO `profiles` (`user_id`, `gender`, `birthday`, `height`, `weight`, `activity`, `subscription_id`, `created_at`, `updated_at`) VALUES (3, 'Ж', '1952-02-02', '154.62', '119.35', 'не занимаюсь спортом', 11, '2011-06-26 14:10:46', '2015-11-18 19:16:37');
INSERT INTO `profiles` (`user_id`, `gender`, `birthday`, `height`, `weight`, `activity`, `subscription_id`, `created_at`, `updated_at`) VALUES (4, 'М', '1941-09-15', '190.63', '137.54', 'тренировки 3-4 раза в неделю', 59, '2016-07-13 22:44:43', '2016-06-01 04:37:51');
INSERT INTO `profiles` (`user_id`, `gender`, `birthday`, `height`, `weight`, `activity`, `subscription_id`, `created_at`, `updated_at`) VALUES (5, 'Ж', '1976-10-18', '164.47', '76.89', 'тренировки 4-5 раз в неделю', 34, '2015-02-03 15:36:11', '2020-03-07 22:55:39');
INSERT INTO `profiles` (`user_id`, `gender`, `birthday`, `height`, `weight`, `activity`, `subscription_id`, `created_at`, `updated_at`) VALUES (6, 'М', '1949-07-10', '174.52', '114.33', 'тренировки 1-2 раза в неделю', 52, '2017-10-07 08:01:26', '2015-12-24 19:50:22');
INSERT INTO `profiles` (`user_id`, `gender`, `birthday`, `height`, `weight`, `activity`, `subscription_id`, `created_at`, `updated_at`) VALUES (7, 'М', '1985-03-08', '173.71', '85.36', 'тренировки 1-2 раза в неделю', 88, '2018-08-10 00:14:59', '2011-12-02 09:35:25');
INSERT INTO `profiles` (`user_id`, `gender`, `birthday`, `height`, `weight`, `activity`, `subscription_id`, `created_at`, `updated_at`) VALUES (8, 'Ж', '2005-08-26', '192.49', '103.60', 'тренировки каждый день', 22, '2018-10-04 20:05:54', '2018-10-16 02:46:36');
INSERT INTO `profiles` (`user_id`, `gender`, `birthday`, `height`, `weight`, `activity`, `subscription_id`, `created_at`, `updated_at`) VALUES (9, 'Ж', '1925-03-02', '189.80', '67.43', 'не занимаюсь спортом', 55, '2014-08-02 19:21:13', '2020-04-30 07:07:27');
INSERT INTO `profiles` (`user_id`, `gender`, `birthday`, `height`, `weight`, `activity`, `subscription_id`, `created_at`, `updated_at`) VALUES (10, 'М', '1930-05-26', '196.73', '96.78', 'тренировки каждый день', 76, '2019-05-30 16:33:34', '2012-01-21 14:03:02');
INSERT INTO `profiles` (`user_id`, `gender`, `birthday`, `height`, `weight`, `activity`, `subscription_id`, `created_at`, `updated_at`) VALUES (11, 'М', '1947-02-16', '177.50', '105.78', 'тренировки 3-4 раза в неделю', 82, '2019-05-05 00:09:39', '2015-03-10 09:34:00');
INSERT INTO `profiles` (`user_id`, `gender`, `birthday`, `height`, `weight`, `activity`, `subscription_id`, `created_at`, `updated_at`) VALUES (12, 'Ж', '1929-05-11', '194.95', '64.90', 'тренировки каждый день', 17, '2019-01-31 04:27:47', '2018-12-17 20:59:44');
INSERT INTO `profiles` (`user_id`, `gender`, `birthday`, `height`, `weight`, `activity`, `subscription_id`, `created_at`, `updated_at`) VALUES (13, 'Ж', '1983-01-24', '162.68', '131.57', 'тренировки каждый день', 74, '2017-08-19 22:02:07', '2017-01-29 19:46:09');
INSERT INTO `profiles` (`user_id`, `gender`, `birthday`, `height`, `weight`, `activity`, `subscription_id`, `created_at`, `updated_at`) VALUES (14, 'Ж', '2000-11-27', '170.00', '58.20', 'тренировки 4-5 раз в неделю', 78, '2018-11-29 06:50:01', '2015-03-07 20:45:08');
INSERT INTO `profiles` (`user_id`, `gender`, `birthday`, `height`, `weight`, `activity`, `subscription_id`, `created_at`, `updated_at`) VALUES (15, 'М', '1995-09-30', '155.43', '142.64', 'не занимаюсь спортом', 6, '2014-01-19 15:59:49', '2011-12-15 04:37:26');
INSERT INTO `profiles` (`user_id`, `gender`, `birthday`, `height`, `weight`, `activity`, `subscription_id`, `created_at`, `updated_at`) VALUES (16, 'Ж', '1999-04-04', '166.01', '68.70', 'тренировки каждый день', 26, '2016-06-20 20:38:54', '2019-11-20 07:12:20');
INSERT INTO `profiles` (`user_id`, `gender`, `birthday`, `height`, `weight`, `activity`, `subscription_id`, `created_at`, `updated_at`) VALUES (17, 'Ж', '2003-10-05', '179.05', '74.90', 'тренировки 1-2 раза в неделю', 33, '2016-04-29 02:06:10', '2016-12-07 23:41:53');
INSERT INTO `profiles` (`user_id`, `gender`, `birthday`, `height`, `weight`, `activity`, `subscription_id`, `created_at`, `updated_at`) VALUES (18, 'М', '1960-06-22', '197.77', '136.06', 'тренировки каждый день', 87, '2015-08-08 13:36:11', '2011-08-09 06:42:49');
INSERT INTO `profiles` (`user_id`, `gender`, `birthday`, `height`, `weight`, `activity`, `subscription_id`, `created_at`, `updated_at`) VALUES (19, 'М', '1972-04-02', '195.00', '105.00', 'тренировки каждый день', 92, '2012-02-19 08:56:04', '2015-11-04 23:58:05');
INSERT INTO `profiles` (`user_id`, `gender`, `birthday`, `height`, `weight`, `activity`, `subscription_id`, `created_at`, `updated_at`) VALUES (20, 'М', '1960-09-12', '169.79', '117.86', 'тренировки 3-4 раза в неделю', 19, '2019-07-14 06:15:39', '2016-03-23 21:08:26');
INSERT INTO `profiles` (`user_id`, `gender`, `birthday`, `height`, `weight`, `activity`, `subscription_id`, `created_at`, `updated_at`) VALUES (21, 'Ж', '1939-08-15', '184.12', '68.64', 'тренировки 3-4 раза в неделю', 29, '2012-05-28 02:57:00', '2014-05-26 18:25:10');
INSERT INTO `profiles` (`user_id`, `gender`, `birthday`, `height`, `weight`, `activity`, `subscription_id`, `created_at`, `updated_at`) VALUES (22, 'М', '2012-03-23', '181.23', '126.00', 'тренировки 1-2 раза в неделю', 80, '2014-04-26 18:42:42', '2018-03-05 09:11:03');
INSERT INTO `profiles` (`user_id`, `gender`, `birthday`, `height`, `weight`, `activity`, `subscription_id`, `created_at`, `updated_at`) VALUES (23, 'М', '2008-07-06', '179.89', '69.45', 'тренировки 1-2 раза в неделю', 96, '2020-07-04 20:28:27', '2013-06-28 16:16:17');
INSERT INTO `profiles` (`user_id`, `gender`, `birthday`, `height`, `weight`, `activity`, `subscription_id`, `created_at`, `updated_at`) VALUES (24, 'Ж', '1942-03-11', '173.39', '109.62', 'тренировки 4-5 раз в неделю', 53, '2011-10-30 06:42:55', '2012-12-13 09:55:41');
INSERT INTO `profiles` (`user_id`, `gender`, `birthday`, `height`, `weight`, `activity`, `subscription_id`, `created_at`, `updated_at`) VALUES (25, 'Ж', '1967-11-11', '164.67', '46.98', 'тренировки каждый день', 99, '2013-04-05 13:29:05', '2015-03-26 10:08:39');
INSERT INTO `profiles` (`user_id`, `gender`, `birthday`, `height`, `weight`, `activity`, `subscription_id`, `created_at`, `updated_at`) VALUES (26, 'М', '1972-09-11', '166.02', '65.98', 'тренировки 3-4 раза в неделю', 9, '2017-01-01 12:06:20', '2012-12-30 22:05:18');
INSERT INTO `profiles` (`user_id`, `gender`, `birthday`, `height`, `weight`, `activity`, `subscription_id`, `created_at`, `updated_at`) VALUES (27, 'Ж', '2009-01-09', '191.27', '134.00', 'тренировки 4-5 раз в неделю', 12, '2017-08-13 17:17:28', '2012-05-15 16:15:44');
INSERT INTO `profiles` (`user_id`, `gender`, `birthday`, `height`, `weight`, `activity`, `subscription_id`, `created_at`, `updated_at`) VALUES (28, 'Ж', '1942-07-30', '160.87', '148.00', 'тренировки 4-5 раз в неделю', 91, '2015-03-07 00:26:39', '2021-01-12 19:53:26');
INSERT INTO `profiles` (`user_id`, `gender`, `birthday`, `height`, `weight`, `activity`, `subscription_id`, `created_at`, `updated_at`) VALUES (29, 'Ж', '2014-01-27', '177.00', '106.89', 'тренировки 1-2 раза в неделю', 27, '2013-04-13 00:53:17', '2012-06-27 06:38:12');
INSERT INTO `profiles` (`user_id`, `gender`, `birthday`, `height`, `weight`, `activity`, `subscription_id`, `created_at`, `updated_at`) VALUES (30, 'Ж', '1980-06-24', '173.65', '89.30', 'тренировки 1-2 раза в неделю', 41, '2013-05-11 18:00:52', '2020-06-25 17:50:51');
INSERT INTO `profiles` (`user_id`, `gender`, `birthday`, `height`, `weight`, `activity`, `subscription_id`, `created_at`, `updated_at`) VALUES (31, 'Ж', '2017-07-26', '156.70', '148.18', 'тренировки каждый день', 1, '2014-04-28 17:29:13', '2012-11-18 11:14:01');
INSERT INTO `profiles` (`user_id`, `gender`, `birthday`, `height`, `weight`, `activity`, `subscription_id`, `created_at`, `updated_at`) VALUES (32, 'Ж', '1972-05-07', '197.60', '102.27', 'тренировки каждый день', 30, '2016-03-16 08:41:42', '2015-06-11 13:20:59');
INSERT INTO `profiles` (`user_id`, `gender`, `birthday`, `height`, `weight`, `activity`, `subscription_id`, `created_at`, `updated_at`) VALUES (33, 'М', '2014-08-24', '183.30', '62.26', 'тренировки 1-2 раза в неделю', 47, '2016-09-01 12:32:35', '2013-05-07 22:18:52');
INSERT INTO `profiles` (`user_id`, `gender`, `birthday`, `height`, `weight`, `activity`, `subscription_id`, `created_at`, `updated_at`) VALUES (34, 'М', '1980-11-04', '192.84', '96.79', 'тренировки 1-2 раза в неделю', 31, '2012-08-05 23:04:10', '2016-11-17 00:47:00');
INSERT INTO `profiles` (`user_id`, `gender`, `birthday`, `height`, `weight`, `activity`, `subscription_id`, `created_at`, `updated_at`) VALUES (35, 'М', '1996-11-06', '178.87', '58.02', 'тренировки 4-5 раз в неделю', 72, '2016-02-23 18:30:38', '2015-05-25 18:53:52');
INSERT INTO `profiles` (`user_id`, `gender`, `birthday`, `height`, `weight`, `activity`, `subscription_id`, `created_at`, `updated_at`) VALUES (36, 'М', '1924-10-17', '171.96', '96.99', 'не занимаюсь спортом', 98, '2015-07-16 02:40:27', '2013-07-22 07:51:04');
INSERT INTO `profiles` (`user_id`, `gender`, `birthday`, `height`, `weight`, `activity`, `subscription_id`, `created_at`, `updated_at`) VALUES (37, 'М', '1972-07-18', '158.00', '93.58', 'тренировки 4-5 раз в неделю', 51, '2019-06-03 05:00:50', '2021-01-29 17:14:36');
INSERT INTO `profiles` (`user_id`, `gender`, `birthday`, `height`, `weight`, `activity`, `subscription_id`, `created_at`, `updated_at`) VALUES (38, 'М', '1945-07-18', '155.00', '75.62', 'не занимаюсь спортом', 16, '2018-07-30 15:44:03', '2018-03-19 01:57:07');
INSERT INTO `profiles` (`user_id`, `gender`, `birthday`, `height`, `weight`, `activity`, `subscription_id`, `created_at`, `updated_at`) VALUES (39, 'Ж', '2011-03-23', '165.48', '47.86', 'тренировки каждый день', 84, '2011-06-26 15:43:46', '2012-06-19 02:59:10');
INSERT INTO `profiles` (`user_id`, `gender`, `birthday`, `height`, `weight`, `activity`, `subscription_id`, `created_at`, `updated_at`) VALUES (40, 'Ж', '1984-07-27', '181.43', '128.96', 'тренировки каждый день', 45, '2020-09-10 21:00:40', '2020-02-15 00:39:30');
INSERT INTO `profiles` (`user_id`, `gender`, `birthday`, `height`, `weight`, `activity`, `subscription_id`, `created_at`, `updated_at`) VALUES (41, 'Ж', '2014-06-16', '189.05', '90.82', 'тренировки 1-2 раза в неделю', 44, '2020-04-23 20:40:25', '2019-08-22 19:09:49');
INSERT INTO `profiles` (`user_id`, `gender`, `birthday`, `height`, `weight`, `activity`, `subscription_id`, `created_at`, `updated_at`) VALUES (42, 'Ж', '1946-08-24', '153.03', '112.67', 'тренировки 3-4 раза в неделю', 79, '2018-10-25 10:40:46', '2012-09-02 01:30:36');
INSERT INTO `profiles` (`user_id`, `gender`, `birthday`, `height`, `weight`, `activity`, `subscription_id`, `created_at`, `updated_at`) VALUES (43, 'Ж', '1954-03-02', '174.20', '149.76', 'тренировки 1-2 раза в неделю', 66, '2018-09-05 15:58:35', '2017-11-10 23:18:14');
INSERT INTO `profiles` (`user_id`, `gender`, `birthday`, `height`, `weight`, `activity`, `subscription_id`, `created_at`, `updated_at`) VALUES (44, 'Ж', '1936-02-09', '164.00', '128.55', 'тренировки 3-4 раза в неделю', 25, '2015-03-30 18:31:26', '2014-07-03 08:29:39');
INSERT INTO `profiles` (`user_id`, `gender`, `birthday`, `height`, `weight`, `activity`, `subscription_id`, `created_at`, `updated_at`) VALUES (45, 'М', '1983-05-02', '150.67', '57.56', 'тренировки 1-2 раза в неделю', 42, '2015-05-24 09:37:42', '2015-12-07 02:09:41');
INSERT INTO `profiles` (`user_id`, `gender`, `birthday`, `height`, `weight`, `activity`, `subscription_id`, `created_at`, `updated_at`) VALUES (46, 'Ж', '1968-08-31', '193.96', '143.19', 'тренировки 1-2 раза в неделю', 69, '2017-06-20 01:55:50', '2020-09-11 01:14:27');
INSERT INTO `profiles` (`user_id`, `gender`, `birthday`, `height`, `weight`, `activity`, `subscription_id`, `created_at`, `updated_at`) VALUES (47, 'М', '1985-08-01', '190.27', '76.70', 'тренировки каждый день', 14, '2012-10-13 13:59:02', '2019-11-22 23:41:21');
INSERT INTO `profiles` (`user_id`, `gender`, `birthday`, `height`, `weight`, `activity`, `subscription_id`, `created_at`, `updated_at`) VALUES (48, 'Ж', '1945-10-30', '182.00', '115.80', 'тренировки 1-2 раза в неделю', 65, '2019-05-01 23:29:11', '2017-04-15 03:26:29');
INSERT INTO `profiles` (`user_id`, `gender`, `birthday`, `height`, `weight`, `activity`, `subscription_id`, `created_at`, `updated_at`) VALUES (49, 'М', '1921-06-20', '199.85', '119.00', 'тренировки 1-2 раза в неделю', 58, '2012-10-16 11:28:57', '2014-11-10 06:58:49');
INSERT INTO `profiles` (`user_id`, `gender`, `birthday`, `height`, `weight`, `activity`, `subscription_id`, `created_at`, `updated_at`) VALUES (50, 'М', '2002-12-31', '168.80', '143.01', 'не занимаюсь спортом', 35, '2018-07-24 07:48:45', '2014-07-30 10:21:01');
INSERT INTO `profiles` (`user_id`, `gender`, `birthday`, `height`, `weight`, `activity`, `subscription_id`, `created_at`, `updated_at`) VALUES (51, 'Ж', '1935-08-04', '158.00', '65.83', 'не занимаюсь спортом', 2, '2013-03-28 10:22:45', '2019-06-13 10:18:50');
INSERT INTO `profiles` (`user_id`, `gender`, `birthday`, `height`, `weight`, `activity`, `subscription_id`, `created_at`, `updated_at`) VALUES (52, 'Ж', '1938-08-03', '192.10', '84.50', 'не занимаюсь спортом', 93, '2016-12-07 09:41:01', '2018-07-27 07:44:27');
INSERT INTO `profiles` (`user_id`, `gender`, `birthday`, `height`, `weight`, `activity`, `subscription_id`, `created_at`, `updated_at`) VALUES (53, 'М', '1947-06-05', '175.40', '137.93', 'тренировки 1-2 раза в неделю', 48, '2013-08-11 11:08:45', '2012-03-08 05:01:35');
INSERT INTO `profiles` (`user_id`, `gender`, `birthday`, `height`, `weight`, `activity`, `subscription_id`, `created_at`, `updated_at`) VALUES (54, 'М', '1987-01-28', '183.53', '106.35', 'тренировки 4-5 раз в неделю', 10, '2017-10-22 10:44:46', '2014-12-05 14:25:11');
INSERT INTO `profiles` (`user_id`, `gender`, `birthday`, `height`, `weight`, `activity`, `subscription_id`, `created_at`, `updated_at`) VALUES (55, 'М', '2000-11-15', '175.52', '81.23', 'тренировки каждый день', 38, '2021-01-29 05:19:23', '2013-10-01 11:35:58');
INSERT INTO `profiles` (`user_id`, `gender`, `birthday`, `height`, `weight`, `activity`, `subscription_id`, `created_at`, `updated_at`) VALUES (56, 'М', '1978-11-28', '167.83', '129.07', 'тренировки 4-5 раз в неделю', 83, '2012-07-19 13:08:45', '2013-08-04 21:52:36');
INSERT INTO `profiles` (`user_id`, `gender`, `birthday`, `height`, `weight`, `activity`, `subscription_id`, `created_at`, `updated_at`) VALUES (57, 'М', '1984-03-01', '182.05', '135.00', 'тренировки 4-5 раз в неделю', 40, '2019-10-22 15:06:09', '2016-01-09 16:08:56');
INSERT INTO `profiles` (`user_id`, `gender`, `birthday`, `height`, `weight`, `activity`, `subscription_id`, `created_at`, `updated_at`) VALUES (58, 'Ж', '1922-10-19', '163.06', '103.19', 'тренировки 1-2 раза в неделю', 94, '2015-02-27 22:15:27', '2019-10-21 15:46:14');
INSERT INTO `profiles` (`user_id`, `gender`, `birthday`, `height`, `weight`, `activity`, `subscription_id`, `created_at`, `updated_at`) VALUES (59, 'М', '1958-06-21', '158.12', '93.14', 'тренировки 3-4 раза в неделю', 62, '2012-06-25 14:10:20', '2012-03-07 17:23:02');
INSERT INTO `profiles` (`user_id`, `gender`, `birthday`, `height`, `weight`, `activity`, `subscription_id`, `created_at`, `updated_at`) VALUES (60, 'М', '1978-05-02', '198.00', '125.50', 'тренировки 1-2 раза в неделю', 43, '2016-11-22 23:22:30', '2017-08-10 13:25:13');
INSERT INTO `profiles` (`user_id`, `gender`, `birthday`, `height`, `weight`, `activity`, `subscription_id`, `created_at`, `updated_at`) VALUES (61, 'Ж', '1992-01-23', '161.00', '77.43', 'тренировки каждый день', 73, '2020-09-26 00:15:40', '2013-05-22 03:47:31');
INSERT INTO `profiles` (`user_id`, `gender`, `birthday`, `height`, `weight`, `activity`, `subscription_id`, `created_at`, `updated_at`) VALUES (62, 'Ж', '1946-03-05', '158.98', '52.37', 'не занимаюсь спортом', 23, '2014-06-27 10:58:33', '2014-09-26 13:50:18');
INSERT INTO `profiles` (`user_id`, `gender`, `birthday`, `height`, `weight`, `activity`, `subscription_id`, `created_at`, `updated_at`) VALUES (63, 'Ж', '1966-01-25', '180.51', '133.18', 'тренировки 3-4 раза в неделю', 5, '2018-06-11 12:35:41', '2016-06-19 18:49:02');
INSERT INTO `profiles` (`user_id`, `gender`, `birthday`, `height`, `weight`, `activity`, `subscription_id`, `created_at`, `updated_at`) VALUES (64, 'М', '1993-06-05', '177.84', '87.22', 'тренировки 3-4 раза в неделю', 7, '2015-06-25 18:09:23', '2012-08-28 12:09:12');
INSERT INTO `profiles` (`user_id`, `gender`, `birthday`, `height`, `weight`, `activity`, `subscription_id`, `created_at`, `updated_at`) VALUES (65, 'М', '2006-06-06', '171.75', '68.39', 'тренировки каждый день', 89, '2011-10-02 19:51:35', '2012-08-03 09:41:08');
INSERT INTO `profiles` (`user_id`, `gender`, `birthday`, `height`, `weight`, `activity`, `subscription_id`, `created_at`, `updated_at`) VALUES (66, 'Ж', '1948-07-25', '159.79', '87.69', 'не занимаюсь спортом', 8, '2016-09-11 06:52:02', '2015-05-31 05:41:24');
INSERT INTO `profiles` (`user_id`, `gender`, `birthday`, `height`, `weight`, `activity`, `subscription_id`, `created_at`, `updated_at`) VALUES (67, 'М', '1962-10-07', '174.44', '130.55', 'тренировки 3-4 раза в неделю', 81, '2012-11-15 02:45:02', '2015-10-08 20:39:20');
INSERT INTO `profiles` (`user_id`, `gender`, `birthday`, `height`, `weight`, `activity`, `subscription_id`, `created_at`, `updated_at`) VALUES (68, 'М', '2016-02-02', '152.84', '78.72', 'тренировки каждый день', 39, '2020-10-08 08:32:55', '2017-09-12 23:57:15');
INSERT INTO `profiles` (`user_id`, `gender`, `birthday`, `height`, `weight`, `activity`, `subscription_id`, `created_at`, `updated_at`) VALUES (69, 'М', '1978-04-10', '196.00', '84.73', 'тренировки 3-4 раза в неделю', 57, '2011-09-15 08:57:10', '2012-04-22 03:02:54');
INSERT INTO `profiles` (`user_id`, `gender`, `birthday`, `height`, `weight`, `activity`, `subscription_id`, `created_at`, `updated_at`) VALUES (70, 'М', '1980-07-11', '168.01', '145.95', 'тренировки каждый день', 46, '2011-04-28 08:10:49', '2016-03-27 15:08:45');
INSERT INTO `profiles` (`user_id`, `gender`, `birthday`, `height`, `weight`, `activity`, `subscription_id`, `created_at`, `updated_at`) VALUES (71, 'Ж', '2007-10-07', '198.44', '87.67', 'тренировки 3-4 раза в неделю', 4, '2014-08-23 13:46:12', '2015-05-20 08:16:55');
INSERT INTO `profiles` (`user_id`, `gender`, `birthday`, `height`, `weight`, `activity`, `subscription_id`, `created_at`, `updated_at`) VALUES (72, 'М', '2008-08-03', '159.26', '83.81', 'тренировки каждый день', 28, '2014-05-01 01:05:41', '2019-12-30 06:22:49');
INSERT INTO `profiles` (`user_id`, `gender`, `birthday`, `height`, `weight`, `activity`, `subscription_id`, `created_at`, `updated_at`) VALUES (73, 'Ж', '1937-05-14', '153.18', '65.92', 'тренировки 4-5 раз в неделю', 32, '2016-12-13 04:00:42', '2014-09-20 22:40:58');
INSERT INTO `profiles` (`user_id`, `gender`, `birthday`, `height`, `weight`, `activity`, `subscription_id`, `created_at`, `updated_at`) VALUES (74, 'Ж', '1998-04-26', '160.36', '51.52', 'тренировки каждый день', 70, '2012-02-24 15:28:00', '2011-11-21 07:28:31');
INSERT INTO `profiles` (`user_id`, `gender`, `birthday`, `height`, `weight`, `activity`, `subscription_id`, `created_at`, `updated_at`) VALUES (75, 'М', '1972-07-29', '167.56', '147.40', 'тренировки 3-4 раза в неделю', 37, '2015-09-13 14:12:45', '2017-10-07 15:48:20');
INSERT INTO `profiles` (`user_id`, `gender`, `birthday`, `height`, `weight`, `activity`, `subscription_id`, `created_at`, `updated_at`) VALUES (76, 'Ж', '2018-10-11', '166.00', '71.70', 'тренировки 1-2 раза в неделю', 86, '2020-09-16 02:32:29', '2020-01-14 22:14:42');
INSERT INTO `profiles` (`user_id`, `gender`, `birthday`, `height`, `weight`, `activity`, `subscription_id`, `created_at`, `updated_at`) VALUES (77, 'М', '1998-11-27', '182.81', '84.80', 'тренировки 3-4 раза в неделю', 3, '2018-06-24 19:26:22', '2018-10-02 08:10:33');
INSERT INTO `profiles` (`user_id`, `gender`, `birthday`, `height`, `weight`, `activity`, `subscription_id`, `created_at`, `updated_at`) VALUES (78, 'Ж', '1925-04-01', '194.28', '149.59', 'тренировки каждый день', 67, '2015-06-15 02:01:33', '2013-02-07 21:19:00');
INSERT INTO `profiles` (`user_id`, `gender`, `birthday`, `height`, `weight`, `activity`, `subscription_id`, `created_at`, `updated_at`) VALUES (79, 'М', '1944-05-28', '191.23', '79.14', 'тренировки 1-2 раза в неделю', 61, '2017-12-23 22:51:10', '2011-10-09 20:31:40');
INSERT INTO `profiles` (`user_id`, `gender`, `birthday`, `height`, `weight`, `activity`, `subscription_id`, `created_at`, `updated_at`) VALUES (80, 'М', '1938-09-07', '198.28', '141.47', 'тренировки 4-5 раз в неделю', 85, '2015-11-15 12:49:15', '2015-11-18 20:44:09');
INSERT INTO `profiles` (`user_id`, `gender`, `birthday`, `height`, `weight`, `activity`, `subscription_id`, `created_at`, `updated_at`) VALUES (81, 'Ж', '2002-10-01', '174.00', '45.03', 'тренировки 1-2 раза в неделю', 75, '2015-04-27 10:31:47', '2021-03-12 02:57:03');
INSERT INTO `profiles` (`user_id`, `gender`, `birthday`, `height`, `weight`, `activity`, `subscription_id`, `created_at`, `updated_at`) VALUES (82, 'М', '2009-09-21', '161.76', '99.00', 'не занимаюсь спортом', 36, '2018-12-29 11:40:40', '2015-06-09 13:01:14');
INSERT INTO `profiles` (`user_id`, `gender`, `birthday`, `height`, `weight`, `activity`, `subscription_id`, `created_at`, `updated_at`) VALUES (83, 'М', '1951-03-26', '163.97', '75.16', 'тренировки 4-5 раз в неделю', 63, '2016-07-26 23:34:13', '2019-10-26 04:09:34');
INSERT INTO `profiles` (`user_id`, `gender`, `birthday`, `height`, `weight`, `activity`, `subscription_id`, `created_at`, `updated_at`) VALUES (84, 'М', '1961-01-10', '190.68', '119.97', 'тренировки 3-4 раза в неделю', 56, '2017-06-30 17:52:01', '2015-06-27 09:06:56');
INSERT INTO `profiles` (`user_id`, `gender`, `birthday`, `height`, `weight`, `activity`, `subscription_id`, `created_at`, `updated_at`) VALUES (85, 'Ж', '1943-06-26', '193.43', '73.54', 'тренировки 1-2 раза в неделю', 97, '2012-12-01 05:51:18', '2013-06-25 18:08:38');
INSERT INTO `profiles` (`user_id`, `gender`, `birthday`, `height`, `weight`, `activity`, `subscription_id`, `created_at`, `updated_at`) VALUES (86, 'М', '1956-10-25', '182.47', '68.30', 'тренировки 3-4 раза в неделю', 77, '2020-04-25 01:23:29', '2014-06-14 02:34:37');
INSERT INTO `profiles` (`user_id`, `gender`, `birthday`, `height`, `weight`, `activity`, `subscription_id`, `created_at`, `updated_at`) VALUES (87, 'М', '1947-07-24', '195.00', '131.54', 'тренировки 3-4 раза в неделю', 100, '2013-07-25 17:21:11', '2018-02-24 12:46:28');
INSERT INTO `profiles` (`user_id`, `gender`, `birthday`, `height`, `weight`, `activity`, `subscription_id`, `created_at`, `updated_at`) VALUES (88, 'М', '1995-07-12', '159.70', '130.83', 'тренировки 1-2 раза в неделю', 54, '2021-01-01 18:33:20', '2017-03-13 13:02:17');
INSERT INTO `profiles` (`user_id`, `gender`, `birthday`, `height`, `weight`, `activity`, `subscription_id`, `created_at`, `updated_at`) VALUES (89, 'М', '1994-04-18', '172.51', '127.12', 'тренировки 3-4 раза в неделю', 50, '2017-10-19 12:46:16', '2016-06-21 23:59:58');
INSERT INTO `profiles` (`user_id`, `gender`, `birthday`, `height`, `weight`, `activity`, `subscription_id`, `created_at`, `updated_at`) VALUES (90, 'М', '1980-12-16', '157.73', '107.50', 'тренировки 1-2 раза в неделю', 15, '2020-04-01 22:51:04', '2019-02-01 23:27:35');
INSERT INTO `profiles` (`user_id`, `gender`, `birthday`, `height`, `weight`, `activity`, `subscription_id`, `created_at`, `updated_at`) VALUES (91, 'М', '1976-05-31', '172.04', '93.11', 'не занимаюсь спортом', 13, '2019-11-23 15:20:51', '2017-04-04 03:24:33');
INSERT INTO `profiles` (`user_id`, `gender`, `birthday`, `height`, `weight`, `activity`, `subscription_id`, `created_at`, `updated_at`) VALUES (92, 'Ж', '1955-11-07', '192.10', '132.30', 'не занимаюсь спортом', 68, '2018-04-12 12:39:53', '2018-07-21 13:15:49');
INSERT INTO `profiles` (`user_id`, `gender`, `birthday`, `height`, `weight`, `activity`, `subscription_id`, `created_at`, `updated_at`) VALUES (93, 'Ж', '1959-12-12', '159.00', '111.45', 'не занимаюсь спортом', 24, '2016-08-16 21:50:42', '2017-02-19 04:23:01');
INSERT INTO `profiles` (`user_id`, `gender`, `birthday`, `height`, `weight`, `activity`, `subscription_id`, `created_at`, `updated_at`) VALUES (94, 'М', '1978-01-27', '172.98', '135.88', 'тренировки каждый день', 18, '2013-06-12 14:50:18', '2017-08-11 00:10:55');
INSERT INTO `profiles` (`user_id`, `gender`, `birthday`, `height`, `weight`, `activity`, `subscription_id`, `created_at`, `updated_at`) VALUES (95, 'М', '1940-08-18', '182.88', '61.12', 'не занимаюсь спортом', 90, '2018-03-17 23:46:19', '2013-04-19 01:31:43');
INSERT INTO `profiles` (`user_id`, `gender`, `birthday`, `height`, `weight`, `activity`, `subscription_id`, `created_at`, `updated_at`) VALUES (96, 'Ж', '1960-06-16', '163.98', '90.93', 'тренировки 4-5 раз в неделю', 95, '2013-02-07 13:11:46', '2019-03-03 10:41:18');
INSERT INTO `profiles` (`user_id`, `gender`, `birthday`, `height`, `weight`, `activity`, `subscription_id`, `created_at`, `updated_at`) VALUES (97, 'М', '1993-11-06', '162.00', '124.00', 'не занимаюсь спортом', 71, '2019-08-03 07:18:13', '2012-04-25 09:02:02');
INSERT INTO `profiles` (`user_id`, `gender`, `birthday`, `height`, `weight`, `activity`, `subscription_id`, `created_at`, `updated_at`) VALUES (98, 'М', '1937-03-08', '165.81', '146.98', 'тренировки каждый день', 49, '2018-02-19 21:36:55', '2021-01-23 15:56:34');
INSERT INTO `profiles` (`user_id`, `gender`, `birthday`, `height`, `weight`, `activity`, `subscription_id`, `created_at`, `updated_at`) VALUES (99, 'Ж', '1969-05-31', '176.43', '130.43', 'тренировки каждый день', 20, '2021-03-15 11:26:24', '2016-03-28 18:26:30');
INSERT INTO `profiles` (`user_id`, `gender`, `birthday`, `height`, `weight`, `activity`, `subscription_id`, `created_at`, `updated_at`) VALUES (100, 'Ж', '1963-07-26', '196.48', '140.63', 'тренировки каждый день', 64, '2015-08-25 12:36:57', '2016-05-12 19:50:44');

INSERT INTO `payments` (`id`, `subscription_id`, `payment_type_id`, `payments`, `checking_payment`, `created_at`, `updated_at`) VALUES (1, 1, 1, '35079.00', 0, '2013-07-19 00:43:21', '2016-04-15 17:37:00');
INSERT INTO `payments` (`id`, `subscription_id`, `payment_type_id`, `payments`, `checking_payment`, `created_at`, `updated_at`) VALUES (2, 2, 2, '46982.00', 1, '2019-06-16 14:41:29', '2015-12-24 23:11:48');
INSERT INTO `payments` (`id`, `subscription_id`, `payment_type_id`, `payments`, `checking_payment`, `created_at`, `updated_at`) VALUES (3, 3, 3, '45864.00', 0, '2018-02-13 02:16:15', '2020-01-08 09:13:19');
INSERT INTO `payments` (`id`, `subscription_id`, `payment_type_id`, `payments`, `checking_payment`, `created_at`, `updated_at`) VALUES (4, 4, 1, '28457.00', 1, '2020-12-11 03:19:38', '2020-12-28 23:50:03');
INSERT INTO `payments` (`id`, `subscription_id`, `payment_type_id`, `payments`, `checking_payment`, `created_at`, `updated_at`) VALUES (5, 5, 2, '45432.00', 1, '2016-08-01 09:55:32', '2016-01-31 04:05:04');
INSERT INTO `payments` (`id`, `subscription_id`, `payment_type_id`, `payments`, `checking_payment`, `created_at`, `updated_at`) VALUES (6, 6, 3, '30870.00', 0, '2013-12-28 17:29:02', '2019-06-01 02:00:47');
INSERT INTO `payments` (`id`, `subscription_id`, `payment_type_id`, `payments`, `checking_payment`, `created_at`, `updated_at`) VALUES (7, 7, 1, '37778.00', 1, '2013-08-06 11:36:38', '2013-04-29 03:29:53');
INSERT INTO `payments` (`id`, `subscription_id`, `payment_type_id`, `payments`, `checking_payment`, `created_at`, `updated_at`) VALUES (8, 8, 2, '18983.00', 1, '2012-06-19 00:03:59', '2013-05-03 03:31:33');
INSERT INTO `payments` (`id`, `subscription_id`, `payment_type_id`, `payments`, `checking_payment`, `created_at`, `updated_at`) VALUES (9, 9, 3, '43079.00', 1, '2018-05-30 06:33:48', '2013-08-07 04:40:41');
INSERT INTO `payments` (`id`, `subscription_id`, `payment_type_id`, `payments`, `checking_payment`, `created_at`, `updated_at`) VALUES (10, 10, 1, '25602.00', 1, '2019-02-21 20:17:06', '2013-04-22 02:32:59');
INSERT INTO `payments` (`id`, `subscription_id`, `payment_type_id`, `payments`, `checking_payment`, `created_at`, `updated_at`) VALUES (11, 11, 2, '30884.00', 1, '2017-07-28 04:03:14', '2019-10-23 11:38:40');
INSERT INTO `payments` (`id`, `subscription_id`, `payment_type_id`, `payments`, `checking_payment`, `created_at`, `updated_at`) VALUES (12, 12, 3, '27217.00', 1, '2014-08-22 19:55:06', '2014-04-11 15:16:03');
INSERT INTO `payments` (`id`, `subscription_id`, `payment_type_id`, `payments`, `checking_payment`, `created_at`, `updated_at`) VALUES (13, 13, 1, '24981.00', 0, '2017-05-21 11:25:47', '2012-02-06 14:45:58');
INSERT INTO `payments` (`id`, `subscription_id`, `payment_type_id`, `payments`, `checking_payment`, `created_at`, `updated_at`) VALUES (14, 14, 2, '26290.00', 1, '2018-11-12 08:43:24', '2016-10-03 06:11:06');
INSERT INTO `payments` (`id`, `subscription_id`, `payment_type_id`, `payments`, `checking_payment`, `created_at`, `updated_at`) VALUES (15, 15, 3, '47345.00', 0, '2019-08-01 15:29:42', '2020-08-22 12:38:56');
INSERT INTO `payments` (`id`, `subscription_id`, `payment_type_id`, `payments`, `checking_payment`, `created_at`, `updated_at`) VALUES (16, 16, 1, '14590.00', 1, '2011-07-10 12:50:05', '2020-05-21 12:20:41');
INSERT INTO `payments` (`id`, `subscription_id`, `payment_type_id`, `payments`, `checking_payment`, `created_at`, `updated_at`) VALUES (17, 17, 2, '13872.00', 0, '2016-06-07 00:41:48', '2015-11-12 03:12:26');
INSERT INTO `payments` (`id`, `subscription_id`, `payment_type_id`, `payments`, `checking_payment`, `created_at`, `updated_at`) VALUES (18, 18, 3, '14939.00', 0, '2011-04-09 14:23:18', '2021-03-02 07:41:18');
INSERT INTO `payments` (`id`, `subscription_id`, `payment_type_id`, `payments`, `checking_payment`, `created_at`, `updated_at`) VALUES (19, 19, 1, '26731.00', 0, '2013-11-16 10:43:07', '2018-02-21 12:32:32');
INSERT INTO `payments` (`id`, `subscription_id`, `payment_type_id`, `payments`, `checking_payment`, `created_at`, `updated_at`) VALUES (20, 20, 2, '24313.00', 1, '2012-07-04 18:10:59', '2019-10-31 17:03:06');
INSERT INTO `payments` (`id`, `subscription_id`, `payment_type_id`, `payments`, `checking_payment`, `created_at`, `updated_at`) VALUES (21, 21, 3, '15014.00', 1, '2019-07-27 00:17:59', '2018-08-03 14:15:33');
INSERT INTO `payments` (`id`, `subscription_id`, `payment_type_id`, `payments`, `checking_payment`, `created_at`, `updated_at`) VALUES (22, 22, 1, '32818.00', 0, '2019-01-10 06:54:38', '2015-04-05 10:11:19');
INSERT INTO `payments` (`id`, `subscription_id`, `payment_type_id`, `payments`, `checking_payment`, `created_at`, `updated_at`) VALUES (23, 23, 2, '5611.00', 1, '2011-09-01 15:34:18', '2012-11-09 11:06:28');
INSERT INTO `payments` (`id`, `subscription_id`, `payment_type_id`, `payments`, `checking_payment`, `created_at`, `updated_at`) VALUES (24, 24, 3, '37402.00', 0, '2021-03-15 07:29:14', '2013-12-01 13:34:45');
INSERT INTO `payments` (`id`, `subscription_id`, `payment_type_id`, `payments`, `checking_payment`, `created_at`, `updated_at`) VALUES (25, 25, 1, '14374.00', 1, '2015-12-23 00:56:33', '2014-02-13 06:26:41');
INSERT INTO `payments` (`id`, `subscription_id`, `payment_type_id`, `payments`, `checking_payment`, `created_at`, `updated_at`) VALUES (26, 26, 2, '27469.00', 0, '2013-02-25 03:02:29', '2020-08-11 12:35:01');
INSERT INTO `payments` (`id`, `subscription_id`, `payment_type_id`, `payments`, `checking_payment`, `created_at`, `updated_at`) VALUES (27, 27, 3, '21531.00', 0, '2015-08-13 09:44:05', '2012-11-25 13:49:59');
INSERT INTO `payments` (`id`, `subscription_id`, `payment_type_id`, `payments`, `checking_payment`, `created_at`, `updated_at`) VALUES (28, 28, 1, '14768.00', 0, '2011-11-19 00:41:28', '2017-10-31 15:27:58');
INSERT INTO `payments` (`id`, `subscription_id`, `payment_type_id`, `payments`, `checking_payment`, `created_at`, `updated_at`) VALUES (29, 29, 2, '16033.00', 0, '2016-10-11 18:37:22', '2015-05-06 23:11:57');
INSERT INTO `payments` (`id`, `subscription_id`, `payment_type_id`, `payments`, `checking_payment`, `created_at`, `updated_at`) VALUES (30, 30, 3, '15044.00', 1, '2017-12-06 01:01:00', '2020-09-05 22:09:21');
INSERT INTO `payments` (`id`, `subscription_id`, `payment_type_id`, `payments`, `checking_payment`, `created_at`, `updated_at`) VALUES (31, 31, 1, '22657.00', 0, '2017-03-07 21:17:41', '2016-05-21 02:11:05');
INSERT INTO `payments` (`id`, `subscription_id`, `payment_type_id`, `payments`, `checking_payment`, `created_at`, `updated_at`) VALUES (32, 32, 2, '12694.00', 0, '2011-10-18 17:06:22', '2019-11-09 04:26:20');
INSERT INTO `payments` (`id`, `subscription_id`, `payment_type_id`, `payments`, `checking_payment`, `created_at`, `updated_at`) VALUES (33, 33, 3, '9148.00', 1, '2019-07-12 03:00:18', '2012-07-31 04:00:08');
INSERT INTO `payments` (`id`, `subscription_id`, `payment_type_id`, `payments`, `checking_payment`, `created_at`, `updated_at`) VALUES (34, 34, 1, '31501.00', 0, '2020-11-21 04:16:15', '2011-09-04 18:13:09');
INSERT INTO `payments` (`id`, `subscription_id`, `payment_type_id`, `payments`, `checking_payment`, `created_at`, `updated_at`) VALUES (35, 35, 2, '17255.00', 1, '2014-01-13 11:14:46', '2013-02-02 20:23:29');
INSERT INTO `payments` (`id`, `subscription_id`, `payment_type_id`, `payments`, `checking_payment`, `created_at`, `updated_at`) VALUES (36, 36, 3, '35722.00', 0, '2015-10-06 19:05:25', '2013-07-13 08:08:09');
INSERT INTO `payments` (`id`, `subscription_id`, `payment_type_id`, `payments`, `checking_payment`, `created_at`, `updated_at`) VALUES (37, 37, 1, '30377.00', 1, '2016-09-09 03:52:12', '2015-04-03 08:42:42');
INSERT INTO `payments` (`id`, `subscription_id`, `payment_type_id`, `payments`, `checking_payment`, `created_at`, `updated_at`) VALUES (38, 38, 2, '42247.00', 1, '2013-04-28 03:53:55', '2020-08-29 07:06:27');
INSERT INTO `payments` (`id`, `subscription_id`, `payment_type_id`, `payments`, `checking_payment`, `created_at`, `updated_at`) VALUES (39, 39, 3, '26338.00', 0, '2016-07-07 13:46:19', '2013-03-30 08:14:57');
INSERT INTO `payments` (`id`, `subscription_id`, `payment_type_id`, `payments`, `checking_payment`, `created_at`, `updated_at`) VALUES (40, 40, 1, '38734.00', 1, '2018-08-12 01:14:48', '2019-08-30 21:22:37');
INSERT INTO `payments` (`id`, `subscription_id`, `payment_type_id`, `payments`, `checking_payment`, `created_at`, `updated_at`) VALUES (41, 41, 2, '18801.00', 1, '2012-07-21 07:56:57', '2015-08-18 13:41:39');
INSERT INTO `payments` (`id`, `subscription_id`, `payment_type_id`, `payments`, `checking_payment`, `created_at`, `updated_at`) VALUES (42, 42, 3, '23318.00', 0, '2019-02-24 16:07:18', '2018-04-12 11:54:45');
INSERT INTO `payments` (`id`, `subscription_id`, `payment_type_id`, `payments`, `checking_payment`, `created_at`, `updated_at`) VALUES (43, 43, 1, '45119.00', 0, '2011-04-24 18:59:23', '2015-09-21 18:13:24');
INSERT INTO `payments` (`id`, `subscription_id`, `payment_type_id`, `payments`, `checking_payment`, `created_at`, `updated_at`) VALUES (44, 44, 2, '25524.00', 0, '2017-01-27 21:31:54', '2019-09-20 00:13:33');
INSERT INTO `payments` (`id`, `subscription_id`, `payment_type_id`, `payments`, `checking_payment`, `created_at`, `updated_at`) VALUES (45, 45, 3, '10260.00', 1, '2019-10-16 06:19:02', '2011-08-21 08:19:25');
INSERT INTO `payments` (`id`, `subscription_id`, `payment_type_id`, `payments`, `checking_payment`, `created_at`, `updated_at`) VALUES (46, 46, 1, '5897.00', 0, '2012-01-26 16:19:41', '2016-01-19 03:45:18');
INSERT INTO `payments` (`id`, `subscription_id`, `payment_type_id`, `payments`, `checking_payment`, `created_at`, `updated_at`) VALUES (47, 47, 2, '33928.00', 1, '2016-07-03 19:18:28', '2013-05-16 21:18:09');
INSERT INTO `payments` (`id`, `subscription_id`, `payment_type_id`, `payments`, `checking_payment`, `created_at`, `updated_at`) VALUES (48, 48, 3, '43290.00', 1, '2015-03-01 19:29:25', '2016-06-25 22:32:33');
INSERT INTO `payments` (`id`, `subscription_id`, `payment_type_id`, `payments`, `checking_payment`, `created_at`, `updated_at`) VALUES (49, 49, 1, '19799.00', 0, '2015-10-13 10:36:33', '2011-07-01 09:08:36');
INSERT INTO `payments` (`id`, `subscription_id`, `payment_type_id`, `payments`, `checking_payment`, `created_at`, `updated_at`) VALUES (50, 50, 2, '18472.00', 0, '2014-08-12 17:41:32', '2011-12-21 13:55:50');
INSERT INTO `payments` (`id`, `subscription_id`, `payment_type_id`, `payments`, `checking_payment`, `created_at`, `updated_at`) VALUES (51, 51, 3, '15959.00', 0, '2017-05-04 06:31:09', '2021-02-18 11:56:09');
INSERT INTO `payments` (`id`, `subscription_id`, `payment_type_id`, `payments`, `checking_payment`, `created_at`, `updated_at`) VALUES (52, 52, 1, '45113.00', 1, '2012-10-03 11:57:45', '2014-12-15 13:33:40');
INSERT INTO `payments` (`id`, `subscription_id`, `payment_type_id`, `payments`, `checking_payment`, `created_at`, `updated_at`) VALUES (53, 53, 2, '7742.00', 0, '2012-04-23 12:42:39', '2020-07-22 18:36:45');
INSERT INTO `payments` (`id`, `subscription_id`, `payment_type_id`, `payments`, `checking_payment`, `created_at`, `updated_at`) VALUES (54, 54, 3, '26005.00', 1, '2019-11-04 12:04:57', '2019-03-13 10:18:53');
INSERT INTO `payments` (`id`, `subscription_id`, `payment_type_id`, `payments`, `checking_payment`, `created_at`, `updated_at`) VALUES (55, 55, 1, '18814.00', 1, '2019-04-25 02:00:47', '2018-09-02 11:26:58');
INSERT INTO `payments` (`id`, `subscription_id`, `payment_type_id`, `payments`, `checking_payment`, `created_at`, `updated_at`) VALUES (56, 56, 2, '26958.00', 0, '2016-08-29 23:18:43', '2015-03-20 20:26:03');
INSERT INTO `payments` (`id`, `subscription_id`, `payment_type_id`, `payments`, `checking_payment`, `created_at`, `updated_at`) VALUES (57, 57, 3, '19687.00', 0, '2017-10-12 02:52:10', '2015-02-20 08:07:01');
INSERT INTO `payments` (`id`, `subscription_id`, `payment_type_id`, `payments`, `checking_payment`, `created_at`, `updated_at`) VALUES (58, 58, 1, '12077.00', 1, '2017-10-11 16:29:25', '2020-08-14 18:14:54');
INSERT INTO `payments` (`id`, `subscription_id`, `payment_type_id`, `payments`, `checking_payment`, `created_at`, `updated_at`) VALUES (59, 59, 2, '46356.00', 0, '2012-11-05 03:22:12', '2015-08-19 23:13:47');
INSERT INTO `payments` (`id`, `subscription_id`, `payment_type_id`, `payments`, `checking_payment`, `created_at`, `updated_at`) VALUES (60, 60, 3, '43196.00', 0, '2012-11-19 16:37:09', '2016-06-09 04:27:59');
INSERT INTO `payments` (`id`, `subscription_id`, `payment_type_id`, `payments`, `checking_payment`, `created_at`, `updated_at`) VALUES (61, 61, 1, '16069.00', 0, '2014-07-19 23:58:53', '2016-09-25 06:35:01');
INSERT INTO `payments` (`id`, `subscription_id`, `payment_type_id`, `payments`, `checking_payment`, `created_at`, `updated_at`) VALUES (62, 62, 2, '11624.00', 1, '2014-07-18 18:40:38', '2017-01-22 00:55:10');
INSERT INTO `payments` (`id`, `subscription_id`, `payment_type_id`, `payments`, `checking_payment`, `created_at`, `updated_at`) VALUES (63, 63, 3, '38545.00', 0, '2011-08-27 14:28:06', '2020-06-13 15:53:29');
INSERT INTO `payments` (`id`, `subscription_id`, `payment_type_id`, `payments`, `checking_payment`, `created_at`, `updated_at`) VALUES (64, 64, 1, '16828.00', 1, '2014-01-22 20:45:08', '2016-04-09 12:26:54');
INSERT INTO `payments` (`id`, `subscription_id`, `payment_type_id`, `payments`, `checking_payment`, `created_at`, `updated_at`) VALUES (65, 65, 2, '7640.00', 0, '2015-01-12 18:05:02', '2015-05-07 19:36:38');
INSERT INTO `payments` (`id`, `subscription_id`, `payment_type_id`, `payments`, `checking_payment`, `created_at`, `updated_at`) VALUES (66, 66, 3, '47941.00', 0, '2011-11-03 11:42:46', '2014-09-26 07:48:58');
INSERT INTO `payments` (`id`, `subscription_id`, `payment_type_id`, `payments`, `checking_payment`, `created_at`, `updated_at`) VALUES (67, 67, 1, '11537.00', 1, '2016-08-09 22:53:43', '2015-03-03 15:26:37');
INSERT INTO `payments` (`id`, `subscription_id`, `payment_type_id`, `payments`, `checking_payment`, `created_at`, `updated_at`) VALUES (68, 68, 2, '39609.00', 0, '2020-04-25 15:50:24', '2018-02-17 14:31:50');
INSERT INTO `payments` (`id`, `subscription_id`, `payment_type_id`, `payments`, `checking_payment`, `created_at`, `updated_at`) VALUES (69, 69, 3, '35381.00', 0, '2016-12-23 21:09:08', '2019-03-12 14:25:49');
INSERT INTO `payments` (`id`, `subscription_id`, `payment_type_id`, `payments`, `checking_payment`, `created_at`, `updated_at`) VALUES (70, 70, 1, '11515.00', 0, '2016-05-03 19:25:01', '2012-05-18 19:00:02');
INSERT INTO `payments` (`id`, `subscription_id`, `payment_type_id`, `payments`, `checking_payment`, `created_at`, `updated_at`) VALUES (71, 71, 2, '12805.00', 1, '2017-03-31 09:39:42', '2011-11-07 18:25:24');
INSERT INTO `payments` (`id`, `subscription_id`, `payment_type_id`, `payments`, `checking_payment`, `created_at`, `updated_at`) VALUES (72, 72, 3, '15321.00', 1, '2017-03-28 20:00:30', '2021-03-12 21:31:41');
INSERT INTO `payments` (`id`, `subscription_id`, `payment_type_id`, `payments`, `checking_payment`, `created_at`, `updated_at`) VALUES (73, 73, 1, '7661.00', 0, '2015-06-01 18:21:01', '2016-04-23 16:21:31');
INSERT INTO `payments` (`id`, `subscription_id`, `payment_type_id`, `payments`, `checking_payment`, `created_at`, `updated_at`) VALUES (74, 74, 2, '23392.00', 0, '2013-07-03 07:58:19', '2021-01-13 21:37:35');
INSERT INTO `payments` (`id`, `subscription_id`, `payment_type_id`, `payments`, `checking_payment`, `created_at`, `updated_at`) VALUES (75, 75, 3, '32857.00', 0, '2016-06-07 22:02:03', '2016-09-07 10:27:47');
INSERT INTO `payments` (`id`, `subscription_id`, `payment_type_id`, `payments`, `checking_payment`, `created_at`, `updated_at`) VALUES (76, 76, 1, '9415.00', 1, '2014-04-08 16:41:15', '2014-06-07 00:49:53');
INSERT INTO `payments` (`id`, `subscription_id`, `payment_type_id`, `payments`, `checking_payment`, `created_at`, `updated_at`) VALUES (77, 77, 2, '37023.00', 0, '2017-01-11 03:02:34', '2012-11-14 04:34:42');
INSERT INTO `payments` (`id`, `subscription_id`, `payment_type_id`, `payments`, `checking_payment`, `created_at`, `updated_at`) VALUES (78, 78, 3, '17847.00', 1, '2020-02-12 05:24:15', '2019-08-30 14:25:29');
INSERT INTO `payments` (`id`, `subscription_id`, `payment_type_id`, `payments`, `checking_payment`, `created_at`, `updated_at`) VALUES (79, 79, 1, '23166.00', 0, '2011-10-07 12:06:28', '2016-01-02 09:17:31');
INSERT INTO `payments` (`id`, `subscription_id`, `payment_type_id`, `payments`, `checking_payment`, `created_at`, `updated_at`) VALUES (80, 80, 2, '29251.00', 0, '2017-06-04 01:14:56', '2014-04-25 07:58:37');
INSERT INTO `payments` (`id`, `subscription_id`, `payment_type_id`, `payments`, `checking_payment`, `created_at`, `updated_at`) VALUES (81, 81, 3, '21665.00', 1, '2020-01-04 18:57:19', '2016-11-01 03:15:43');
INSERT INTO `payments` (`id`, `subscription_id`, `payment_type_id`, `payments`, `checking_payment`, `created_at`, `updated_at`) VALUES (82, 82, 1, '28920.00', 1, '2014-03-04 00:36:31', '2011-05-08 18:14:56');
INSERT INTO `payments` (`id`, `subscription_id`, `payment_type_id`, `payments`, `checking_payment`, `created_at`, `updated_at`) VALUES (83, 83, 2, '24054.00', 0, '2017-01-31 18:07:31', '2020-09-19 15:35:15');
INSERT INTO `payments` (`id`, `subscription_id`, `payment_type_id`, `payments`, `checking_payment`, `created_at`, `updated_at`) VALUES (84, 84, 3, '36187.00', 1, '2012-12-07 22:24:55', '2013-11-17 22:32:04');
INSERT INTO `payments` (`id`, `subscription_id`, `payment_type_id`, `payments`, `checking_payment`, `created_at`, `updated_at`) VALUES (85, 85, 1, '43432.00', 1, '2012-03-15 13:44:23', '2015-08-25 19:53:22');
INSERT INTO `payments` (`id`, `subscription_id`, `payment_type_id`, `payments`, `checking_payment`, `created_at`, `updated_at`) VALUES (86, 86, 2, '44822.00', 0, '2015-08-19 14:16:23', '2016-01-20 05:18:02');
INSERT INTO `payments` (`id`, `subscription_id`, `payment_type_id`, `payments`, `checking_payment`, `created_at`, `updated_at`) VALUES (87, 87, 3, '8603.00', 1, '2014-02-14 23:45:16', '2019-12-07 22:51:21');
INSERT INTO `payments` (`id`, `subscription_id`, `payment_type_id`, `payments`, `checking_payment`, `created_at`, `updated_at`) VALUES (88, 88, 1, '32388.00', 1, '2019-05-03 17:42:52', '2011-10-28 07:49:36');
INSERT INTO `payments` (`id`, `subscription_id`, `payment_type_id`, `payments`, `checking_payment`, `created_at`, `updated_at`) VALUES (89, 89, 2, '42472.00', 0, '2014-10-31 22:37:10', '2014-01-18 21:02:40');
INSERT INTO `payments` (`id`, `subscription_id`, `payment_type_id`, `payments`, `checking_payment`, `created_at`, `updated_at`) VALUES (90, 90, 3, '5204.00', 0, '2013-11-10 01:32:21', '2018-02-22 08:31:43');
INSERT INTO `payments` (`id`, `subscription_id`, `payment_type_id`, `payments`, `checking_payment`, `created_at`, `updated_at`) VALUES (91, 91, 1, '37747.00', 1, '2015-08-15 06:24:00', '2013-11-21 18:24:36');
INSERT INTO `payments` (`id`, `subscription_id`, `payment_type_id`, `payments`, `checking_payment`, `created_at`, `updated_at`) VALUES (92, 92, 2, '39144.00', 1, '2015-04-09 10:39:01', '2016-07-02 14:30:31');
INSERT INTO `payments` (`id`, `subscription_id`, `payment_type_id`, `payments`, `checking_payment`, `created_at`, `updated_at`) VALUES (93, 93, 3, '14316.00', 0, '2011-08-25 13:30:06', '2014-11-28 10:21:48');
INSERT INTO `payments` (`id`, `subscription_id`, `payment_type_id`, `payments`, `checking_payment`, `created_at`, `updated_at`) VALUES (94, 94, 1, '15295.00', 1, '2014-07-21 17:13:50', '2018-10-02 03:23:22');
INSERT INTO `payments` (`id`, `subscription_id`, `payment_type_id`, `payments`, `checking_payment`, `created_at`, `updated_at`) VALUES (95, 95, 2, '31024.00', 1, '2011-06-03 08:46:39', '2020-01-13 19:16:44');
INSERT INTO `payments` (`id`, `subscription_id`, `payment_type_id`, `payments`, `checking_payment`, `created_at`, `updated_at`) VALUES (96, 96, 3, '32848.00', 1, '2017-06-25 00:56:55', '2015-09-23 22:06:59');
INSERT INTO `payments` (`id`, `subscription_id`, `payment_type_id`, `payments`, `checking_payment`, `created_at`, `updated_at`) VALUES (97, 97, 1, '42830.00', 1, '2012-02-24 20:40:02', '2018-11-09 16:09:46');
INSERT INTO `payments` (`id`, `subscription_id`, `payment_type_id`, `payments`, `checking_payment`, `created_at`, `updated_at`) VALUES (98, 98, 2, '5646.00', 1, '2020-01-24 22:27:29', '2020-11-09 01:00:15');
INSERT INTO `payments` (`id`, `subscription_id`, `payment_type_id`, `payments`, `checking_payment`, `created_at`, `updated_at`) VALUES (99, 99, 3, '44547.00', 1, '2015-08-29 10:59:08', '2012-05-12 13:29:32');
INSERT INTO `payments` (`id`, `subscription_id`, `payment_type_id`, `payments`, `checking_payment`, `created_at`, `updated_at`) VALUES (100, 100, 1, '40230.00', 0, '2018-11-11 01:01:14', '2015-11-15 06:03:07');

INSERT INTO `couriers` (`id`, `first_name`, `last_name`, `birthday`, `phone`, `dat_of_employment`, `working_shift`, `created_at`, `updated_at`) VALUES (1, 'Pansy', 'Rice', '1961-03-13', '130-386-3605x433', '2012-03-26', '12-17', '2019-10-07 02:50:14', '2012-03-18 18:16:19');
INSERT INTO `couriers` (`id`, `first_name`, `last_name`, `birthday`, `phone`, `dat_of_employment`, `working_shift`, `created_at`, `updated_at`) VALUES (2, 'Carolyn', 'Witting', '1942-02-02', '1-171-932-6600x964', '2018-10-31', '7-12', '2017-07-05 01:55:33', '2018-01-21 03:08:54');
INSERT INTO `couriers` (`id`, `first_name`, `last_name`, `birthday`, `phone`, `dat_of_employment`, `working_shift`, `created_at`, `updated_at`) VALUES (3, 'Bernardo', 'Schimmel', '1981-11-15', '1-101-441-2453x222', '2015-12-01', '12-17', '2016-03-01 10:20:12', '2012-10-21 19:08:15');
INSERT INTO `couriers` (`id`, `first_name`, `last_name`, `birthday`, `phone`, `dat_of_employment`, `working_shift`, `created_at`, `updated_at`) VALUES (4, 'Maye', 'Skiles', '1987-10-19', '05446914353', '2016-03-30', '12-17', '2020-04-19 05:59:27', '2016-09-16 06:44:01');
INSERT INTO `couriers` (`id`, `first_name`, `last_name`, `birthday`, `phone`, `dat_of_employment`, `working_shift`, `created_at`, `updated_at`) VALUES (5, 'Joy', 'Veum', '1991-12-05', '1-772-188-2936x9839', '2011-12-31', '12-17', '2019-07-13 03:00:23', '2012-03-19 02:35:34');
INSERT INTO `couriers` (`id`, `first_name`, `last_name`, `birthday`, `phone`, `dat_of_employment`, `working_shift`, `created_at`, `updated_at`) VALUES (6, 'Ryan', 'Hegmann', '1996-01-30', '1-189-813-2964x416', '2018-02-11', '7-12', '2016-12-28 13:09:00', '2018-05-13 05:54:37');
INSERT INTO `couriers` (`id`, `first_name`, `last_name`, `birthday`, `phone`, `dat_of_employment`, `working_shift`, `created_at`, `updated_at`) VALUES (7, 'Bobby', 'Osinski', '1937-09-18', '+71(1)5103722543', '2012-09-26', '17-22', '2020-05-06 12:15:25', '2019-02-24 02:58:17');
INSERT INTO `couriers` (`id`, `first_name`, `last_name`, `birthday`, `phone`, `dat_of_employment`, `working_shift`, `created_at`, `updated_at`) VALUES (8, 'Matilde', 'Kuhlman', '1995-01-23', '(377)327-8505x6371', '2014-05-12', '12-17', '2014-02-04 18:27:26', '2020-01-02 06:36:34');
INSERT INTO `couriers` (`id`, `first_name`, `last_name`, `birthday`, `phone`, `dat_of_employment`, `working_shift`, `created_at`, `updated_at`) VALUES (9, 'Minnie', 'Armstrong', '2014-06-30', '827-892-3659', '2011-06-13', '17-22', '2018-07-05 23:16:09', '2020-09-03 19:16:38');
INSERT INTO `couriers` (`id`, `first_name`, `last_name`, `birthday`, `phone`, `dat_of_employment`, `working_shift`, `created_at`, `updated_at`) VALUES (10, 'Ferne', 'Durgan', '1998-07-20', '1-422-400-3695x3926', '2011-10-16', '7-12', '2013-02-21 19:48:44', '2013-11-15 23:01:48');

INSERT INTO `orders` (`id`, `subscription_id`, `user_id`, `courier_id`, `delivery_date`, `delivery_address_id`, `created_at`, `updated_at`) VALUES (1, 1, 1, 1, '2021-04-17 23:48:26', 1, '2021-03-17 01:59:02', '2021-03-09 18:39:22');
INSERT INTO `orders` (`id`, `subscription_id`, `user_id`, `courier_id`, `delivery_date`, `delivery_address_id`, `created_at`, `updated_at`) VALUES (11, 11, 11, 1, '2021-04-13 09:04:32', 11, '2021-03-10 03:06:36', '2021-03-05 18:48:38');
INSERT INTO `orders` (`id`, `subscription_id`, `user_id`, `courier_id`, `delivery_date`, `delivery_address_id`, `created_at`, `updated_at`) VALUES (21, 21, 21, 1, '2021-04-13 18:32:19', 21, '2021-03-11 18:02:36', '2021-03-10 10:11:18');
INSERT INTO `orders` (`id`, `subscription_id`, `user_id`, `courier_id`, `delivery_date`, `delivery_address_id`, `created_at`, `updated_at`) VALUES (31, 31, 31, 1, '2021-04-26 12:25:14', 31, '2021-03-05 23:36:35', '2021-03-12 07:35:16');
INSERT INTO `orders` (`id`, `subscription_id`, `user_id`, `courier_id`, `delivery_date`, `delivery_address_id`, `created_at`, `updated_at`) VALUES (41, 41, 41, 1, '2021-04-12 09:42:01', 41, '2021-03-10 06:30:21', '2021-03-09 03:17:07');
INSERT INTO `orders` (`id`, `subscription_id`, `user_id`, `courier_id`, `delivery_date`, `delivery_address_id`, `created_at`, `updated_at`) VALUES (51, 51, 51, 1, '2021-04-14 20:03:57', 51, '2021-02-26 07:41:07', '2021-03-13 04:28:34');
INSERT INTO `orders` (`id`, `subscription_id`, `user_id`, `courier_id`, `delivery_date`, `delivery_address_id`, `created_at`, `updated_at`) VALUES (61, 61, 61, 1, '2021-04-23 17:39:23', 61, '2021-02-21 09:02:39', '2021-02-22 03:46:17');
INSERT INTO `orders` (`id`, `subscription_id`, `user_id`, `courier_id`, `delivery_date`, `delivery_address_id`, `created_at`, `updated_at`) VALUES (71, 71, 71, 1, '2021-04-21 00:39:27', 71, '2021-02-26 04:52:07', '2021-03-16 19:04:14');
INSERT INTO `orders` (`id`, `subscription_id`, `user_id`, `courier_id`, `delivery_date`, `delivery_address_id`, `created_at`, `updated_at`) VALUES (81, 81, 81, 1, '2021-04-02 17:45:20', 81, '2021-03-05 04:20:46', '2021-03-17 02:53:38');
INSERT INTO `orders` (`id`, `subscription_id`, `user_id`, `courier_id`, `delivery_date`, `delivery_address_id`, `created_at`, `updated_at`) VALUES (91, 91, 91, 1, '2021-04-04 00:07:30', 91, '2021-03-06 08:45:57', '2021-03-16 10:25:17');

INSERT INTO `preferences` (`user_id`, `dish_id`, `preference`, `created_at`, `updated_at`) VALUES (1, 573, 'like', '2016-07-22 21:20:25', '2019-01-02 03:42:22');
INSERT INTO `preferences` (`user_id`, `dish_id`, `preference`, `created_at`, `updated_at`) VALUES (2, 632, 'like', '2014-05-12 06:27:04', '2016-08-26 20:39:23');
INSERT INTO `preferences` (`user_id`, `dish_id`, `preference`, `created_at`, `updated_at`) VALUES (3, 622, 'like', '2012-07-23 14:03:10', '2011-09-30 08:45:25');
INSERT INTO `preferences` (`user_id`, `dish_id`, `preference`, `created_at`, `updated_at`) VALUES (4, 611, 'STOP-LIST', '2019-09-24 20:14:10', '2020-06-19 07:42:08');
INSERT INTO `preferences` (`user_id`, `dish_id`, `preference`, `created_at`, `updated_at`) VALUES (5, 600, 'STOP-LIST', '2020-11-29 00:03:59', '2020-11-12 16:41:08');
INSERT INTO `preferences` (`user_id`, `dish_id`, `preference`, `created_at`, `updated_at`) VALUES (6, 583, 'STOP-LIST', '2014-03-09 06:37:26', '2016-02-25 07:36:46');
INSERT INTO `preferences` (`user_id`, `dish_id`, `preference`, `created_at`, `updated_at`) VALUES (7, 590, 'like', '2018-12-02 00:51:34', '2020-09-02 21:48:09');
INSERT INTO `preferences` (`user_id`, `dish_id`, `preference`, `created_at`, `updated_at`) VALUES (8, 591, 'STOP-LIST', '2017-05-06 12:33:41', '2020-07-08 13:34:31');
INSERT INTO `preferences` (`user_id`, `dish_id`, `preference`, `created_at`, `updated_at`) VALUES (9, 592, 'STOP-LIST', '2019-08-18 06:20:38', '2019-05-01 18:43:56');
INSERT INTO `preferences` (`user_id`, `dish_id`, `preference`, `created_at`, `updated_at`) VALUES (10, 600, 'like', '2018-07-12 05:55:29', '2020-05-16 18:12:27');
INSERT INTO `preferences` (`user_id`, `dish_id`, `preference`, `created_at`, `updated_at`) VALUES (11, 601, 'like', '2019-09-29 09:27:07', '2016-09-18 18:25:51');
INSERT INTO `preferences` (`user_id`, `dish_id`, `preference`, `created_at`, `updated_at`) VALUES (12, 602, 'like', '2014-01-28 01:07:30', '2018-06-23 17:30:09');
INSERT INTO `preferences` (`user_id`, `dish_id`, `preference`, `created_at`, `updated_at`) VALUES (13, 603, 'like', '2013-07-16 14:23:10', '2019-04-30 07:27:06');
INSERT INTO `preferences` (`user_id`, `dish_id`, `preference`, `created_at`, `updated_at`) VALUES (14, 604, 'like', '2015-09-02 00:05:58', '2013-02-06 05:36:11');
INSERT INTO `preferences` (`user_id`, `dish_id`, `preference`, `created_at`, `updated_at`) VALUES (15, 605, 'like', '2015-05-23 04:27:43', '2013-03-28 06:18:13');
INSERT INTO `preferences` (`user_id`, `dish_id`, `preference`, `created_at`, `updated_at`) VALUES (16, 606, 'like', '2020-09-06 00:49:23', '2016-07-31 22:04:33');
INSERT INTO `preferences` (`user_id`, `dish_id`, `preference`, `created_at`, `updated_at`) VALUES (17, 607, 'like', '2012-12-26 15:27:40', '2018-12-01 08:33:53');
INSERT INTO `preferences` (`user_id`, `dish_id`, `preference`, `created_at`, `updated_at`) VALUES (18, 588, 'like', '2018-03-23 20:04:26', '2017-11-03 23:19:27');
INSERT INTO `preferences` (`user_id`, `dish_id`, `preference`, `created_at`, `updated_at`) VALUES (19, 589, 'like', '2017-05-27 04:12:27', '2012-07-22 11:46:01');
INSERT INTO `preferences` (`user_id`, `dish_id`, `preference`, `created_at`, `updated_at`) VALUES (20, 580, 'STOP-LIST', '2011-07-03 10:06:40', '2013-09-28 11:02:04');
INSERT INTO `preferences` (`user_id`, `dish_id`, `preference`, `created_at`, `updated_at`) VALUES (21, 591, 'STOP-LIST', '2019-06-10 07:19:28', '2021-01-20 13:00:13');
INSERT INTO `preferences` (`user_id`, `dish_id`, `preference`, `created_at`, `updated_at`) VALUES (22, 592, 'like', '2017-12-14 12:40:54', '2013-01-02 05:01:22');
INSERT INTO `preferences` (`user_id`, `dish_id`, `preference`, `created_at`, `updated_at`) VALUES (23, 593, 'STOP-LIST', '2013-06-28 16:47:10', '2016-05-24 14:35:49');
INSERT INTO `preferences` (`user_id`, `dish_id`, `preference`, `created_at`, `updated_at`) VALUES (24, 594, 'STOP-LIST', '2018-10-05 14:05:57', '2020-04-12 05:23:17');
INSERT INTO `preferences` (`user_id`, `dish_id`, `preference`, `created_at`, `updated_at`) VALUES (25, 595, 'like', '2018-08-17 13:06:02', '2014-09-17 16:24:09');
INSERT INTO `preferences` (`user_id`, `dish_id`, `preference`, `created_at`, `updated_at`) VALUES (26, 596, 'STOP-LIST', '2011-06-19 18:50:44', '2013-01-27 14:14:15');
INSERT INTO `preferences` (`user_id`, `dish_id`, `preference`, `created_at`, `updated_at`) VALUES (27, 597, 'STOP-LIST', '2020-04-09 14:20:58', '2017-12-25 19:47:23');
INSERT INTO `preferences` (`user_id`, `dish_id`, `preference`, `created_at`, `updated_at`) VALUES (28, 598, 'STOP-LIST', '2011-09-09 21:20:32', '2016-10-09 17:06:04');
INSERT INTO `preferences` (`user_id`, `dish_id`, `preference`, `created_at`, `updated_at`) VALUES (29, 589, 'STOP-LIST', '2015-05-05 23:30:20', '2016-11-03 21:48:12');
INSERT INTO `preferences` (`user_id`, `dish_id`, `preference`, `created_at`, `updated_at`) VALUES (30, 580, 'STOP-LIST', '2012-01-24 06:50:12', '2016-10-25 05:27:19');
INSERT INTO `preferences` (`user_id`, `dish_id`, `preference`, `created_at`, `updated_at`) VALUES (31, 601, 'like', '2021-01-15 09:40:51', '2011-12-08 23:35:07');
INSERT INTO `preferences` (`user_id`, `dish_id`, `preference`, `created_at`, `updated_at`) VALUES (32, 602, 'like', '2016-06-28 20:55:47', '2017-09-11 01:01:03');
INSERT INTO `preferences` (`user_id`, `dish_id`, `preference`, `created_at`, `updated_at`) VALUES (33, 603, 'STOP-LIST', '2011-06-24 02:18:00', '2014-01-04 09:09:44');
INSERT INTO `preferences` (`user_id`, `dish_id`, `preference`, `created_at`, `updated_at`) VALUES (34, 604, 'STOP-LIST', '2013-08-04 16:02:53', '2018-12-21 12:28:11');
INSERT INTO `preferences` (`user_id`, `dish_id`, `preference`, `created_at`, `updated_at`) VALUES (35, 605, 'STOP-LIST', '2018-02-26 16:16:25', '2020-12-01 00:32:45');
INSERT INTO `preferences` (`user_id`, `dish_id`, `preference`, `created_at`, `updated_at`) VALUES (36, 606, 'STOP-LIST', '2012-02-13 04:43:52', '2019-10-01 16:31:27');
INSERT INTO `preferences` (`user_id`, `dish_id`, `preference`, `created_at`, `updated_at`) VALUES (37, 607, 'like', '2020-03-04 22:35:44', '2011-10-11 10:28:50');
INSERT INTO `preferences` (`user_id`, `dish_id`, `preference`, `created_at`, `updated_at`) VALUES (38, 618, 'STOP-LIST', '2020-01-30 02:31:51', '2016-01-18 14:51:10');
INSERT INTO `preferences` (`user_id`, `dish_id`, `preference`, `created_at`, `updated_at`) VALUES (39, 619, 'STOP-LIST', '2020-10-23 13:58:58', '2015-12-19 09:14:16');
INSERT INTO `preferences` (`user_id`, `dish_id`, `preference`, `created_at`, `updated_at`) VALUES (40, 610, 'like', '2013-09-20 12:13:41', '2013-09-02 17:19:39');
INSERT INTO `preferences` (`user_id`, `dish_id`, `preference`, `created_at`, `updated_at`) VALUES (41, 611, 'STOP-LIST', '2017-12-17 19:16:28', '2020-11-01 22:07:19');
INSERT INTO `preferences` (`user_id`, `dish_id`, `preference`, `created_at`, `updated_at`) VALUES (42, 612, 'like', '2020-08-14 21:26:41', '2017-03-24 22:17:25');
INSERT INTO `preferences` (`user_id`, `dish_id`, `preference`, `created_at`, `updated_at`) VALUES (43, 613, 'STOP-LIST', '2015-02-05 03:01:23', '2013-12-29 17:21:39');
INSERT INTO `preferences` (`user_id`, `dish_id`, `preference`, `created_at`, `updated_at`) VALUES (44, 614, 'STOP-LIST', '2016-04-05 22:30:09', '2018-12-15 01:08:15');
INSERT INTO `preferences` (`user_id`, `dish_id`, `preference`, `created_at`, `updated_at`) VALUES (45, 615, 'STOP-LIST', '2020-06-06 13:55:37', '2016-07-02 13:28:38');
INSERT INTO `preferences` (`user_id`, `dish_id`, `preference`, `created_at`, `updated_at`) VALUES (46, 616, 'like', '2011-10-22 17:18:21', '2017-11-01 00:44:56');
INSERT INTO `preferences` (`user_id`, `dish_id`, `preference`, `created_at`, `updated_at`) VALUES (47, 617, 'like', '2020-08-31 18:40:31', '2012-07-08 19:12:13');
INSERT INTO `preferences` (`user_id`, `dish_id`, `preference`, `created_at`, `updated_at`) VALUES (48, 618, 'like', '2017-09-16 09:41:18', '2015-06-05 07:06:35');
INSERT INTO `preferences` (`user_id`, `dish_id`, `preference`, `created_at`, `updated_at`) VALUES (49, 619, 'like', '2017-07-08 11:20:27', '2020-06-26 14:36:01');
INSERT INTO `preferences` (`user_id`, `dish_id`, `preference`, `created_at`, `updated_at`) VALUES (50, 610, 'like', '2015-12-20 09:36:56', '2020-12-07 09:46:15');

INSERT INTO order_basket (orders_id, dish_id, quantity) VALUES
  (1,573,'1'),
  (1,583,'1'),
  (1,593,'1'),
  (1,603,'1'),
  (1,613,'1'),
  (1,623,'1'),
  (1,633,'1'),
  (1,643,'1'),
  (1,653,'1'),
  (1,713,'1'),
  (11,574,'1'),
  (11,584,'1'),
  (11,594,'1'),
  (11,604,'1'),
  (11,614,'1'),
  (11,624,'2'),
  (11,634,'1'),
  (11,644,'1'),
  (21,654,'1'),
  (21,714,'1'),
  (21,575,'1'),
  (21,585,'1'),
  (21,595,'1'),
  (21,604,'1'),
  (21,615,'1'),
  (21,625,'1'),
  (21,634,'1'),
  (21,645,'1'),
  (21,655,'1'),
  (21,715,'1'),
  (31,576,'1'),
  (31,586,'1'),
  (31,596,'2'),
  (31,606,'1'),
  (31,613,'1'),
  (31,626,'1'),
  (31,636,'1'),
  (31,643,'1'),
  (31,653,'1'),
  (31,713,'1'),
  (41,573,'1'),
  (41,633,'1'),
  (41,643,'1'),
  (41,653,'1'),
  (41,713,'1'),
  (51,577,'1'),
  (51,588,'1'),
  (51,597,'1'),
  (51,608,'1'),
  (51,617,'1'),
  (51,628,'1'),
  (61,580,'1'),
  (61,581,'1'),
  (61,591,'1'),
  (61,601,'1'),
  (61,611,'1'),
  (61,621,'1'),
  (61,631,'1'),
  (61,641,'1'),
  (71,595,'1'),
  (71,603,'1'),
  (71,615,'1'),
  (71,623,'1'),
  (71,638,'1'),
  (71,647,'1'),
  (71,693,'1'),
  (71,713,'1'),
  (81,573,'1'),
  (81,583,'1'),
  (81,613,'1'),
  (81,624,'1'),
  (81,683,'1'),
  (81,693,'1'),
  (81,664,'1'),
  (81,713,'1'),
  (91,573,'1'),
  (91,583,'1'),
  (91,593,'1'),
  (91,603,'1'),
  (91,653,'1'),
  (91,663,'1'),
  (91,673,'1'),
  (91,683,'1'),
  (91,693,'1'),
  (91,713,'1');

INSERT INTO `menu` (`id`, `dish_id`, `program_id`, `day_of_week`, `created_at`, `updated_at`) VALUES (1, 573, '1,2,5,8' ,'ПН,СР,ПТ', '2017-07-16 15:23:21', '2019-02-23 23:40:54');
INSERT INTO `menu` (`id`, `dish_id`, `program_id`, `day_of_week`, `created_at`, `updated_at`) VALUES (2, 574, '2,4,7', 'ВТ,ЧТ,СБ', '2014-06-24 13:39:22', '2016-03-31 19:32:05');
INSERT INTO `menu` (`id`, `dish_id`, `program_id`, `day_of_week`, `created_at`, `updated_at`) VALUES (3, 575, '1,4,7', 'СР,ПТ,ВС', '2020-10-29 17:35:11', '2017-05-28 08:22:20');
INSERT INTO `menu` (`id`, `dish_id`, `program_id`, `day_of_week`, `created_at`, `updated_at`) VALUES (4, 576, '2,5,8', 'ЧТ,СБ,ПН', '2016-07-04 10:00:50', '2020-03-24 22:36:47');
INSERT INTO `menu` (`id`, `dish_id`, `program_id`, `day_of_week`, `created_at`, `updated_at`) VALUES (5, 577, '1,3,6', 'ПТ,ВС,ВТ',  '2018-03-30 01:24:39', '2016-07-14 14:13:26');
INSERT INTO `menu` (`id`, `dish_id`, `program_id`, `day_of_week`, `created_at`, `updated_at`) VALUES (6, 578, '2,4,7', 'СБ,ПН,СР',  '2015-07-23 23:31:08', '2019-06-21 14:17:39');
INSERT INTO `menu` (`id`, `dish_id`, `program_id`, `day_of_week`, `created_at`, `updated_at`) VALUES (7, 579, '3,5,8', 'ВС,ВТ,ЧТ', '2011-06-19 00:08:52', '2012-05-10 03:30:47');
INSERT INTO `menu` (`id`, `dish_id`, `program_id`, `day_of_week`, `created_at`, `updated_at`) VALUES (8, 580, '1,4,6', 'ПН,СР,ПТ', '2013-09-13 05:44:18', '2021-01-19 05:44:13');
INSERT INTO `menu` (`id`, `dish_id`, `program_id`, `day_of_week`, `created_at`, `updated_at`) VALUES (9, 581, '2,5,7', 'ВТ,ЧТ,СБ', '2017-05-26 09:08:45', '2011-11-22 01:05:47');
INSERT INTO `menu` (`id`, `dish_id`, `program_id`, `day_of_week`, `created_at`, `updated_at`) VALUES (10, 582, '3,6,8', 'СР,ПТ,ВС', '2019-06-04 21:37:46', '2019-04-01 20:24:08');
INSERT INTO `menu` (`id`, `dish_id`, `program_id`, `day_of_week`, `created_at`, `updated_at`) VALUES (11, 583, '2,4,7', 'ЧТ,СБ,ПН', '2015-01-07 16:42:45', '2015-01-26 18:18:07');
INSERT INTO `menu` (`id`, `dish_id`, `program_id`, `day_of_week`, `created_at`, `updated_at`) VALUES (12, 584, '1,4,7', 'ПТ,ВС,ВТ', '2017-02-10 19:48:51', '2016-03-21 23:10:43');
INSERT INTO `menu` (`id`, `dish_id`, `program_id`, `day_of_week`, `created_at`, `updated_at`) VALUES (13, 585, '2,5,8', 'СБ,ПН,СР', '2017-12-05 02:59:28', '2014-09-20 19:30:21');
INSERT INTO `menu` (`id`, `dish_id`, `program_id`, `day_of_week`, `created_at`, `updated_at`) VALUES (14, 586, '1,3,6', 'ВС,ВТ,ЧТ', '2012-08-29 05:38:05', '2015-08-15 12:43:20');
INSERT INTO `menu` (`id`, `dish_id`, `program_id`, `day_of_week`, `created_at`, `updated_at`) VALUES (15, 587, '2,4,7', 'ПН,СР,ПТ', '2021-02-05 15:50:14', '2012-12-21 19:51:20');
INSERT INTO `menu` (`id`, `dish_id`, `program_id`, `day_of_week`, `created_at`, `updated_at`) VALUES (16, 588, '3,5,8', 'ВТ,ЧТ,СБ', '2015-03-14 01:16:31', '2014-01-09 20:45:27');
INSERT INTO `menu` (`id`, `dish_id`, `program_id`, `day_of_week`, `created_at`, `updated_at`) VALUES (17, 589, '1,3,6', 'СР,ПТ,ВС', '2017-02-27 12:47:53', '2012-08-28 18:40:17');
INSERT INTO `menu` (`id`, `dish_id`, `program_id`, `day_of_week`, `created_at`, `updated_at`) VALUES (18, 590, '2,4,7', 'ЧТ,СБ,ПН', '2012-09-16 06:35:47', '2011-09-16 16:34:11');
INSERT INTO `menu` (`id`, `dish_id`, `program_id`, `day_of_week`, `created_at`, `updated_at`) VALUES (19, 591, '3,5,8', 'ПТ,ВС,ВТ', '2018-10-28 05:02:17', '2013-08-21 16:12:20');
INSERT INTO `menu` (`id`, `dish_id`, `program_id`, `day_of_week`, `created_at`, `updated_at`) VALUES (20, 592, '1,4,6', 'СБ,ПН,СР', '2013-12-11 21:51:04', '2018-07-23 10:29:51');
INSERT INTO `menu` (`id`, `dish_id`, `program_id`, `day_of_week`, `created_at`, `updated_at`) VALUES (21, 593, '1,2,5,8' ,'ПН,СР,ПТ', '2017-07-16 15:23:21', '2019-02-23 23:40:54');
INSERT INTO `menu` (`id`, `dish_id`, `program_id`, `day_of_week`, `created_at`, `updated_at`) VALUES (22, 594, '2,4,7', 'ВТ,ЧТ,СБ', '2014-06-24 13:39:22', '2016-03-31 19:32:05');
INSERT INTO `menu` (`id`, `dish_id`, `program_id`, `day_of_week`, `created_at`, `updated_at`) VALUES (23, 595, '1,4,7', 'СР,ПТ,ВС', '2020-10-29 17:35:11', '2017-05-28 08:22:20');
INSERT INTO `menu` (`id`, `dish_id`, `program_id`, `day_of_week`, `created_at`, `updated_at`) VALUES (24, 596, '2,5,8', 'ЧТ,СБ,ПН', '2016-07-04 10:00:50', '2020-03-24 22:36:47');
INSERT INTO `menu` (`id`, `dish_id`, `program_id`, `day_of_week`, `created_at`, `updated_at`) VALUES (25, 597, '1,3,6', 'ПТ,ВС,ВТ',  '2018-03-30 01:24:39', '2016-07-14 14:13:26');
INSERT INTO `menu` (`id`, `dish_id`, `program_id`, `day_of_week`, `created_at`, `updated_at`) VALUES (26, 598, '2,4,7', 'СБ,ПН,СР',  '2015-07-23 23:31:08', '2019-06-21 14:17:39');
INSERT INTO `menu` (`id`, `dish_id`, `program_id`, `day_of_week`, `created_at`, `updated_at`) VALUES (27, 599, '3,5,8', 'ВС,ВТ,ЧТ', '2011-06-19 00:08:52', '2012-05-10 03:30:47');
INSERT INTO `menu` (`id`, `dish_id`, `program_id`, `day_of_week`, `created_at`, `updated_at`) VALUES (28, 600, '1,4,6', 'ПН,СР,ПТ', '2013-09-13 05:44:18', '2021-01-19 05:44:13');
INSERT INTO `menu` (`id`, `dish_id`, `program_id`, `day_of_week`, `created_at`, `updated_at`) VALUES (29, 601, '2,5,7', 'ВТ,ЧТ,СБ', '2017-05-26 09:08:45', '2011-11-22 01:05:47');
INSERT INTO `menu` (`id`, `dish_id`, `program_id`, `day_of_week`, `created_at`, `updated_at`) VALUES (30, 602, '3,6,8', 'СР,ПТ,ВС', '2019-06-04 21:37:46', '2019-04-01 20:24:08');
INSERT INTO `menu` (`id`, `dish_id`, `program_id`, `day_of_week`, `created_at`, `updated_at`) VALUES (31, 603, '2,4,7', 'ЧТ,СБ,ПН', '2015-01-07 16:42:45', '2015-01-26 18:18:07');
INSERT INTO `menu` (`id`, `dish_id`, `program_id`, `day_of_week`, `created_at`, `updated_at`) VALUES (32, 604, '1,4,7', 'ПТ,ВС,ВТ', '2017-02-10 19:48:51', '2016-03-21 23:10:43');
INSERT INTO `menu` (`id`, `dish_id`, `program_id`, `day_of_week`, `created_at`, `updated_at`) VALUES (33, 605, '2,5,8', 'СБ,ПН,СР', '2017-12-05 02:59:28', '2014-09-20 19:30:21');
INSERT INTO `menu` (`id`, `dish_id`, `program_id`, `day_of_week`, `created_at`, `updated_at`) VALUES (34, 606, '1,3,6', 'ВС,ВТ,ЧТ', '2012-08-29 05:38:05', '2015-08-15 12:43:20');
INSERT INTO `menu` (`id`, `dish_id`, `program_id`, `day_of_week`, `created_at`, `updated_at`) VALUES (35, 607, '2,4,7', 'ПН,СР,ПТ', '2021-02-05 15:50:14', '2012-12-21 19:51:20');
INSERT INTO `menu` (`id`, `dish_id`, `program_id`, `day_of_week`, `created_at`, `updated_at`) VALUES (36, 608, '3,5,8', 'ВТ,ЧТ,СБ', '2015-03-14 01:16:31', '2014-01-09 20:45:27');
INSERT INTO `menu` (`id`, `dish_id`, `program_id`, `day_of_week`, `created_at`, `updated_at`) VALUES (37, 609, '1,3,6', 'СР,ПТ,ВС', '2017-02-27 12:47:53', '2012-08-28 18:40:17');
INSERT INTO `menu` (`id`, `dish_id`, `program_id`, `day_of_week`, `created_at`, `updated_at`) VALUES (38, 610, '2,4,7', 'ЧТ,СБ,ПН', '2012-09-16 06:35:47', '2011-09-16 16:34:11');
INSERT INTO `menu` (`id`, `dish_id`, `program_id`, `day_of_week`, `created_at`, `updated_at`) VALUES (39, 611, '3,5,8', 'ПТ,ВС,ВТ', '2018-10-28 05:02:17', '2013-08-21 16:12:20');
INSERT INTO `menu` (`id`, `dish_id`, `program_id`, `day_of_week`, `created_at`, `updated_at`) VALUES (40, 612, '1,4,6', 'СБ,ПН,СР', '2013-12-11 21:51:04', '2018-07-23 10:29:51');
INSERT INTO `menu` (`id`, `dish_id`, `program_id`, `day_of_week`, `created_at`, `updated_at`) VALUES (41, 613, '1,2,5,8' ,'ПН,СР,ПТ', '2017-07-16 15:23:21', '2019-02-23 23:40:54');
INSERT INTO `menu` (`id`, `dish_id`, `program_id`, `day_of_week`, `created_at`, `updated_at`) VALUES (42, 614, '2,4,7', 'ВТ,ЧТ,СБ', '2014-06-24 13:39:22', '2016-03-31 19:32:05');
INSERT INTO `menu` (`id`, `dish_id`, `program_id`, `day_of_week`, `created_at`, `updated_at`) VALUES (43, 615, '1,4,7', 'СР,ПТ,ВС', '2020-10-29 17:35:11', '2017-05-28 08:22:20');
INSERT INTO `menu` (`id`, `dish_id`, `program_id`, `day_of_week`, `created_at`, `updated_at`) VALUES (44, 616, '2,5,8', 'ЧТ,СБ,ПН', '2016-07-04 10:00:50', '2020-03-24 22:36:47');
INSERT INTO `menu` (`id`, `dish_id`, `program_id`, `day_of_week`, `created_at`, `updated_at`) VALUES (45, 617, '1,3,6', 'ПТ,ВС,ВТ',  '2018-03-30 01:24:39', '2016-07-14 14:13:26');
INSERT INTO `menu` (`id`, `dish_id`, `program_id`, `day_of_week`, `created_at`, `updated_at`) VALUES (46, 618, '2,4,7', 'СБ,ПН,СР',  '2015-07-23 23:31:08', '2019-06-21 14:17:39');
INSERT INTO `menu` (`id`, `dish_id`, `program_id`, `day_of_week`, `created_at`, `updated_at`) VALUES (47, 619, '3,5,8', 'ВС,ВТ,ЧТ', '2011-06-19 00:08:52', '2012-05-10 03:30:47');
INSERT INTO `menu` (`id`, `dish_id`, `program_id`, `day_of_week`, `created_at`, `updated_at`) VALUES (48, 620, '1,4,6', 'ПН,СР,ПТ', '2013-09-13 05:44:18', '2021-01-19 05:44:13');
INSERT INTO `menu` (`id`, `dish_id`, `program_id`, `day_of_week`, `created_at`, `updated_at`) VALUES (49, 621, '2,5,7', 'ВТ,ЧТ,СБ', '2017-05-26 09:08:45', '2011-11-22 01:05:47');
INSERT INTO `menu` (`id`, `dish_id`, `program_id`, `day_of_week`, `created_at`, `updated_at`) VALUES (50, 622, '3,6,8', 'СР,ПТ,ВС', '2019-06-04 21:37:46', '2019-04-01 20:24:08');
INSERT INTO `menu` (`id`, `dish_id`, `program_id`, `day_of_week`, `created_at`, `updated_at`) VALUES (51, 623, '2,4,7', 'ЧТ,СБ,ПН', '2015-01-07 16:42:45', '2015-01-26 18:18:07');
INSERT INTO `menu` (`id`, `dish_id`, `program_id`, `day_of_week`, `created_at`, `updated_at`) VALUES (52, 624, '1,4,7', 'ПТ,ВС,ВТ', '2017-02-10 19:48:51', '2016-03-21 23:10:43');
INSERT INTO `menu` (`id`, `dish_id`, `program_id`, `day_of_week`, `created_at`, `updated_at`) VALUES (53, 625, '2,5,8', 'СБ,ПН,СР', '2017-12-05 02:59:28', '2014-09-20 19:30:21');
INSERT INTO `menu` (`id`, `dish_id`, `program_id`, `day_of_week`, `created_at`, `updated_at`) VALUES (54, 626, '1,3,6', 'ВС,ВТ,ЧТ', '2012-08-29 05:38:05', '2015-08-15 12:43:20');
INSERT INTO `menu` (`id`, `dish_id`, `program_id`, `day_of_week`, `created_at`, `updated_at`) VALUES (55, 627, '2,4,7', 'ПН,СР,ПТ', '2021-02-05 15:50:14', '2012-12-21 19:51:20');
INSERT INTO `menu` (`id`, `dish_id`, `program_id`, `day_of_week`, `created_at`, `updated_at`) VALUES (56, 628, '3,5,8', 'ВТ,ЧТ,СБ', '2015-03-14 01:16:31', '2014-01-09 20:45:27');
INSERT INTO `menu` (`id`, `dish_id`, `program_id`, `day_of_week`, `created_at`, `updated_at`) VALUES (57, 629, '1,3,6', 'СР,ПТ,ВС', '2017-02-27 12:47:53', '2012-08-28 18:40:17');
INSERT INTO `menu` (`id`, `dish_id`, `program_id`, `day_of_week`, `created_at`, `updated_at`) VALUES (58, 630, '2,4,7', 'ЧТ,СБ,ПН', '2012-09-16 06:35:47', '2011-09-16 16:34:11');
INSERT INTO `menu` (`id`, `dish_id`, `program_id`, `day_of_week`, `created_at`, `updated_at`) VALUES (59, 631, '3,5,8', 'ПТ,ВС,ВТ', '2018-10-28 05:02:17', '2013-08-21 16:12:20');
INSERT INTO `menu` (`id`, `dish_id`, `program_id`, `day_of_week`, `created_at`, `updated_at`) VALUES (60, 632, '1,4,6', 'СБ,ПН,СР', '2013-12-11 21:51:04', '2018-07-23 10:29:51');
INSERT INTO `menu` (`id`, `dish_id`, `program_id`, `day_of_week`, `created_at`, `updated_at`) VALUES (61, 633, '1,2,5,8' ,'ПН,СР,ПТ', '2017-07-16 15:23:21', '2019-02-23 23:40:54');
INSERT INTO `menu` (`id`, `dish_id`, `program_id`, `day_of_week`, `created_at`, `updated_at`) VALUES (62, 634, '2,4,7', 'ВТ,ЧТ,СБ', '2014-06-24 13:39:22', '2016-03-31 19:32:05');
INSERT INTO `menu` (`id`, `dish_id`, `program_id`, `day_of_week`, `created_at`, `updated_at`) VALUES (63, 635, '1,4,7', 'СР,ПТ,ВС', '2020-10-29 17:35:11', '2017-05-28 08:22:20');
INSERT INTO `menu` (`id`, `dish_id`, `program_id`, `day_of_week`, `created_at`, `updated_at`) VALUES (64, 636, '2,5,8', 'ЧТ,СБ,ПН', '2016-07-04 10:00:50', '2020-03-24 22:36:47');
INSERT INTO `menu` (`id`, `dish_id`, `program_id`, `day_of_week`, `created_at`, `updated_at`) VALUES (65, 637, '1,3,6', 'ПТ,ВС,ВТ',  '2018-03-30 01:24:39', '2016-07-14 14:13:26');
INSERT INTO `menu` (`id`, `dish_id`, `program_id`, `day_of_week`, `created_at`, `updated_at`) VALUES (66, 638, '2,4,7', 'СБ,ПН,СР',  '2015-07-23 23:31:08', '2019-06-21 14:17:39');
INSERT INTO `menu` (`id`, `dish_id`, `program_id`, `day_of_week`, `created_at`, `updated_at`) VALUES (67, 639, '3,5,8', 'ВС,ВТ,ЧТ', '2011-06-19 00:08:52', '2012-05-10 03:30:47');
INSERT INTO `menu` (`id`, `dish_id`, `program_id`, `day_of_week`, `created_at`, `updated_at`) VALUES (68, 640, '1,4,6', 'ПН,СР,ПТ', '2013-09-13 05:44:18', '2021-01-19 05:44:13');
INSERT INTO `menu` (`id`, `dish_id`, `program_id`, `day_of_week`, `created_at`, `updated_at`) VALUES (69, 641, '2,5,7', 'ВТ,ЧТ,СБ', '2017-05-26 09:08:45', '2011-11-22 01:05:47');
INSERT INTO `menu` (`id`, `dish_id`, `program_id`, `day_of_week`, `created_at`, `updated_at`) VALUES (70, 642, '3,6,8', 'СР,ПТ,ВС', '2019-06-04 21:37:46', '2019-04-01 20:24:08');
INSERT INTO `menu` (`id`, `dish_id`, `program_id`, `day_of_week`, `created_at`, `updated_at`) VALUES (71, 643, '2,4,7', 'ЧТ,СБ,ПН', '2015-01-07 16:42:45', '2015-01-26 18:18:07');
INSERT INTO `menu` (`id`, `dish_id`, `program_id`, `day_of_week`, `created_at`, `updated_at`) VALUES (72, 644, '1,4,7', 'ПТ,ВС,ВТ', '2017-02-10 19:48:51', '2016-03-21 23:10:43');
INSERT INTO `menu` (`id`, `dish_id`, `program_id`, `day_of_week`, `created_at`, `updated_at`) VALUES (73, 645, '2,5,8', 'СБ,ПН,СР', '2017-12-05 02:59:28', '2014-09-20 19:30:21');
INSERT INTO `menu` (`id`, `dish_id`, `program_id`, `day_of_week`, `created_at`, `updated_at`) VALUES (74, 646, '1,3,6', 'ВС,ВТ,ЧТ', '2012-08-29 05:38:05', '2015-08-15 12:43:20');
INSERT INTO `menu` (`id`, `dish_id`, `program_id`, `day_of_week`, `created_at`, `updated_at`) VALUES (75, 647, '2,4,7', 'ПН,СР,ПТ', '2021-02-05 15:50:14', '2012-12-21 19:51:20');
INSERT INTO `menu` (`id`, `dish_id`, `program_id`, `day_of_week`, `created_at`, `updated_at`) VALUES (76, 648, '3,5,8', 'ВТ,ЧТ,СБ', '2015-03-14 01:16:31', '2014-01-09 20:45:27');
INSERT INTO `menu` (`id`, `dish_id`, `program_id`, `day_of_week`, `created_at`, `updated_at`) VALUES (77, 649, '1,3,6', 'СР,ПТ,ВС', '2017-02-27 12:47:53', '2012-08-28 18:40:17');
INSERT INTO `menu` (`id`, `dish_id`, `program_id`, `day_of_week`, `created_at`, `updated_at`) VALUES (78, 650, '2,4,7', 'ЧТ,СБ,ПН', '2012-09-16 06:35:47', '2011-09-16 16:34:11');
INSERT INTO `menu` (`id`, `dish_id`, `program_id`, `day_of_week`, `created_at`, `updated_at`) VALUES (79, 651, '3,5,8', 'ПТ,ВС,ВТ', '2018-10-28 05:02:17', '2013-08-21 16:12:20');
INSERT INTO `menu` (`id`, `dish_id`, `program_id`, `day_of_week`, `created_at`, `updated_at`) VALUES (80, 652, '1,4,6', 'СБ,ПН,СР', '2013-12-11 21:51:04', '2018-07-23 10:29:51');
INSERT INTO `menu` (`id`, `dish_id`, `program_id`, `day_of_week`, `created_at`, `updated_at`) VALUES (81, 653, '1,2,5,8' ,'ПН,СР,ПТ', '2017-07-16 15:23:21', '2019-02-23 23:40:54');
INSERT INTO `menu` (`id`, `dish_id`, `program_id`, `day_of_week`, `created_at`, `updated_at`) VALUES (82, 654, '2,4,7', 'ВТ,ЧТ,СБ', '2014-06-24 13:39:22', '2016-03-31 19:32:05');
INSERT INTO `menu` (`id`, `dish_id`, `program_id`, `day_of_week`, `created_at`, `updated_at`) VALUES (83, 655, '1,4,7', 'СР,ПТ,ВС', '2020-10-29 17:35:11', '2017-05-28 08:22:20');
INSERT INTO `menu` (`id`, `dish_id`, `program_id`, `day_of_week`, `created_at`, `updated_at`) VALUES (84, 656, '2,5,8', 'ЧТ,СБ,ПН', '2016-07-04 10:00:50', '2020-03-24 22:36:47');
INSERT INTO `menu` (`id`, `dish_id`, `program_id`, `day_of_week`, `created_at`, `updated_at`) VALUES (85, 657, '1,3,6', 'ПТ,ВС,ВТ',  '2018-03-30 01:24:39', '2016-07-14 14:13:26');
INSERT INTO `menu` (`id`, `dish_id`, `program_id`, `day_of_week`, `created_at`, `updated_at`) VALUES (86, 658, '2,4,7', 'СБ,ПН,СР',  '2015-07-23 23:31:08', '2019-06-21 14:17:39');
INSERT INTO `menu` (`id`, `dish_id`, `program_id`, `day_of_week`, `created_at`, `updated_at`) VALUES (87, 659, '3,5,8', 'ВС,ВТ,ЧТ', '2011-06-19 00:08:52', '2012-05-10 03:30:47');
INSERT INTO `menu` (`id`, `dish_id`, `program_id`, `day_of_week`, `created_at`, `updated_at`) VALUES (88, 660, '1,4,6', 'ПН,СР,ПТ', '2013-09-13 05:44:18', '2021-01-19 05:44:13');
INSERT INTO `menu` (`id`, `dish_id`, `program_id`, `day_of_week`, `created_at`, `updated_at`) VALUES (89, 661, '2,5,7', 'ВТ,ЧТ,СБ', '2017-05-26 09:08:45', '2011-11-22 01:05:47');
INSERT INTO `menu` (`id`, `dish_id`, `program_id`, `day_of_week`, `created_at`, `updated_at`) VALUES (90, 662, '3,6,8', 'СР,ПТ,ВС', '2019-06-04 21:37:46', '2019-04-01 20:24:08');
INSERT INTO `menu` (`id`, `dish_id`, `program_id`, `day_of_week`, `created_at`, `updated_at`) VALUES (91, 663, '2,4,7', 'ЧТ,СБ,ПН', '2015-01-07 16:42:45', '2015-01-26 18:18:07');
INSERT INTO `menu` (`id`, `dish_id`, `program_id`, `day_of_week`, `created_at`, `updated_at`) VALUES (92, 664, '1,4,7', 'ПТ,ВС,ВТ', '2017-02-10 19:48:51', '2016-03-21 23:10:43');
INSERT INTO `menu` (`id`, `dish_id`, `program_id`, `day_of_week`, `created_at`, `updated_at`) VALUES (93, 665, '2,5,8', 'СБ,ПН,СР', '2017-12-05 02:59:28', '2014-09-20 19:30:21');
INSERT INTO `menu` (`id`, `dish_id`, `program_id`, `day_of_week`, `created_at`, `updated_at`) VALUES (94, 666, '1,3,6', 'ВС,ВТ,ЧТ', '2012-08-29 05:38:05', '2015-08-15 12:43:20');
INSERT INTO `menu` (`id`, `dish_id`, `program_id`, `day_of_week`, `created_at`, `updated_at`) VALUES (95, 667, '2,4,7', 'ПН,СР,ПТ', '2021-02-05 15:50:14', '2012-12-21 19:51:20');
INSERT INTO `menu` (`id`, `dish_id`, `program_id`, `day_of_week`, `created_at`, `updated_at`) VALUES (96, 668, '3,5,8', 'ВТ,ЧТ,СБ', '2015-03-14 01:16:31', '2014-01-09 20:45:27');
INSERT INTO `menu` (`id`, `dish_id`, `program_id`, `day_of_week`, `created_at`, `updated_at`) VALUES (97, 669, '1,3,6', 'СР,ПТ,ВС', '2017-02-27 12:47:53', '2012-08-28 18:40:17');
INSERT INTO `menu` (`id`, `dish_id`, `program_id`, `day_of_week`, `created_at`, `updated_at`) VALUES (98, 670, '2,4,7', 'ЧТ,СБ,ПН', '2012-09-16 06:35:47', '2011-09-16 16:34:11');
INSERT INTO `menu` (`id`, `dish_id`, `program_id`, `day_of_week`, `created_at`, `updated_at`) VALUES (99, 671, '3,5,8', 'ПТ,ВС,ВТ', '2018-10-28 05:02:17', '2013-08-21 16:12:20');
INSERT INTO `menu` (`id`, `dish_id`, `program_id`, `day_of_week`, `created_at`, `updated_at`) VALUES (100, 672, '1,4,6', 'СБ,ПН,СР', '2013-12-11 21:51:04', '2018-07-23 10:29:51');
INSERT INTO `menu` (`id`, `dish_id`, `program_id`, `day_of_week`, `created_at`, `updated_at`) VALUES (101, 673, '1,2,5,8' ,'ПН,СР,ПТ', '2017-07-16 15:23:21', '2019-02-23 23:40:54');
INSERT INTO `menu` (`id`, `dish_id`, `program_id`, `day_of_week`, `created_at`, `updated_at`) VALUES (102, 674, '2,4,7', 'ВТ,ЧТ,СБ', '2014-06-24 13:39:22', '2016-03-31 19:32:05');
INSERT INTO `menu` (`id`, `dish_id`, `program_id`, `day_of_week`, `created_at`, `updated_at`) VALUES (103, 675, '1,4,7', 'СР,ПТ,ВС', '2020-10-29 17:35:11', '2017-05-28 08:22:20');
INSERT INTO `menu` (`id`, `dish_id`, `program_id`, `day_of_week`, `created_at`, `updated_at`) VALUES (104, 676, '2,5,8', 'ЧТ,СБ,ПН', '2016-07-04 10:00:50', '2020-03-24 22:36:47');
INSERT INTO `menu` (`id`, `dish_id`, `program_id`, `day_of_week`, `created_at`, `updated_at`) VALUES (105, 677, '1,3,6', 'ПТ,ВС,ВТ',  '2018-03-30 01:24:39', '2016-07-14 14:13:26');
INSERT INTO `menu` (`id`, `dish_id`, `program_id`, `day_of_week`, `created_at`, `updated_at`) VALUES (106, 678, '2,4,7', 'СБ,ПН,СР',  '2015-07-23 23:31:08', '2019-06-21 14:17:39');
INSERT INTO `menu` (`id`, `dish_id`, `program_id`, `day_of_week`, `created_at`, `updated_at`) VALUES (107, 679, '3,5,8', 'ВС,ВТ,ЧТ', '2011-06-19 00:08:52', '2012-05-10 03:30:47');
INSERT INTO `menu` (`id`, `dish_id`, `program_id`, `day_of_week`, `created_at`, `updated_at`) VALUES (108, 680, '1,4,6', 'ПН,СР,ПТ', '2013-09-13 05:44:18', '2021-01-19 05:44:13');
INSERT INTO `menu` (`id`, `dish_id`, `program_id`, `day_of_week`, `created_at`, `updated_at`) VALUES (109, 681, '2,5,7', 'ВТ,ЧТ,СБ', '2017-05-26 09:08:45', '2011-11-22 01:05:47');
INSERT INTO `menu` (`id`, `dish_id`, `program_id`, `day_of_week`, `created_at`, `updated_at`) VALUES (110, 682, '3,6,8', 'СР,ПТ,ВС', '2019-06-04 21:37:46', '2019-04-01 20:24:08');
INSERT INTO `menu` (`id`, `dish_id`, `program_id`, `day_of_week`, `created_at`, `updated_at`) VALUES (111, 683, '2,4,7', 'ЧТ,СБ,ПН', '2015-01-07 16:42:45', '2015-01-26 18:18:07');
INSERT INTO `menu` (`id`, `dish_id`, `program_id`, `day_of_week`, `created_at`, `updated_at`) VALUES (112, 684, '1,4,7', 'ПТ,ВС,ВТ', '2017-02-10 19:48:51', '2016-03-21 23:10:43');
INSERT INTO `menu` (`id`, `dish_id`, `program_id`, `day_of_week`, `created_at`, `updated_at`) VALUES (113, 685, '2,5,8', 'СБ,ПН,СР', '2017-12-05 02:59:28', '2014-09-20 19:30:21');
INSERT INTO `menu` (`id`, `dish_id`, `program_id`, `day_of_week`, `created_at`, `updated_at`) VALUES (114, 686, '1,3,6', 'ВС,ВТ,ЧТ', '2012-08-29 05:38:05', '2015-08-15 12:43:20');
INSERT INTO `menu` (`id`, `dish_id`, `program_id`, `day_of_week`, `created_at`, `updated_at`) VALUES (115, 687, '2,4,7', 'ПН,СР,ПТ', '2021-02-05 15:50:14', '2012-12-21 19:51:20');
INSERT INTO `menu` (`id`, `dish_id`, `program_id`, `day_of_week`, `created_at`, `updated_at`) VALUES (116, 688, '3,5,8', 'ВТ,ЧТ,СБ', '2015-03-14 01:16:31', '2014-01-09 20:45:27');
INSERT INTO `menu` (`id`, `dish_id`, `program_id`, `day_of_week`, `created_at`, `updated_at`) VALUES (117, 689, '1,3,6', 'СР,ПТ,ВС', '2017-02-27 12:47:53', '2012-08-28 18:40:17');
INSERT INTO `menu` (`id`, `dish_id`, `program_id`, `day_of_week`, `created_at`, `updated_at`) VALUES (118, 690, '2,4,7', 'ЧТ,СБ,ПН', '2012-09-16 06:35:47', '2011-09-16 16:34:11');
INSERT INTO `menu` (`id`, `dish_id`, `program_id`, `day_of_week`, `created_at`, `updated_at`) VALUES (119, 691, '3,5,8', 'ПТ,ВС,ВТ', '2018-10-28 05:02:17', '2013-08-21 16:12:20');
INSERT INTO `menu` (`id`, `dish_id`, `program_id`, `day_of_week`, `created_at`, `updated_at`) VALUES (120, 692, '1,4,6', 'СБ,ПН,СР', '2013-12-11 21:51:04', '2018-07-23 10:29:51');
INSERT INTO `menu` (`id`, `dish_id`, `program_id`, `day_of_week`, `created_at`, `updated_at`) VALUES (121, 693, '1,2,5,8' ,'ПН,СР,ПТ', '2017-07-16 15:23:21', '2019-02-23 23:40:54');
INSERT INTO `menu` (`id`, `dish_id`, `program_id`, `day_of_week`, `created_at`, `updated_at`) VALUES (122, 694, '2,4,7', 'ВТ,ЧТ,СБ', '2014-06-24 13:39:22', '2016-03-31 19:32:05');
INSERT INTO `menu` (`id`, `dish_id`, `program_id`, `day_of_week`, `created_at`, `updated_at`) VALUES (123, 695, '1,4,7', 'СР,ПТ,ВС', '2020-10-29 17:35:11', '2017-05-28 08:22:20');
INSERT INTO `menu` (`id`, `dish_id`, `program_id`, `day_of_week`, `created_at`, `updated_at`) VALUES (124, 696, '2,5,8', 'ЧТ,СБ,ПН', '2016-07-04 10:00:50', '2020-03-24 22:36:47');
INSERT INTO `menu` (`id`, `dish_id`, `program_id`, `day_of_week`, `created_at`, `updated_at`) VALUES (125, 697, '1,3,6', 'ПТ,ВС,ВТ',  '2018-03-30 01:24:39', '2016-07-14 14:13:26');
INSERT INTO `menu` (`id`, `dish_id`, `program_id`, `day_of_week`, `created_at`, `updated_at`) VALUES (126, 698, '2,4,7', 'СБ,ПН,СР',  '2015-07-23 23:31:08', '2019-06-21 14:17:39');
INSERT INTO `menu` (`id`, `dish_id`, `program_id`, `day_of_week`, `created_at`, `updated_at`) VALUES (127, 699, '3,5,8', 'ВС,ВТ,ЧТ', '2011-06-19 00:08:52', '2012-05-10 03:30:47');
INSERT INTO `menu` (`id`, `dish_id`, `program_id`, `day_of_week`, `created_at`, `updated_at`) VALUES (128, 700, '1,4,6', 'ПН,СР,ПТ', '2013-09-13 05:44:18', '2021-01-19 05:44:13');
INSERT INTO `menu` (`id`, `dish_id`, `program_id`, `day_of_week`, `created_at`, `updated_at`) VALUES (129, 701, '2,5,7', 'ВТ,ЧТ,СБ', '2017-05-26 09:08:45', '2011-11-22 01:05:47');
INSERT INTO `menu` (`id`, `dish_id`, `program_id`, `day_of_week`, `created_at`, `updated_at`) VALUES (130, 702, '3,6,8', 'СР,ПТ,ВС', '2019-06-04 21:37:46', '2019-04-01 20:24:08');
INSERT INTO `menu` (`id`, `dish_id`, `program_id`, `day_of_week`, `created_at`, `updated_at`) VALUES (131, 703, '2,4,7', 'ЧТ,СБ,ПН', '2015-01-07 16:42:45', '2015-01-26 18:18:07');
INSERT INTO `menu` (`id`, `dish_id`, `program_id`, `day_of_week`, `created_at`, `updated_at`) VALUES (132, 704, '1,4,7', 'ПТ,ВС,ВТ', '2017-02-10 19:48:51', '2016-03-21 23:10:43');
INSERT INTO `menu` (`id`, `dish_id`, `program_id`, `day_of_week`, `created_at`, `updated_at`) VALUES (133, 705, '2,5,8', 'СБ,ПН,СР', '2017-12-05 02:59:28', '2014-09-20 19:30:21');
INSERT INTO `menu` (`id`, `dish_id`, `program_id`, `day_of_week`, `created_at`, `updated_at`) VALUES (134, 706, '1,3,6', 'ВС,ВТ,ЧТ', '2012-08-29 05:38:05', '2015-08-15 12:43:20');
INSERT INTO `menu` (`id`, `dish_id`, `program_id`, `day_of_week`, `created_at`, `updated_at`) VALUES (135, 707, '2,4,7', 'ПН,СР,ПТ', '2021-02-05 15:50:14', '2012-12-21 19:51:20');
INSERT INTO `menu` (`id`, `dish_id`, `program_id`, `day_of_week`, `created_at`, `updated_at`) VALUES (136, 708, '3,5,8', 'ВТ,ЧТ,СБ', '2015-03-14 01:16:31', '2014-01-09 20:45:27');
INSERT INTO `menu` (`id`, `dish_id`, `program_id`, `day_of_week`, `created_at`, `updated_at`) VALUES (137, 709, '1,3,6', 'СР,ПТ,ВС', '2017-02-27 12:47:53', '2012-08-28 18:40:17');
INSERT INTO `menu` (`id`, `dish_id`, `program_id`, `day_of_week`, `created_at`, `updated_at`) VALUES (138, 710, '2,4,7', 'ЧТ,СБ,ПН', '2012-09-16 06:35:47', '2011-09-16 16:34:11');
INSERT INTO `menu` (`id`, `dish_id`, `program_id`, `day_of_week`, `created_at`, `updated_at`) VALUES (139, 711, '3,5,8', 'ПТ,ВС,ВТ', '2018-10-28 05:02:17', '2013-08-21 16:12:20');
INSERT INTO `menu` (`id`, `dish_id`, `program_id`, `day_of_week`, `created_at`, `updated_at`) VALUES (140, 712, '1,4,6', 'СБ,ПН,СР', '2013-12-11 21:51:04', '2018-07-23 10:29:51');
INSERT INTO `menu` (`id`, `dish_id`, `program_id`, `day_of_week`, `created_at`, `updated_at`) VALUES (141, 713, '3,5,8', 'ПТ,ВС,ВТ', '2018-10-28 05:02:17', '2013-08-21 16:12:20');
INSERT INTO `menu` (`id`, `dish_id`, `program_id`, `day_of_week`, `created_at`, `updated_at`) VALUES (142, 714, '1,4,6', 'СБ,ПН,СР', '2013-12-11 21:51:04', '2018-07-23 10:29:51');
INSERT INTO `menu` (`id`, `dish_id`, `program_id`, `day_of_week`, `created_at`, `updated_at`) VALUES (143, 715, '1,3,6', 'ВС,ВТ,ЧТ', '2012-08-29 05:38:05', '2015-08-15 12:43:20');

  