-- MySQL dump 10.13  Distrib 8.0.23, for Win64 (x86_64)
--
-- Host: localhost    Database: vk
-- ------------------------------------------------------
-- Server version	8.0.23

/*!40101 SET @OLD_CHARACTER_SET_CLIENT=@@CHARACTER_SET_CLIENT */;
/*!40101 SET @OLD_CHARACTER_SET_RESULTS=@@CHARACTER_SET_RESULTS */;
/*!40101 SET @OLD_COLLATION_CONNECTION=@@COLLATION_CONNECTION */;
/*!50503 SET NAMES utf8mb4 */;
/*!40103 SET @OLD_TIME_ZONE=@@TIME_ZONE */;
/*!40103 SET TIME_ZONE='+00:00' */;
/*!40014 SET @OLD_UNIQUE_CHECKS=@@UNIQUE_CHECKS, UNIQUE_CHECKS=0 */;
/*!40014 SET @OLD_FOREIGN_KEY_CHECKS=@@FOREIGN_KEY_CHECKS, FOREIGN_KEY_CHECKS=0 */;
/*!40101 SET @OLD_SQL_MODE=@@SQL_MODE, SQL_MODE='NO_AUTO_VALUE_ON_ZERO' */;
/*!40111 SET @OLD_SQL_NOTES=@@SQL_NOTES, SQL_NOTES=0 */;

--
-- Table structure for table `communities`
--

DROP TABLE IF EXISTS `communities`;
/*!40101 SET @saved_cs_client     = @@character_set_client */;
/*!50503 SET character_set_client = utf8mb4 */;
CREATE TABLE `communities` (
  `id` int unsigned NOT NULL AUTO_INCREMENT COMMENT '╨Ш╨┤╨╡╨╜╤В╨╕╤Д╨╕╨║╨░╤В╨╛╤А ╤Б╤А╨╛╨║╨╕',
  `owner_id` int unsigned NOT NULL,
  `name` varchar(150) CHARACTER SET utf8mb4 COLLATE utf8mb4_unicode_ci NOT NULL COMMENT '╨Э╨░╨╖╨▓╨░╨╜╨╕╨╡ ╨│╤А╤Г╨┐╨┐╤Л',
  `created_at` datetime DEFAULT CURRENT_TIMESTAMP COMMENT '╨Т╤А╨╡╨╝╤П ╤Б╨╛╨╖╨┤╨░╨╜╨╕╤П ╤Б╤В╤А╨╛╨║╨╕',
  `updated_at` datetime DEFAULT CURRENT_TIMESTAMP ON UPDATE CURRENT_TIMESTAMP COMMENT '╨Т╤А╨╡╨╝╤П ╨╛╨▒╨╜╨╛╨▓╨╗╨╡╨╜╨╕╤П ╤Б╤В╤А╨╛╨║╨╕',
  PRIMARY KEY (`id`),
  UNIQUE KEY `name` (`name`)
) ENGINE=InnoDB AUTO_INCREMENT=11 DEFAULT CHARSET=utf8mb4 COLLATE=utf8mb4_unicode_ci COMMENT='╨У╤А╤Г╨┐╨┐╤Л';
/*!40101 SET character_set_client = @saved_cs_client */;

--
-- Dumping data for table `communities`
--

LOCK TABLES `communities` WRITE;
/*!40000 ALTER TABLE `communities` DISABLE KEYS */;
INSERT INTO `communities` VALUES (1,89,'voluptas','2017-09-25 11:00:31','2021-02-18 23:40:25'),(2,88,'consectetur','2015-01-20 13:50:55','2021-02-18 23:40:25'),(3,74,'repellendus','2020-05-04 04:54:17','2021-02-18 23:40:25'),(4,4,'quis','2016-06-18 11:10:11','2021-02-18 23:40:25'),(5,97,'aspernatur','2011-08-04 06:31:22','2021-02-18 23:40:25'),(6,74,'perspiciatis','2019-10-24 23:24:35','2021-02-18 23:40:25'),(7,77,'cupiditate','2017-06-07 13:58:45','2021-02-18 23:40:25'),(8,64,'delectus','2019-04-16 13:33:15','2021-02-18 23:40:25'),(9,90,'atque','2018-03-14 07:13:56','2021-02-18 23:40:25'),(10,55,'consequuntur','2017-02-07 20:43:06','2021-02-18 23:40:25');
/*!40000 ALTER TABLE `communities` ENABLE KEYS */;
UNLOCK TABLES;

--
-- Table structure for table `communities_users`
--

DROP TABLE IF EXISTS `communities_users`;
/*!40101 SET @saved_cs_client     = @@character_set_client */;
/*!50503 SET character_set_client = utf8mb4 */;
CREATE TABLE `communities_users` (
  `community_id` int unsigned NOT NULL COMMENT '╨б╤Б╤Л╨╗╨║╨░ ╨╜╨░ ╨│╤А╤Г╨┐╨┐╤Г',
  `user_id` int unsigned NOT NULL COMMENT '╨б╤Б╤Л╨╗╨║╨░ ╨╜╨░ ╨┐╨╛╨╗╤М╨╖╨╛╨▓╨░╤В╨╡╨╗╤П',
  `created_at` datetime DEFAULT CURRENT_TIMESTAMP COMMENT '╨Т╤А╨╡╨╝╤П ╤Б╨╛╨╖╨┤╨░╨╜╨╕╤П ╤Б╤В╤А╨╛╨║╨╕',
  PRIMARY KEY (`community_id`,`user_id`) COMMENT '╨б╨╛╤Б╤В╨░╨▓╨╜╨╛╨╣ ╨┐╨╡╤А╨▓╨╕╤З╨╜╤Л╨╣ ╨║╨╗╤О╤З'
) ENGINE=InnoDB DEFAULT CHARSET=utf8mb4 COLLATE=utf8mb4_unicode_ci COMMENT='╨г╤З╨░╤Б╤В╨╜╨╕╨║╨╕ ╨│╤А╤Г╨┐╨┐, ╤Б╨▓╤П╨╖╤М ╨╝╨╡╨╢╨┤╤Г ╨┐╨╛╨╗╤М╨╖╨╛╨▓╨░╤В╨╡╨╗╤П╨╝╨╕ ╨╕ ╨│╤А╤Г╨┐╨┐╨░╨╝╨╕';
/*!40101 SET character_set_client = @saved_cs_client */;

--
-- Dumping data for table `communities_users`
--

LOCK TABLES `communities_users` WRITE;
/*!40000 ALTER TABLE `communities_users` DISABLE KEYS */;
INSERT INTO `communities_users` VALUES (1,1,'2013-01-04 03:31:24'),(1,11,'2015-03-11 05:02:36'),(1,21,'2019-07-15 18:58:50'),(1,31,'2016-11-12 12:39:11'),(1,41,'2015-12-30 05:04:03'),(1,51,'2020-08-30 18:17:46'),(1,61,'2012-07-29 19:48:49'),(1,71,'2016-07-23 16:12:19'),(1,81,'2011-05-10 12:24:17'),(1,91,'2021-01-25 12:24:34'),(2,2,'2016-08-31 21:24:31'),(2,12,'2017-08-22 17:16:49'),(2,22,'2014-04-30 05:20:23'),(2,32,'2012-02-26 20:52:40'),(2,42,'2019-07-26 18:52:55'),(2,52,'2014-11-17 13:28:36'),(2,62,'2019-05-26 08:40:43'),(2,72,'2017-09-30 06:35:58'),(2,82,'2014-05-06 02:01:20'),(2,92,'2013-10-10 08:14:59'),(3,3,'2011-03-30 19:40:01'),(3,13,'2017-12-18 00:00:13'),(3,23,'2019-10-06 05:56:18'),(3,33,'2017-08-15 15:57:32'),(3,43,'2012-09-10 17:17:29'),(3,53,'2011-11-21 19:43:50'),(3,63,'2012-08-30 00:45:34'),(3,73,'2019-12-07 23:50:14'),(3,83,'2012-06-28 03:15:02'),(3,93,'2020-03-10 03:01:16'),(4,4,'2020-09-08 15:27:51'),(4,14,'2014-06-09 10:39:23'),(4,24,'2012-02-25 21:18:47'),(4,34,'2011-09-27 05:15:13'),(4,44,'2017-01-01 19:59:06'),(4,54,'2012-04-10 08:57:30'),(4,64,'2014-02-25 04:18:12'),(4,74,'2013-01-16 23:13:37'),(4,84,'2013-12-10 07:52:48'),(4,94,'2018-01-09 11:36:26'),(5,5,'2017-01-10 19:15:20'),(5,15,'2019-01-12 06:34:25'),(5,25,'2014-09-06 21:04:54'),(5,35,'2011-11-05 01:34:48'),(5,45,'2012-04-10 22:58:07'),(5,55,'2014-09-12 02:08:39'),(5,65,'2016-12-24 08:52:27'),(5,75,'2017-04-04 11:19:29'),(5,85,'2011-06-30 16:37:22'),(5,95,'2016-09-19 02:27:57'),(6,6,'2015-10-28 14:24:33'),(6,16,'2017-08-21 03:48:26'),(6,26,'2018-01-15 00:44:00'),(6,36,'2012-09-29 17:35:22'),(6,46,'2018-06-18 16:34:33'),(6,56,'2014-06-24 12:46:48'),(6,66,'2020-09-09 05:59:12'),(6,76,'2012-08-23 08:02:54'),(6,86,'2014-03-31 14:11:59'),(6,96,'2019-03-30 07:43:14'),(7,7,'2018-10-25 23:11:31'),(7,17,'2017-11-17 00:31:25'),(7,27,'2019-08-18 00:22:15'),(7,37,'2011-06-16 15:43:08'),(7,47,'2011-09-27 07:28:53'),(7,57,'2013-09-18 13:45:27'),(7,67,'2013-07-09 11:54:32'),(7,77,'2013-04-09 00:14:18'),(7,87,'2011-02-28 20:51:17'),(7,97,'2018-06-07 09:19:54'),(8,8,'2020-10-03 01:09:27'),(8,18,'2019-10-02 15:10:57'),(8,28,'2015-07-06 17:20:06'),(8,38,'2020-04-11 07:08:53'),(8,48,'2019-03-29 12:29:43'),(8,58,'2020-11-04 08:44:04'),(8,68,'2012-03-07 07:41:55'),(8,78,'2016-12-29 13:10:46'),(8,88,'2013-02-27 04:47:25'),(8,98,'2013-11-27 21:49:27'),(9,9,'2020-12-07 10:20:03'),(9,19,'2011-06-26 17:43:28'),(9,29,'2014-11-28 02:21:27'),(9,39,'2020-09-21 14:48:15'),(9,49,'2018-02-09 11:45:10'),(9,59,'2018-08-28 11:33:16'),(9,69,'2016-02-17 01:24:31'),(9,79,'2012-09-26 03:39:23'),(9,89,'2019-05-17 14:32:31'),(9,99,'2011-11-23 05:36:41'),(10,10,'2011-07-26 01:07:12'),(10,20,'2015-08-25 02:53:17'),(10,30,'2012-04-15 23:06:44'),(10,40,'2020-03-23 13:43:15'),(10,50,'2017-07-28 17:30:56'),(10,60,'2017-05-24 05:24:26'),(10,70,'2019-03-27 17:04:16'),(10,80,'2014-07-16 21:01:50'),(10,90,'2015-12-26 10:17:20'),(10,100,'2020-12-20 09:17:32');
/*!40000 ALTER TABLE `communities_users` ENABLE KEYS */;
UNLOCK TABLES;

--
-- Table structure for table `friendship`
--

DROP TABLE IF EXISTS `friendship`;
/*!40101 SET @saved_cs_client     = @@character_set_client */;
/*!50503 SET character_set_client = utf8mb4 */;
CREATE TABLE `friendship` (
  `user_id` int unsigned NOT NULL COMMENT '╨б╤Б╤Л╨╗╨║╨░ ╨╜╨░ ╨╕╨╜╨╕╤Ж╨╕╨░╤В╨╛╤А╨░ ╨┤╤А╤Г╨╢╨╡╤Б╨║╨╕╤Е ╨╛╤В╨╜╨╛╤И╨╡╨╜╨╕╨╣',
  `friend_id` int unsigned NOT NULL COMMENT '╨б╤Б╤Л╨╗╨║╨░ ╨╜╨░ ╨┐╨╛╨╗╤Г╤З╨░╤В╨╡╨╗╤П ╨┐╤А╨╕╨│╨╗╨░╤И╨╡╨╜╨╕╤П ╨┤╤А╤Г╨╢╨╕╤В╤М',
  `friendship_status_id` int unsigned NOT NULL COMMENT '╨б╤Б╤Л╨╗╨║╨░ ╨╜╨░ ╤Б╤В╨░╤В╤Г╤Б (╤В╨╡╨║╤Г╤Й╨╡╨╡ ╤Б╨╛╤Б╤В╨╛╤П╨╜╨╕╨╡) ╨╛╤В╨╜╨╛╤И╨╡╨╜╨╕╨╣',
  `confirmed_at` datetime DEFAULT NULL COMMENT '╨Т╤А╨╡╨╝╤П ╨┐╨╛╨┤╤В╨▓╨╡╤А╨╢╨┤╨╡╨╜╨╕╤П ╨┐╤А╨╕╨│╨╗╨░╤И╨╡╨╜╨╕╤П',
  `created_at` datetime DEFAULT CURRENT_TIMESTAMP COMMENT '╨Т╤А╨╡╨╝╤П ╤Б╨╛╨╖╨┤╨░╨╜╨╕╤П ╤Б╤В╤А╨╛╨║╨╕',
  `updated_at` datetime DEFAULT CURRENT_TIMESTAMP ON UPDATE CURRENT_TIMESTAMP COMMENT '╨Т╤А╨╡╨╝╤П ╨╛╨▒╨╜╨╛╨▓╨╗╨╡╨╜╨╕╤П ╤Б╤В╤А╨╛╨║╨╕',
  PRIMARY KEY (`user_id`,`friend_id`) COMMENT '╨б╨╛╤Б╤В╨░╨▓╨╜╨╛╨╣ ╨┐╨╡╤А╨▓╨╕╤З╨╜╤Л╨╣ ╨║╨╗╤О╤З'
) ENGINE=InnoDB DEFAULT CHARSET=utf8mb4 COLLATE=utf8mb4_unicode_ci COMMENT='╨в╨░╨▒╨╗╨╕╤Ж╨░ ╨┤╤А╤Г╨╢╨▒╤Л';
/*!40101 SET character_set_client = @saved_cs_client */;

--
-- Dumping data for table `friendship`
--

LOCK TABLES `friendship` WRITE;
/*!40000 ALTER TABLE `friendship` DISABLE KEYS */;
INSERT INTO `friendship` VALUES (1,60,2,'2020-06-26 05:49:37','2011-12-17 06:38:58','2021-02-18 23:28:31'),(2,19,3,'2011-04-22 19:21:31','2013-10-18 09:25:11','2021-02-18 23:28:31'),(3,5,3,'2020-10-10 16:56:23','2016-07-02 06:53:07','2021-02-18 23:28:31'),(3,50,1,'2014-11-20 10:10:49','2016-01-16 05:44:52','2021-02-18 23:28:31'),(3,88,2,'2019-11-13 16:30:23','2019-05-10 13:19:33','2021-02-18 23:28:31'),(5,65,1,'2019-09-05 21:03:46','2018-04-14 12:38:59','2021-02-18 23:28:31'),(7,40,3,'2016-08-25 23:59:00','2018-11-06 03:26:08','2021-02-18 23:28:31'),(7,81,2,'2017-05-10 17:55:02','2011-04-13 09:29:01','2021-02-18 23:28:31'),(9,18,1,'2019-10-26 01:27:17','2019-10-03 06:10:19','2021-02-18 23:28:31'),(9,96,2,'2013-10-08 04:30:44','2015-06-29 16:16:36','2021-02-18 23:28:31'),(11,2,1,'2018-08-27 12:38:03','2011-04-27 07:40:25','2021-02-18 23:28:31'),(11,55,2,'2017-03-16 19:49:58','2012-04-03 20:46:34','2021-02-18 23:28:31'),(11,83,3,'2019-10-01 21:52:54','2015-04-29 10:29:38','2021-02-18 23:28:31'),(13,47,2,'2018-07-13 01:30:59','2021-01-02 11:09:46','2021-02-18 23:28:31'),(13,57,2,'2019-02-25 03:49:20','2019-04-24 00:32:10','2021-02-18 23:28:31'),(14,43,3,'2012-08-15 22:22:58','2017-11-14 07:16:11','2021-02-18 23:28:31'),(14,79,3,'2017-02-08 12:34:29','2013-01-07 09:15:36','2021-02-18 23:28:31'),(15,14,2,'2015-10-06 01:42:17','2011-05-26 20:14:21','2021-02-18 23:28:31'),(15,50,2,'2011-05-18 23:28:12','2012-10-31 23:45:00','2021-02-18 23:28:31'),(17,53,1,'2019-02-01 04:01:02','2018-08-22 13:10:09','2021-02-18 23:28:31'),(17,70,1,'2013-01-25 13:30:26','2019-04-26 05:22:32','2021-02-18 23:28:31'),(21,54,3,'2017-06-12 14:53:22','2011-03-27 22:57:47','2021-02-18 23:28:31'),(21,91,1,'2015-03-15 01:02:50','2019-06-02 01:06:33','2021-02-18 23:28:31'),(22,77,2,'2015-09-04 12:33:25','2015-03-02 23:35:05','2021-02-18 23:28:31'),(24,41,3,'2014-12-07 12:58:05','2014-07-10 22:29:02','2021-02-18 23:28:31'),(24,75,1,'2018-08-26 07:38:58','2019-09-09 15:25:46','2021-02-18 23:28:31'),(24,86,1,'2011-06-19 05:59:11','2013-08-03 19:30:51','2021-02-18 23:28:31'),(25,33,2,'2016-04-25 02:16:38','2013-08-18 23:01:01','2021-02-18 23:28:31'),(25,64,2,'2016-10-11 04:00:40','2015-12-28 20:37:42','2021-02-18 23:28:31'),(26,88,3,'2011-11-19 21:01:18','2011-11-13 04:24:45','2021-02-18 23:28:31'),(27,64,1,'2016-12-17 07:30:04','2021-02-11 15:15:15','2021-02-18 23:28:31'),(30,15,1,'2014-11-22 00:05:48','2016-10-16 22:47:42','2021-02-18 23:28:31'),(30,27,3,'2019-01-11 05:03:16','2015-02-28 11:33:47','2021-02-18 23:28:31'),(32,94,3,'2011-05-22 21:41:13','2011-02-23 10:02:15','2021-02-18 23:28:31'),(33,3,2,'2016-10-11 12:32:39','2014-09-23 05:52:25','2021-02-18 23:28:31'),(33,34,3,'2014-12-31 17:02:08','2016-06-18 19:28:28','2021-02-18 23:28:31'),(34,87,1,'2021-01-28 12:00:52','2013-08-21 07:09:09','2021-02-18 23:28:31'),(35,51,2,'2017-03-30 01:52:42','2016-11-03 14:54:53','2021-02-18 23:28:31'),(35,81,3,'2012-09-19 05:19:45','2011-12-05 08:14:29','2021-02-18 23:28:31'),(37,71,2,'2012-11-30 09:07:21','2014-06-17 20:58:37','2021-02-18 23:28:31'),(37,95,3,'2016-05-27 18:50:40','2016-11-19 19:16:16','2021-02-18 23:28:31'),(38,97,3,'2011-03-19 17:57:44','2019-09-18 13:53:02','2021-02-18 23:28:31'),(40,11,3,'2020-02-17 10:54:43','2016-06-23 06:53:30','2021-02-18 23:28:31'),(40,49,2,'2014-10-13 04:28:43','2018-01-06 16:15:45','2021-02-18 23:28:31'),(41,39,1,'2012-04-24 10:34:44','2016-03-09 05:14:17','2021-02-18 23:28:31'),(42,45,1,'2015-11-09 21:58:38','2018-01-17 08:15:39','2021-02-18 23:28:31'),(43,100,2,'2018-12-02 04:03:42','2018-01-12 09:09:37','2021-02-18 23:28:31'),(45,9,1,'2015-11-15 22:08:13','2012-04-22 05:20:18','2021-02-18 23:28:31'),(45,56,1,'2019-06-27 18:18:37','2015-06-26 23:56:31','2021-02-18 23:28:31'),(46,50,1,'2012-12-03 06:16:35','2019-04-12 08:49:48','2021-02-18 23:28:31'),(46,74,2,'2016-09-05 06:18:40','2013-08-18 00:45:38','2021-02-18 23:28:31'),(46,86,3,'2011-04-16 21:23:20','2017-09-21 12:26:19','2021-02-18 23:28:31'),(47,40,1,'2014-01-03 08:56:08','2014-02-22 16:14:35','2021-02-18 23:28:31'),(51,2,1,'2016-01-18 11:43:57','2013-06-09 22:31:08','2021-02-18 23:28:31'),(53,78,3,'2018-07-11 02:42:42','2018-05-18 12:11:44','2021-02-18 23:28:31'),(55,37,2,'2017-07-14 10:18:04','2019-07-03 03:09:44','2021-02-18 23:28:31'),(55,69,3,'2013-03-06 17:14:18','2013-05-29 13:14:42','2021-02-18 23:28:31'),(58,49,2,'2016-01-15 18:52:15','2016-07-26 23:44:21','2021-02-18 23:28:31'),(58,72,3,'2015-07-17 16:44:53','2014-12-11 20:43:29','2021-02-18 23:28:31'),(59,33,1,'2018-08-08 14:16:59','2015-12-14 11:34:15','2021-02-18 23:28:31'),(61,39,3,'2011-12-14 04:39:46','2016-06-23 23:07:43','2021-02-18 23:28:31'),(61,53,2,'2012-10-31 10:37:38','2013-06-23 06:23:45','2021-02-18 23:28:31'),(63,64,3,'2012-02-24 08:21:50','2014-09-05 15:00:31','2021-02-18 23:38:29'),(66,44,3,'2017-03-21 02:36:00','2017-09-29 03:10:48','2021-02-18 23:28:31'),(68,25,2,'2013-10-10 15:01:57','2014-07-06 19:54:26','2021-02-18 23:28:31'),(69,28,2,'2013-09-23 22:27:56','2013-08-29 04:34:04','2021-02-18 23:28:31'),(69,30,1,'2020-12-18 20:39:11','2014-10-16 16:18:34','2021-02-18 23:28:31'),(70,3,2,'2013-09-08 15:11:21','2014-07-04 22:09:42','2021-02-18 23:28:31'),(71,52,1,'2017-01-08 03:31:05','2018-09-21 10:00:39','2021-02-18 23:28:31'),(72,59,2,'2018-09-01 23:57:48','2020-02-21 05:04:07','2021-02-18 23:28:31'),(72,64,1,'2018-03-14 12:45:32','2016-02-25 03:16:54','2021-02-18 23:28:31'),(73,71,2,'2016-12-28 10:00:13','2016-05-12 06:13:46','2021-02-18 23:28:31'),(74,38,1,'2019-04-10 22:03:35','2011-03-12 15:44:27','2021-02-18 23:28:31'),(75,14,3,'2011-04-20 07:55:44','2012-05-25 06:20:15','2021-02-18 23:28:31'),(75,90,3,'2021-02-07 04:51:06','2016-12-27 20:32:58','2021-02-18 23:28:31'),(76,50,1,'2015-10-18 04:44:05','2015-10-12 13:26:25','2021-02-18 23:28:31'),(77,9,1,'2013-02-21 20:56:19','2013-08-17 23:26:45','2021-02-18 23:28:31'),(78,12,3,'2012-10-01 20:56:30','2018-05-05 08:42:03','2021-02-18 23:28:31'),(79,47,3,'2017-11-18 04:47:39','2017-06-21 19:39:11','2021-02-18 23:28:31'),(79,88,1,'2015-10-17 02:59:37','2020-01-07 06:10:10','2021-02-18 23:28:31'),(80,53,1,'2013-12-26 17:08:18','2020-08-07 21:26:19','2021-02-18 23:28:31'),(80,81,1,'2012-11-25 16:31:47','2012-02-20 17:20:47','2021-02-18 23:38:29'),(80,85,1,'2019-04-17 03:40:45','2011-07-11 09:16:39','2021-02-18 23:28:31'),(81,5,2,'2016-11-24 13:28:42','2014-04-29 18:10:22','2021-02-18 23:28:31'),(81,44,1,'2014-11-14 07:28:30','2016-07-24 01:24:27','2021-02-18 23:28:31'),(81,96,2,'2016-05-18 08:08:30','2016-04-11 21:29:05','2021-02-18 23:28:31'),(84,4,2,'2020-02-15 18:29:06','2015-05-17 03:00:21','2021-02-18 23:28:31'),(84,65,2,'2012-05-03 12:48:20','2012-02-09 02:06:11','2021-02-18 23:28:31'),(85,98,2,'2016-08-03 11:28:26','2015-08-06 19:59:12','2021-02-18 23:28:31'),(86,85,1,'2011-11-20 15:58:05','2015-06-27 08:32:58','2021-02-18 23:28:31'),(86,87,3,'2017-08-12 23:37:31','2015-05-01 11:08:12','2021-02-18 23:28:31'),(90,50,3,'2011-08-16 03:30:36','2016-06-21 21:42:22','2021-02-18 23:28:31'),(91,57,3,'2015-09-16 20:18:59','2017-02-10 12:54:31','2021-02-18 23:28:31'),(93,5,3,'2017-12-26 01:21:22','2013-10-16 12:54:10','2021-02-18 23:28:31'),(93,91,2,'2021-01-01 23:53:01','2015-06-23 19:20:37','2021-02-18 23:28:31'),(95,33,2,'2020-05-09 09:07:57','2020-03-25 15:10:05','2021-02-18 23:28:31'),(96,100,3,'2013-01-06 22:29:11','2013-11-10 12:00:08','2021-02-18 23:28:31'),(97,41,1,'2017-05-14 00:16:56','2020-06-15 23:54:20','2021-02-18 23:28:31'),(97,75,3,'2019-05-16 05:53:33','2020-05-04 12:45:09','2021-02-18 23:28:31'),(100,63,1,'2014-03-12 20:56:32','2011-06-23 20:34:03','2021-02-18 23:28:31');
/*!40000 ALTER TABLE `friendship` ENABLE KEYS */;
UNLOCK TABLES;

--
-- Table structure for table `friendship_statuses`
--

DROP TABLE IF EXISTS `friendship_statuses`;
/*!40101 SET @saved_cs_client     = @@character_set_client */;
/*!50503 SET character_set_client = utf8mb4 */;
CREATE TABLE `friendship_statuses` (
  `id` int unsigned NOT NULL AUTO_INCREMENT COMMENT '╨Ш╨┤╨╡╨╜╤В╨╕╤Д╨╕╨║╨░╤В╨╛╤А ╤Б╤В╤А╨╛╨║╨╕',
  `name` varchar(150) CHARACTER SET utf8mb4 COLLATE utf8mb4_unicode_ci NOT NULL COMMENT '╨Э╨░╨╖╨▓╨░╨╜╨╕╨╡ ╤Б╤В╨░╤В╤Г╤Б╨░',
  `created_at` datetime DEFAULT CURRENT_TIMESTAMP COMMENT '╨Т╤А╨╡╨╝╤П ╤Б╨╛╨╖╨┤╨░╨╜╨╕╤П ╤Б╤В╤А╨╛╨║╨╕',
  `updated_at` datetime DEFAULT CURRENT_TIMESTAMP ON UPDATE CURRENT_TIMESTAMP COMMENT '╨Т╤А╨╡╨╝╤П ╨╛╨▒╨╜╨╛╨▓╨╗╨╡╨╜╨╕╤П ╤Б╤В╤А╨╛╨║╨╕',
  PRIMARY KEY (`id`),
  UNIQUE KEY `name` (`name`)
) ENGINE=InnoDB AUTO_INCREMENT=4 DEFAULT CHARSET=utf8mb4 COLLATE=utf8mb4_unicode_ci COMMENT='╨б╤В╨░╤В╤Г╤Б╤Л ╨┤╤А╤Г╨╢╨▒╤Л';
/*!40101 SET character_set_client = @saved_cs_client */;

--
-- Dumping data for table `friendship_statuses`
--

LOCK TABLES `friendship_statuses` WRITE;
/*!40000 ALTER TABLE `friendship_statuses` DISABLE KEYS */;
INSERT INTO `friendship_statuses` VALUES (1,'Friend','2016-05-03 09:58:50','2021-02-18 23:36:37'),(2,'Request sent','2016-11-04 11:43:14','2021-02-18 23:36:37'),(3,'Follow','2013-10-19 16:53:13','2020-02-29 16:09:25');
/*!40000 ALTER TABLE `friendship_statuses` ENABLE KEYS */;
UNLOCK TABLES;

--
-- Table structure for table `media`
--

DROP TABLE IF EXISTS `media`;
/*!40101 SET @saved_cs_client     = @@character_set_client */;
/*!50503 SET character_set_client = utf8mb4 */;
CREATE TABLE `media` (
  `id` int unsigned NOT NULL AUTO_INCREMENT COMMENT '╨Ш╨┤╨╡╨╜╤В╨╕╤Д╨╕╨║╨░╤В╨╛╤А ╤Б╤В╤А╨╛╨║╨╕',
  `user_id` int unsigned NOT NULL COMMENT '╨б╤Б╤Л╨╗╨║╨░ ╨╜╨░ ╨┐╨╛╨╗╤М╨╖╨╛╨▓╨░╤В╨╡╨╗╤П, ╨║╨╛╤В╨╛╤А╤Л╨╣ ╨╖╨░╨│╤А╤Г╨╖╨╕╨╗ ╤Д╨░╨╣╨╗',
  `filename` varchar(255) CHARACTER SET utf8mb4 COLLATE utf8mb4_unicode_ci NOT NULL COMMENT '╨Я╤Г╤В╤М ╨║ ╤Д╨░╨╣╨╗╤Г',
  `size` int NOT NULL COMMENT '╨а╨░╨╖╨╝╨╡╤А ╤Д╨░╨╣╨╗╨░',
  `metadata` json DEFAULT NULL,
  `media_type_id` int unsigned NOT NULL COMMENT '╨б╤Б╤Л╨╗╨║╨░ ╨╜╨░ ╤В╨╕╨┐ ╨║╨╛╨╜╤В╨╡╨╜╤В╨░',
  `created_at` datetime DEFAULT CURRENT_TIMESTAMP COMMENT '╨Т╤А╨╡╨╝╤П ╤Б╨╛╨╖╨┤╨░╨╜╨╕╤П ╤Б╤В╤А╨╛╨║╨╕',
  `updated_at` datetime DEFAULT CURRENT_TIMESTAMP ON UPDATE CURRENT_TIMESTAMP COMMENT '╨Т╤А╨╡╨╝╤П ╨╛╨▒╨╜╨╛╨▓╨╗╨╡╨╜╨╕╤П ╤Б╤В╤А╨╛╨║╨╕',
  PRIMARY KEY (`id`),
  CONSTRAINT `media_chk_1` CHECK (json_valid(`metadata`))
) ENGINE=InnoDB AUTO_INCREMENT=101 DEFAULT CHARSET=utf8mb4 COLLATE=utf8mb4_unicode_ci COMMENT='╨Ь╨╡╨┤╨╕╨░╤Д╨░╨╣╨╗╤Л';
/*!40101 SET character_set_client = @saved_cs_client */;

--
-- Dumping data for table `media`
--

LOCK TABLES `media` WRITE;
/*!40000 ALTER TABLE `media` DISABLE KEYS */;
INSERT INTO `media` VALUES (1,24,'https://dropbox.com/vk/est.avi',2907,'{\"owner\": \"Joshua Reilly\"}',1,'2011-02-26 22:06:10','2021-02-18 23:18:24'),(2,39,'https://dropbox.com/vk/consequatur.mpeg4',123343,'{\"owner\": \"Maye Kuhlman\"}',2,'2020-12-07 08:09:48','2021-02-18 23:18:24'),(3,22,'https://dropbox.com/vk/quos.png',27606299,'{\"owner\": \"Jackson Kozey\"}',3,'2011-09-25 12:06:34','2021-02-18 23:18:24'),(4,92,'https://dropbox.com/vk/facilis.avi',3698,'{\"owner\": \"Etha Russel\"}',1,'2017-03-21 18:48:57','2021-02-18 23:18:24'),(5,95,'https://dropbox.com/vk/iusto.mp3',142752,'{\"owner\": \"Linda Hand\"}',2,'2011-12-15 17:59:30','2021-02-18 23:18:24'),(6,97,'https://dropbox.com/vk/animi.mpeg4',483454,'{\"owner\": \"Pearl Jacobson\"}',3,'2015-12-20 17:38:26','2021-02-18 23:18:24'),(7,1,'https://dropbox.com/vk/reiciendis.avi',53342232,'{\"owner\": \"Sam Hane\"}',1,'2016-12-06 21:53:26','2021-02-18 23:18:24'),(8,12,'https://dropbox.com/vk/voluptas.png',33004,'{\"owner\": \"Petra Prosacco\"}',2,'2013-09-15 03:50:04','2021-02-18 23:18:24'),(9,58,'https://dropbox.com/vk/optio.mp3',3515,'{\"owner\": \"Joanie Ledner\"}',3,'2013-07-31 14:15:38','2021-02-18 23:18:24'),(10,51,'https://dropbox.com/vk/consequuntur.mpeg4',880003540,'{\"owner\": \"Albertha Hane\"}',1,'2015-03-25 08:15:00','2021-02-18 23:18:24'),(11,84,'https://dropbox.com/vk/fugit.mpeg4',896524,'{\"owner\": \"Verna Wisozk\"}',2,'2011-09-02 11:37:19','2021-02-18 23:18:24'),(12,63,'https://dropbox.com/vk/occaecati.png',932431084,'{\"owner\": \"Ryder Legros\"}',3,'2015-03-13 09:41:32','2021-02-18 23:18:24'),(13,63,'https://dropbox.com/vk/deserunt.mp3',610262,'{\"owner\": \"Ryder Legros\"}',1,'2017-04-03 08:00:07','2021-02-18 23:18:24'),(14,26,'https://dropbox.com/vk/pariatur.avi',6245,'{\"owner\": \"Florida Murphy\"}',2,'2019-04-17 20:00:47','2021-02-18 23:18:24'),(15,40,'https://dropbox.com/vk/consequatur.mp3',9960877,'{\"owner\": \"Berneice Pagac\"}',3,'2018-09-15 05:54:53','2021-02-18 23:18:24'),(16,24,'https://dropbox.com/vk/illo.avi',671280,'{\"owner\": \"Joshua Reilly\"}',1,'2020-01-02 22:08:25','2021-02-18 23:18:24'),(17,98,'https://dropbox.com/vk/doloribus.mpeg4',4277726,'{\"owner\": \"Bernard Pacocha\"}',2,'2015-12-14 11:47:57','2021-02-18 23:18:24'),(18,17,'https://dropbox.com/vk/nulla.avi',60919,'{\"owner\": \"Cathryn Fahey\"}',3,'2019-08-10 17:58:50','2021-02-18 23:18:24'),(19,90,'https://dropbox.com/vk/facere.mpeg4',515617,'{\"owner\": \"Santos Hickle\"}',1,'2019-01-09 14:28:51','2021-02-18 23:18:24'),(20,98,'https://dropbox.com/vk/reprehenderit.png',89361,'{\"owner\": \"Bernard Pacocha\"}',2,'2020-03-20 04:25:56','2021-02-18 23:18:24'),(21,20,'https://dropbox.com/vk/aut.avi',554247,'{\"owner\": \"Audrey Haag\"}',3,'2015-08-23 17:32:58','2021-02-18 23:18:24'),(22,4,'https://dropbox.com/vk/repellendus.mp3',214381,'{\"owner\": \"Krystel Balistreri\"}',1,'2015-03-29 00:50:51','2021-02-18 23:18:24'),(23,60,'https://dropbox.com/vk/quia.mp3',591125,'{\"owner\": \"Elvera Gutmann\"}',2,'2016-07-24 21:13:26','2021-02-18 23:18:24'),(24,89,'https://dropbox.com/vk/est.avi',961025,'{\"owner\": \"Cierra Little\"}',3,'2018-03-31 03:42:33','2021-02-18 23:18:24'),(25,62,'https://dropbox.com/vk/harum.avi',71577,'{\"owner\": \"Delphia Swift\"}',1,'2012-08-05 18:54:46','2021-02-18 23:18:24'),(26,45,'https://dropbox.com/vk/ducimus.mp3',399167,'{\"owner\": \"Randal Dibbert\"}',2,'2014-12-04 02:39:24','2021-02-18 23:18:24'),(27,38,'https://dropbox.com/vk/in.mpeg4',111748,'{\"owner\": \"Zion Koss\"}',3,'2014-01-04 07:33:38','2021-02-18 23:18:24'),(28,56,'https://dropbox.com/vk/quam.png',2699,'{\"owner\": \"Mckenna Stoltenberg\"}',1,'2013-09-17 13:34:30','2021-02-18 23:18:24'),(29,63,'https://dropbox.com/vk/aut.mp3',342693,'{\"owner\": \"Ryder Legros\"}',2,'2018-02-18 12:01:13','2021-02-18 23:18:24'),(30,46,'https://dropbox.com/vk/ea.mpeg4',8929,'{\"owner\": \"Stella Welch\"}',3,'2011-03-11 11:47:20','2021-02-18 23:18:24'),(31,40,'https://dropbox.com/vk/dolor.png',45981,'{\"owner\": \"Berneice Pagac\"}',1,'2019-09-26 18:39:21','2021-02-18 23:18:24'),(32,63,'https://dropbox.com/vk/aliquam.mp3',71667,'{\"owner\": \"Ryder Legros\"}',2,'2019-08-10 22:35:10','2021-02-18 23:18:24'),(33,92,'https://dropbox.com/vk/fuga.png',103490,'{\"owner\": \"Etha Russel\"}',3,'2013-03-31 18:11:11','2021-02-18 23:18:24'),(34,73,'https://dropbox.com/vk/aut.png',106669,'{\"owner\": \"Dorian Kassulke\"}',1,'2017-11-28 20:15:33','2021-02-18 23:18:24'),(35,88,'https://dropbox.com/vk/quia.png',505962,'{\"owner\": \"Cecelia Altenwerth\"}',2,'2014-08-30 07:48:50','2021-02-18 23:18:24'),(36,22,'https://dropbox.com/vk/iusto.avi',491733,'{\"owner\": \"Jackson Kozey\"}',3,'2011-07-31 04:57:13','2021-02-18 23:18:24'),(37,45,'https://dropbox.com/vk/et.mp3',930781,'{\"owner\": \"Randal Dibbert\"}',1,'2015-03-14 23:14:53','2021-02-18 23:18:24'),(38,58,'https://dropbox.com/vk/dolorum.avi',168707,'{\"owner\": \"Joanie Ledner\"}',2,'2013-12-27 18:31:02','2021-02-18 23:18:24'),(39,55,'https://dropbox.com/vk/modi.mp3',41192,'{\"owner\": \"Iliana Jenkins\"}',3,'2011-12-05 23:38:34','2021-02-18 23:18:24'),(40,100,'https://dropbox.com/vk/et.png',449202,'{\"owner\": \"Rico Mann\"}',1,'2011-09-05 08:00:55','2021-02-18 23:18:24'),(41,34,'https://dropbox.com/vk/doloribus.mp3',219455,'{\"owner\": \"Kylie Mann\"}',2,'2015-03-14 19:48:53','2021-02-18 23:18:24'),(42,69,'https://dropbox.com/vk/molestiae.avi',752166312,'{\"owner\": \"Foster Block\"}',3,'2014-07-30 07:36:54','2021-02-18 23:18:24'),(43,41,'https://dropbox.com/vk/vel.avi',689839,'{\"owner\": \"Chelsea Spinka\"}',1,'2020-04-18 19:18:17','2021-02-18 23:18:24'),(44,99,'https://dropbox.com/vk/ea.mpeg4',3743022,'{\"owner\": \"Nicole Quitzon\"}',2,'2014-05-30 20:20:45','2021-02-18 23:18:24'),(45,72,'https://dropbox.com/vk/excepturi.mp3',315617,'{\"owner\": \"Orie Hane\"}',3,'2012-03-02 18:53:48','2021-02-18 23:18:24'),(46,63,'https://dropbox.com/vk/assumenda.mp3',498572,'{\"owner\": \"Ryder Legros\"}',1,'2015-07-30 16:44:12','2021-02-18 23:18:24'),(47,100,'https://dropbox.com/vk/veritatis.mp3',844107,'{\"owner\": \"Rico Mann\"}',2,'2013-03-06 03:51:30','2021-02-18 23:18:24'),(48,8,'https://dropbox.com/vk/aliquid.mp3',536010,'{\"owner\": \"Michelle Gusikowski\"}',3,'2013-03-28 05:35:42','2021-02-18 23:18:24'),(49,41,'https://dropbox.com/vk/sequi.avi',174334,'{\"owner\": \"Chelsea Spinka\"}',1,'2013-06-02 07:10:13','2021-02-18 23:18:24'),(50,81,'https://dropbox.com/vk/pariatur.avi',6941,'{\"owner\": \"Edmond Auer\"}',2,'2020-12-23 22:19:46','2021-02-18 23:18:24'),(51,83,'https://dropbox.com/vk/tempore.avi',253639,'{\"owner\": \"Brandy Carroll\"}',3,'2019-11-21 06:40:45','2021-02-18 23:18:24'),(52,68,'https://dropbox.com/vk/fugit.mpeg4',735194,'{\"owner\": \"Sophia Kerluke\"}',1,'2017-06-21 07:34:58','2021-02-18 23:18:24'),(53,91,'https://dropbox.com/vk/accusantium.png',704108,'{\"owner\": \"Lennie Ankunding\"}',2,'2018-01-22 06:23:18','2021-02-18 23:18:24'),(54,52,'https://dropbox.com/vk/nesciunt.mpeg4',905053,'{\"owner\": \"Tiffany Lowe\"}',3,'2018-10-01 07:33:10','2021-02-18 23:18:24'),(55,86,'https://dropbox.com/vk/iure.mpeg4',361465,'{\"owner\": \"Sabrina Medhurst\"}',1,'2012-08-31 19:17:35','2021-02-18 23:18:24'),(56,72,'https://dropbox.com/vk/non.png',472722,'{\"owner\": \"Orie Hane\"}',2,'2018-04-13 12:38:39','2021-02-18 23:18:24'),(57,2,'https://dropbox.com/vk/quam.mpeg4',309684,'{\"owner\": \"King Nikolaus\"}',3,'2012-11-20 06:44:57','2021-02-18 23:18:24'),(58,93,'https://dropbox.com/vk/omnis.mpeg4',3857647,'{\"owner\": \"Horace Swaniawski\"}',1,'2019-01-02 08:01:26','2021-02-18 23:18:24'),(59,57,'https://dropbox.com/vk/in.mpeg4',823263,'{\"owner\": \"Willa Wiza\"}',2,'2011-08-21 07:27:35','2021-02-18 23:18:24'),(60,7,'https://dropbox.com/vk/itaque.png',863611025,'{\"owner\": \"Elmore Hettinger\"}',3,'2012-08-25 10:57:37','2021-02-18 23:18:24'),(61,66,'https://dropbox.com/vk/magni.avi',177265,'{\"owner\": \"Alanis Jast\"}',1,'2017-11-06 13:42:26','2021-02-18 23:18:24'),(62,5,'https://dropbox.com/vk/molestiae.mp3',281627958,'{\"owner\": \"Damien Wehner\"}',2,'2019-12-01 01:57:36','2021-02-18 23:18:24'),(63,27,'https://dropbox.com/vk/natus.mp3',406533,'{\"owner\": \"Margarete VonRueden\"}',3,'2019-01-20 15:54:49','2021-02-18 23:18:24'),(64,21,'https://dropbox.com/vk/ipsum.mp3',96788418,'{\"owner\": \"Grayce Stamm\"}',1,'2019-06-18 08:52:14','2021-02-18 23:18:24'),(65,24,'https://dropbox.com/vk/aut.avi',37270208,'{\"owner\": \"Joshua Reilly\"}',2,'2012-05-01 02:31:56','2021-02-18 23:18:24'),(66,57,'https://dropbox.com/vk/quia.mpeg4',490873,'{\"owner\": \"Willa Wiza\"}',3,'2013-03-27 22:46:57','2021-02-18 23:18:24'),(67,10,'https://dropbox.com/vk/qui.png',224764,'{\"owner\": \"Beaulah Nolan\"}',1,'2020-03-19 05:32:23','2021-02-18 23:18:24'),(68,82,'https://dropbox.com/vk/mollitia.mp3',641203,'{\"owner\": \"Lucio Jast\"}',2,'2013-04-01 12:16:38','2021-02-18 23:18:24'),(69,76,'https://dropbox.com/vk/voluptates.mp3',521725,'{\"owner\": \"Lew Ruecker\"}',3,'2012-01-29 17:10:55','2021-02-18 23:18:24'),(70,37,'https://dropbox.com/vk/mollitia.mp3',104780751,'{\"owner\": \"Christelle Goodwin\"}',1,'2019-01-21 09:28:49','2021-02-18 23:18:24'),(71,55,'https://dropbox.com/vk/iure.png',5933441,'{\"owner\": \"Iliana Jenkins\"}',2,'2017-09-24 04:26:40','2021-02-18 23:18:24'),(72,62,'https://dropbox.com/vk/non.png',675015,'{\"owner\": \"Delphia Swift\"}',3,'2020-11-25 05:13:44','2021-02-18 23:18:24'),(73,44,'https://dropbox.com/vk/ullam.avi',9364,'{\"owner\": \"Harold Hammes\"}',1,'2016-10-14 17:33:16','2021-02-18 23:18:24'),(74,36,'https://dropbox.com/vk/eum.mp3',1726763,'{\"owner\": \"Angelica Ziemann\"}',2,'2017-06-24 18:06:44','2021-02-18 23:18:24'),(75,45,'https://dropbox.com/vk/hic.png',799903,'{\"owner\": \"Randal Dibbert\"}',3,'2017-11-19 21:36:40','2021-02-18 23:18:24'),(76,18,'https://dropbox.com/vk/a.avi',964468,'{\"owner\": \"Bernhard Sporer\"}',1,'2011-05-02 21:25:28','2021-02-18 23:18:24'),(77,53,'https://dropbox.com/vk/enim.png',412632,'{\"owner\": \"Wilmer Kulas\"}',2,'2014-10-26 20:15:30','2021-02-18 23:18:24'),(78,10,'https://dropbox.com/vk/totam.mpeg4',159758,'{\"owner\": \"Beaulah Nolan\"}',3,'2017-02-16 01:37:53','2021-02-18 23:18:24'),(79,92,'https://dropbox.com/vk/quidem.avi',550895,'{\"owner\": \"Etha Russel\"}',1,'2018-02-05 20:22:34','2021-02-18 23:18:24'),(80,28,'https://dropbox.com/vk/sed.png',265200,'{\"owner\": \"Brain Nienow\"}',2,'2012-01-16 07:10:15','2021-02-18 23:18:24'),(81,66,'https://dropbox.com/vk/tempora.mp3',581012,'{\"owner\": \"Alanis Jast\"}',3,'2020-03-18 18:58:57','2021-02-18 23:18:24'),(82,42,'https://dropbox.com/vk/rem.mpeg4',7595,'{\"owner\": \"Reinhold Simonis\"}',1,'2015-05-30 06:27:00','2021-02-18 23:18:24'),(83,14,'https://dropbox.com/vk/laboriosam.mpeg4',8454849,'{\"owner\": \"Edwina Beahan\"}',2,'2020-06-12 05:26:20','2021-02-18 23:18:24'),(84,45,'https://dropbox.com/vk/ut.png',663316,'{\"owner\": \"Randal Dibbert\"}',3,'2020-12-03 13:06:02','2021-02-18 23:18:24'),(85,79,'https://dropbox.com/vk/nemo.mpeg4',480767,'{\"owner\": \"Katelin Williamson\"}',1,'2011-06-12 00:41:42','2021-02-18 23:18:24'),(86,61,'https://dropbox.com/vk/voluptatem.avi',510980,'{\"owner\": \"Brennon Funk\"}',2,'2015-02-05 11:42:46','2021-02-18 23:18:24'),(87,68,'https://dropbox.com/vk/eos.avi',65840,'{\"owner\": \"Sophia Kerluke\"}',3,'2020-11-24 02:05:36','2021-02-18 23:18:24'),(88,55,'https://dropbox.com/vk/hic.mp3',965841,'{\"owner\": \"Iliana Jenkins\"}',1,'2020-09-24 16:53:18','2021-02-18 23:18:24'),(89,72,'https://dropbox.com/vk/corrupti.mpeg4',554953,'{\"owner\": \"Orie Hane\"}',2,'2014-09-10 11:46:05','2021-02-18 23:18:24'),(90,96,'https://dropbox.com/vk/voluptates.mpeg4',93469,'{\"owner\": \"Violette Witting\"}',3,'2018-01-08 14:31:15','2021-02-18 23:18:24'),(91,62,'https://dropbox.com/vk/rem.avi',231825,'{\"owner\": \"Delphia Swift\"}',1,'2014-08-21 23:07:47','2021-02-18 23:18:24'),(92,22,'https://dropbox.com/vk/et.avi',870817,'{\"owner\": \"Jackson Kozey\"}',2,'2011-02-28 07:00:05','2021-02-18 23:18:24'),(93,24,'https://dropbox.com/vk/molestias.png',484268,'{\"owner\": \"Joshua Reilly\"}',3,'2019-02-17 23:52:45','2021-02-18 23:18:24'),(94,54,'https://dropbox.com/vk/ducimus.png',211049,'{\"owner\": \"Ophelia Walter\"}',1,'2015-01-12 22:58:43','2021-02-18 23:18:24'),(95,99,'https://dropbox.com/vk/dignissimos.png',715866,'{\"owner\": \"Nicole Quitzon\"}',2,'2017-11-01 02:03:13','2021-02-18 23:18:24'),(96,30,'https://dropbox.com/vk/quibusdam.avi',286902,'{\"owner\": \"Mossie Davis\"}',3,'2011-08-13 23:09:30','2021-02-18 23:18:24'),(97,54,'https://dropbox.com/vk/facilis.mpeg4',29666644,'{\"owner\": \"Ophelia Walter\"}',1,'2013-11-21 01:46:13','2021-02-18 23:18:24'),(98,80,'https://dropbox.com/vk/dolores.mpeg4',5800118,'{\"owner\": \"Gilda Carroll\"}',2,'2017-06-04 23:20:32','2021-02-18 23:18:24'),(99,37,'https://dropbox.com/vk/laudantium.png',116524,'{\"owner\": \"Christelle Goodwin\"}',3,'2013-10-02 18:54:08','2021-02-18 23:18:24'),(100,44,'https://dropbox.com/vk/et.png',7041593,'{\"owner\": \"Harold Hammes\"}',1,'2017-12-26 19:05:25','2021-02-18 23:18:24');
/*!40000 ALTER TABLE `media` ENABLE KEYS */;
UNLOCK TABLES;

--
-- Table structure for table `media_types`
--

DROP TABLE IF EXISTS `media_types`;
/*!40101 SET @saved_cs_client     = @@character_set_client */;
/*!50503 SET character_set_client = utf8mb4 */;
CREATE TABLE `media_types` (
  `id` int unsigned NOT NULL AUTO_INCREMENT COMMENT '╨Ш╨┤╨╡╨╜╤В╨╕╤Д╨╕╨║╨░╤В╨╛╤А ╤Б╤В╤А╨╛╨║╨╕',
  `name` varchar(255) CHARACTER SET utf8mb4 COLLATE utf8mb4_unicode_ci NOT NULL COMMENT '╨Э╨░╨╖╨▓╨░╨╜╨╕╨╡ ╤В╨╕╨┐╨░',
  `created_at` datetime DEFAULT CURRENT_TIMESTAMP COMMENT '╨Т╤А╨╡╨╝╤П ╤Б╨╛╨╖╨┤╨░╨╜╨╕╤П ╤Б╤В╤А╨╛╨║╨╕',
  `updated_at` datetime DEFAULT CURRENT_TIMESTAMP ON UPDATE CURRENT_TIMESTAMP COMMENT '╨Т╤А╨╡╨╝╤П ╨╛╨▒╨╜╨╛╨▓╨╗╨╡╨╜╨╕╤П ╤Б╤В╤А╨╛╨║╨╕',
  PRIMARY KEY (`id`),
  UNIQUE KEY `name` (`name`)
) ENGINE=InnoDB AUTO_INCREMENT=4 DEFAULT CHARSET=utf8mb4 COLLATE=utf8mb4_unicode_ci COMMENT='╨в╨╕╨┐╤Л ╨╝╨╡╨┤╨╕╨░╤Д╨░╨╣╨╗╨╛╨▓';
/*!40101 SET character_set_client = @saved_cs_client */;

--
-- Dumping data for table `media_types`
--

LOCK TABLES `media_types` WRITE;
/*!40000 ALTER TABLE `media_types` DISABLE KEYS */;
INSERT INTO `media_types` VALUES (1,'Picture','2012-12-28 21:13:08','2014-11-16 23:24:01'),(2,'Video','2016-11-14 08:09:39','2017-05-26 00:05:33'),(3,'Audio','2015-06-24 01:21:13','2015-08-26 00:16:26');
/*!40000 ALTER TABLE `media_types` ENABLE KEYS */;
UNLOCK TABLES;

--
-- Table structure for table `messages`
--

DROP TABLE IF EXISTS `messages`;
/*!40101 SET @saved_cs_client     = @@character_set_client */;
/*!50503 SET character_set_client = utf8mb4 */;
CREATE TABLE `messages` (
  `id` int unsigned NOT NULL AUTO_INCREMENT COMMENT '╨Ш╨┤╨╡╨╜╤В╨╕╤Д╨╕╨║╨░╤В╨╛╤А ╤Б╤В╤А╨╛╨║╨╕',
  `from_user_id` int unsigned NOT NULL COMMENT '╨б╤Б╤Л╨╗╨║╨░ ╨╜╨░ ╨╛╤В╨┐╤А╨░╨▓╨╕╤В╨╡╨╗╤П ╤Б╨╛╨╛╨▒╤Й╨╡╨╜╨╕╤П',
  `to_user_id` int unsigned NOT NULL COMMENT '╨б╤Б╤Л╨╗╨║╨░ ╨╜╨░ ╨┐╨╛╨╗╤Г╤З╨░╤В╨╡╨╗╤П ╤Б╨╛╨╛╨▒╤Й╨╡╨╜╨╕╤П',
  `body` text CHARACTER SET utf8mb4 COLLATE utf8mb4_unicode_ci NOT NULL COMMENT '╨в╨╡╨║╤Б╤В ╤Б╨╛╨╛╨▒╤Й╨╡╨╜╨╕╤П',
  `is_important` tinyint(1) DEFAULT NULL COMMENT '╨Я╤А╨╕╨╖╨╜╨░╨║ ╨▓╨░╨╢╨╜╨╛╤Б╤В╨╕',
  `is_delivered` tinyint(1) DEFAULT NULL COMMENT '╨Я╤А╨╕╨╖╨╜╨░╨║ ╨┤╨╛╤Б╤В╨░╨▓╨║╨╕',
  `created_at` datetime DEFAULT CURRENT_TIMESTAMP COMMENT '╨Т╤А╨╡╨╝╤П ╤Б╨╛╨╖╨┤╨░╨╜╨╕╤П ╤Б╤В╤А╨╛╨║╨╕',
  PRIMARY KEY (`id`)
) ENGINE=InnoDB AUTO_INCREMENT=101 DEFAULT CHARSET=utf8mb4 COLLATE=utf8mb4_unicode_ci COMMENT='╨б╨╛╨╛╨▒╤Й╨╡╨╜╨╕╤П';
/*!40101 SET character_set_client = @saved_cs_client */;

--
-- Dumping data for table `messages`
--

LOCK TABLES `messages` WRITE;
/*!40000 ALTER TABLE `messages` DISABLE KEYS */;
INSERT INTO `messages` VALUES (1,76,9,'Magni dolorem voluptatem cumque reprehenderit. Laudantium expedita pariatur voluptatem aut aliquid dolorem omnis ducimus.',1,0,'2020-05-19 05:11:29'),(2,17,57,'Praesentium quisquam doloremque et quisquam officia ea. Aut iure delectus est ex porro ratione. In ut est et accusantium tempore voluptas quis vero.',1,0,'2016-08-31 03:48:55'),(3,35,1,'Sint sed quidem dolor. Et et et qui porro cumque sunt ipsam. Corrupti non perferendis ab nisi asperiores sint dolorem. Quis et et eum quae.',0,1,'2011-06-28 04:44:55'),(4,2,5,'Rerum est quia velit ducimus asperiores earum. Quia quo possimus qui saepe. Natus ipsum quod et. Autem iure occaecati occaecati eos ut qui.',0,1,'2017-09-28 14:55:08'),(5,17,73,'Maxime voluptatibus quas qui. Modi ut beatae sint. Saepe in officiis non temporibus soluta eligendi dicta. Sunt iure est modi est.',1,0,'2017-12-26 09:37:15'),(6,11,34,'Sit et doloremque autem accusantium nulla rerum soluta. Itaque qui doloribus mollitia adipisci molestiae delectus voluptas distinctio. Qui eaque aut aliquid ipsam eius omnis a architecto. Tempore vel necessitatibus reprehenderit quas et ad voluptas.',1,1,'2018-04-26 16:39:26'),(7,39,90,'Molestias inventore dolor ducimus necessitatibus et et omnis. Officia sit vel assumenda provident. Repellendus molestias laboriosam alias cum voluptas consequatur. Voluptatem explicabo iusto dolorem. Quae magni enim odit quis delectus ducimus.',1,0,'2012-09-20 18:53:53'),(8,35,2,'Sed tenetur recusandae et expedita est animi eos. Aliquam facere facilis assumenda quae. Dolores ipsa mollitia non nostrum minus.',1,1,'2011-06-14 16:40:35'),(9,5,17,'Animi facere et voluptates accusamus praesentium explicabo sequi. Omnis similique iure voluptas qui minima. Facere est ad dolores. Natus maiores consectetur consectetur dolor ex voluptatem aut.',1,0,'2018-07-10 04:21:54'),(10,73,11,'At voluptatibus eos aliquid accusamus quibusdam quos. Voluptatem hic rerum nulla. Nihil quo et qui corporis. Ab beatae veniam amet voluptate.',0,0,'2016-04-03 16:26:36'),(11,37,53,'Sit saepe qui aperiam aliquid non vel. Et aut culpa praesentium corrupti ipsa. Aliquid omnis optio laborum et aut laudantium iste.',0,0,'2012-06-02 08:21:39'),(12,50,92,'Velit voluptas provident voluptatem odit illum voluptas. Corrupti laboriosam non aliquam blanditiis dolor inventore quae. Sint consequatur voluptatem sed perferendis similique rem omnis.',1,1,'2013-06-13 23:34:09'),(13,10,71,'Aut quos officia assumenda error eveniet. Sint sunt distinctio dicta quis aperiam qui id officia.',0,1,'2017-11-06 22:08:06'),(14,28,24,'Provident est tempore aut excepturi ut consequatur quis amet. Adipisci consequatur repellendus autem maiores. Labore voluptates sunt amet perspiciatis nulla sapiente. Deserunt quaerat illum placeat et.',1,1,'2018-11-18 14:48:59'),(15,36,8,'Aut sequi qui nulla adipisci delectus. Modi sunt tempora fuga magni saepe exercitationem. Ex dolor et repudiandae consequuntur. Et totam tempora sed aut. Autem assumenda voluptate architecto magni similique pariatur.',1,0,'2011-08-20 20:20:59'),(16,31,29,'Vitae reprehenderit libero sunt nesciunt minus minus. Et eos aperiam aliquam fugit exercitationem corporis. Consectetur pariatur corporis ut sed nesciunt.',0,1,'2019-01-18 00:02:56'),(17,55,85,'Ad quaerat fuga sed. Reprehenderit minus et non. Dignissimos illo accusantium necessitatibus et et vitae quo. Facilis iure saepe et aperiam illo at.',0,1,'2018-02-02 01:50:48'),(18,60,45,'Laborum voluptatem ipsa aut repellendus. Tenetur voluptas aliquam enim voluptatem et delectus. Iure eius recusandae omnis facere ipsam praesentium. Corporis sequi beatae ullam quo nulla cupiditate.',1,0,'2017-09-30 06:00:03'),(19,44,84,'Facilis tempore blanditiis unde cupiditate culpa. Doloremque enim sequi debitis ab aliquid illum amet. Eius sed fugit officiis vel ea. Dolores itaque ut alias quaerat sit.',1,0,'2020-09-11 22:15:00'),(20,87,82,'Reprehenderit molestiae occaecati et aut. Est ut repellat quo quod dicta rem. Ad cupiditate reiciendis repellat vero fugit eum.',0,1,'2016-08-18 13:13:33'),(21,48,94,'Provident quaerat rerum facilis incidunt quisquam iusto. Dolore officia architecto laudantium velit commodi qui id. Excepturi fugit maxime cupiditate dolore.',0,1,'2019-02-07 17:23:46'),(22,25,43,'Assumenda et eaque exercitationem voluptas assumenda fuga. Enim natus odit possimus nam dicta magnam occaecati. Ab nihil nisi aspernatur ea minus laborum adipisci non. Iure accusamus qui voluptas ullam odio aliquid eveniet.',1,1,'2015-03-31 15:59:15'),(23,41,76,'Esse consequatur quod ipsum velit mollitia id. Et doloremque in minus soluta odio ullam occaecati. Quo aut asperiores ut quasi.',1,1,'2016-06-17 08:13:44'),(24,57,54,'Ea cupiditate voluptas sint amet non ut. Eum quos et error. Debitis molestias non dignissimos quae consequatur. Beatae aut eius molestiae inventore corrupti quos.',0,1,'2011-04-17 09:54:58'),(25,99,35,'Incidunt rerum perspiciatis deserunt quia necessitatibus. Ut ratione dignissimos eum sit. Aut cupiditate eius facilis sint eaque. Consequuntur dolor molestias adipisci. Quia facilis repudiandae illo aliquid architecto sapiente voluptatem ea.',1,0,'2020-07-26 08:27:41'),(26,75,71,'Nihil qui voluptatem ullam odit et. Hic totam qui quod veniam quasi officiis quidem. Ut expedita sunt excepturi ipsam. Reprehenderit dolores autem id.',0,0,'2016-02-26 05:24:27'),(27,29,31,'Sed quis et molestias. Quia laborum molestiae consectetur nulla harum quia. Quam consectetur accusamus sed aperiam et ratione qui eligendi. Sed blanditiis quidem quo architecto vero laudantium.',1,0,'2018-02-07 13:04:31'),(28,66,37,'Quo facere repellat debitis qui. Quod dignissimos et eligendi aut. Velit aliquid doloribus animi laborum.',0,0,'2013-06-29 05:20:39'),(29,87,24,'Explicabo et earum eum corrupti necessitatibus ut et. Similique autem voluptatibus debitis earum architecto omnis et. Repudiandae doloremque est voluptatem et blanditiis voluptate nam.',0,0,'2015-11-20 21:53:58'),(30,59,21,'Vitae id delectus blanditiis in. Nobis et atque ea et voluptatibus molestiae. Autem omnis sed dolores sed ab.',0,0,'2013-09-08 18:04:26'),(31,28,76,'Molestiae eum magnam praesentium vero voluptatibus. Quia quia neque vero eos. Nobis cumque pariatur perferendis facere deleniti.',0,0,'2020-07-31 20:42:11'),(32,94,44,'Quis minus quia sunt. Est eaque voluptate deleniti eum deleniti atque harum. Sit qui dolore tempora id aperiam.',0,0,'2012-02-06 17:09:00'),(33,38,58,'Unde molestiae qui neque libero neque. Nulla architecto ad excepturi sunt est quis. Animi eius dolor sed in.',1,0,'2014-07-21 16:35:59'),(34,76,4,'Et tempore delectus quam perferendis fuga. Illum ullam dolor autem possimus voluptas in aut maiores. Unde adipisci est consequuntur. Assumenda qui consequatur eaque consectetur delectus labore nihil.',0,1,'2017-01-14 03:11:54'),(35,93,51,'Debitis sapiente enim ea at excepturi. Nam aut praesentium inventore repudiandae aperiam. Consequatur omnis eum mollitia et nihil quo.',1,0,'2011-06-02 01:39:13'),(36,77,30,'Repellat quisquam similique qui aperiam facere est. Nihil deserunt maiores et pariatur consequuntur et quam. Quia odit est corrupti voluptatem quidem.',0,0,'2013-12-11 18:11:23'),(37,19,3,'Natus iste corrupti facilis exercitationem rem. Dolores dolorem non minima nobis et incidunt voluptatem. Quia veritatis ut dolorem culpa ullam impedit sed qui. Adipisci sit distinctio deserunt sint perspiciatis.',1,0,'2014-01-30 14:57:08'),(38,57,76,'Ipsa impedit deserunt et nihil aut culpa. Rerum expedita consequatur rerum officiis et tempore at. Doloribus rerum quisquam in fuga.',1,1,'2019-07-24 05:43:22'),(39,8,10,'Accusamus nostrum perspiciatis iure quasi similique saepe excepturi. Corrupti veritatis vitae eos. Aut voluptates quia sequi molestiae impedit qui consequatur laudantium. Error amet mollitia dicta ea facilis.',0,0,'2014-01-12 14:41:04'),(40,28,8,'Repellat voluptatum et corrupti omnis ipsa tempora repellat molestiae. Illum vel velit dicta inventore eos beatae.',1,0,'2018-05-08 01:06:46'),(41,57,60,'Aut non illum architecto minima non. Quia et libero repellendus repellendus. Rem hic sint unde consequuntur vel. Qui facere similique ab autem odio est.',0,1,'2012-01-18 10:52:59'),(42,28,61,'Reiciendis veniam consequatur labore dolorem enim. Hic numquam commodi et blanditiis deserunt quia quo aliquam. Alias nobis illo dicta laborum et.',1,1,'2019-07-11 12:07:20'),(43,20,16,'Dolores laudantium commodi labore. Est nihil quasi eius dolorum. Facilis neque quos aperiam. Alias aliquam eveniet ut dolore eos quo.',1,1,'2011-03-12 11:11:02'),(44,19,47,'Ducimus cupiditate culpa cupiditate ut dolor ex. Quos ea sed consequuntur mollitia sequi iure unde. Deserunt est qui sed et labore. Sed modi ducimus dicta voluptas aut ea.',0,0,'2019-07-19 21:26:46'),(45,76,38,'Vero deleniti aliquam aut. Et temporibus nostrum consequatur voluptatem voluptatibus quo. Enim enim totam iusto doloremque asperiores nobis quod.',1,0,'2013-12-26 05:42:22'),(46,61,90,'Qui doloremque quia quidem nobis voluptas odio dicta cupiditate. Eveniet quae ut nostrum laudantium. Consequatur architecto veritatis natus nemo possimus repudiandae voluptas.',0,1,'2017-06-09 06:46:21'),(47,69,75,'Accusamus ipsum fugiat possimus modi. Libero minus quibusdam deserunt et dolorem est. Quibusdam sit sunt qui. Error magnam aut excepturi sunt nihil voluptatibus vel.',1,1,'2015-07-22 01:19:44'),(48,68,11,'Perspiciatis aliquid architecto iste. Aut odit ab illum laborum eveniet quam ipsam. Sint et repudiandae officiis sunt sit odit ullam. Dolor qui est suscipit doloremque.',1,0,'2019-02-01 11:45:57'),(49,54,37,'Sit consequatur earum maiores ipsum adipisci velit tempora. Unde consectetur inventore asperiores architecto dolores corrupti facere harum.',1,0,'2020-05-14 02:28:03'),(50,19,86,'Fuga officiis autem deserunt enim illum eum. Voluptate facilis ab est eius aspernatur labore. Officiis totam voluptate facilis tempore molestias dicta.',0,0,'2020-02-08 15:03:00'),(51,73,6,'Aspernatur eligendi modi magnam voluptatum non voluptatem et. Amet eligendi ut impedit et officiis. Velit laboriosam quod ipsum accusantium atque et aut. Dolorum facere laudantium ut.',0,1,'2015-11-03 20:59:10'),(52,11,35,'Voluptatibus non veniam beatae recusandae voluptas qui. Rerum dolore neque et deserunt modi.',1,1,'2017-05-12 07:43:26'),(53,42,4,'Vitae velit vel consequatur quia. Vel vel et dolorem nihil nulla similique nihil impedit. Molestiae minima accusantium dignissimos libero.',0,0,'2016-10-30 07:35:14'),(54,95,63,'Optio eius itaque sequi et aut nihil earum quae. Qui ratione perspiciatis voluptatem voluptas nesciunt possimus. Esse enim optio alias. Blanditiis nostrum dignissimos quaerat ipsum voluptatem.',0,0,'2020-06-23 11:12:22'),(55,30,61,'Illo sed cupiditate quia quis vel. Ea aut sit quia vero quisquam. Rerum ducimus est minima placeat quod aut rerum.',1,1,'2017-03-26 10:27:03'),(56,12,76,'Qui et iure reprehenderit reprehenderit. Quo incidunt eum quidem hic quos sint. Adipisci dolore modi fuga architecto. Ut nemo et quasi qui at ratione officia.',1,0,'2012-02-02 06:29:28'),(57,44,91,'Ea incidunt in accusamus repellendus impedit id. Qui occaecati architecto eos odio quam tempore. Rerum fugit soluta voluptatum veniam.',0,0,'2016-01-22 12:55:10'),(58,22,36,'Sit adipisci dicta corrupti quidem suscipit. Iste esse dolores cumque in molestiae. Corporis commodi perspiciatis excepturi eligendi repellendus quibusdam sed aut. Recusandae ipsam fuga sed assumenda quia magnam est.',1,0,'2012-10-26 18:52:46'),(59,16,70,'Corporis ad eaque cupiditate quia nostrum. Corporis quis ea necessitatibus iste eos.',0,0,'2018-07-02 00:19:00'),(60,1,95,'Et libero consequuntur a commodi dolor quia. Dignissimos soluta maxime et et cum aliquid animi. Quam assumenda reiciendis cupiditate quisquam eum voluptas totam.',0,0,'2017-11-14 00:45:44'),(61,72,73,'Ad iste sit esse fuga iusto. Ipsam ea quia molestiae ut omnis. Quasi labore non sint ut corrupti est est illum.',0,1,'2017-11-19 05:39:27'),(62,49,27,'Esse voluptatem hic aut qui libero quod rerum. Reprehenderit ipsam doloremque minima dolor voluptatum aut tempora occaecati. Ut mollitia ab laudantium et.',0,0,'2015-11-13 21:37:55'),(63,88,57,'Iure aut maxime aut. Hic aut laudantium dolores ut porro expedita officia. Assumenda iusto quia veniam soluta.',1,0,'2012-08-06 04:02:51'),(64,20,29,'Iure nihil ratione voluptas alias voluptas. Quis similique animi repudiandae omnis quas. Pariatur et officia adipisci ut et omnis. Consequatur error eos culpa dolorem quia. Molestias sunt ipsam at ad reprehenderit at quas odit.',0,0,'2014-03-29 13:14:04'),(65,85,37,'Dolorem voluptatum ut et sed. Dolorum dolores ut possimus asperiores autem occaecati. Quasi nihil maiores voluptatem eum vitae ea itaque.',0,0,'2012-06-04 07:06:23'),(66,28,29,'Numquam nostrum culpa ut totam rerum non quis. Magni officia possimus a quia nobis repudiandae. Sapiente et ad excepturi enim unde ea rerum. Sed culpa dicta quibusdam et non omnis. Suscipit est reiciendis maiores nihil aut provident.',0,1,'2018-07-12 19:34:00'),(67,62,20,'Eum quas cumque iure velit tempore atque odit. Mollitia aut minima dolores. A fugiat velit voluptatum labore. Nulla sed velit voluptatem laborum rerum minima autem.',0,0,'2020-09-02 01:22:04'),(68,15,13,'Ut sunt sunt eum voluptatem ea pariatur. Ad qui in placeat quo autem sit voluptas. Ut nisi magni id non qui quisquam ex praesentium.',0,0,'2012-12-12 13:33:08'),(69,22,67,'Minima et praesentium iste id. Nostrum dicta quibusdam omnis nemo autem voluptatem. Ut ut amet minima voluptatibus aut culpa molestias.',0,1,'2014-11-17 09:10:57'),(70,72,56,'Sit corporis architecto non distinctio rem tempore. Quidem quis fuga ipsa tempora fugiat vero non et. Quos rem sed iusto cumque sed.',1,0,'2020-05-13 15:42:04'),(71,65,56,'Voluptatem quia laudantium vel veritatis nobis. Aut corporis harum libero quam ipsa est.',0,1,'2017-04-06 16:20:22'),(72,86,59,'Est magnam numquam voluptas ut tenetur numquam impedit molestiae. Quaerat culpa ut alias iure. Asperiores voluptatem voluptatum beatae dolor.',0,0,'2012-03-12 05:20:35'),(73,39,17,'Aut nostrum sed ex modi. Cupiditate odit perspiciatis voluptas aut sequi reprehenderit. Sit vel molestias ipsam eius minima.',1,1,'2016-09-22 07:10:26'),(74,67,86,'Saepe dolorum natus vero facere suscipit qui enim voluptate. Et doloribus incidunt quasi provident. Quis illo ex provident dolorem adipisci recusandae. Consequatur odit vero at voluptas vero rerum voluptatem est.',0,1,'2012-12-31 15:58:08'),(75,25,67,'Ducimus laudantium veniam sit dicta. Numquam tenetur laudantium molestias recusandae suscipit. Molestias debitis aliquid tenetur et quod voluptates. Iusto velit iure at.',0,0,'2013-01-11 16:58:47'),(76,59,92,'Fugiat delectus corrupti in ex omnis nulla. Velit vero eius ex explicabo autem soluta. Molestiae et repellat et consequatur.',0,1,'2011-07-29 05:27:19'),(77,85,46,'Ut sunt molestias et et sed ut nihil quia. Tenetur voluptatem ad adipisci nemo. Esse qui neque dolor vitae recusandae et ea voluptatum. Inventore facilis iste dolorum alias. Eveniet ipsam aut sed quibusdam similique.',0,1,'2015-05-10 15:16:25'),(78,76,42,'Incidunt ipsum minus quia corrupti earum vero qui. Minus quae corrupti magni saepe iste qui nam sunt. Rerum quos quisquam aut et ab consequuntur et. Excepturi nesciunt qui accusamus voluptatibus commodi. Est minima quis quia optio.',1,0,'2013-10-05 07:28:12'),(79,80,76,'Est saepe consequatur qui magnam incidunt dignissimos. Ut quis et harum consequatur id quam. Debitis qui vero eius velit.',1,1,'2019-06-26 12:54:26'),(80,37,57,'Sed est a rem reiciendis atque minus a eligendi. Error id voluptatibus sit nisi in et ex. Magnam mollitia id aut dolorem. Quia nostrum aliquam voluptas vitae veniam qui.',0,1,'2020-04-13 21:38:15'),(81,74,96,'Non id facilis illo et dolorum labore temporibus reprehenderit. Qui sit qui distinctio et est impedit corporis. Recusandae sit voluptatem enim iste autem. Et inventore doloribus occaecati suscipit iure incidunt enim.',0,1,'2013-03-03 01:37:23'),(82,61,14,'Perferendis adipisci et ut neque. Qui quam dignissimos omnis consequatur odit magni. Et aut fugiat rerum ratione dolore temporibus.',1,1,'2011-09-13 10:21:39'),(83,89,100,'Sunt alias excepturi aut sunt. Impedit ratione doloribus et ad sunt sunt nam. Qui rerum perspiciatis id dignissimos sed fugiat doloremque.',1,0,'2012-03-25 00:26:22'),(84,34,68,'Aut fugiat qui velit veritatis totam. Eligendi in praesentium deleniti soluta. Nobis cum vel consequatur velit consequatur occaecati. Quis aut unde suscipit maxime aut aliquam.',0,1,'2012-09-08 12:28:34'),(85,36,79,'Accusamus tempora ipsa cum neque est repellat quos. Minus quos cupiditate occaecati. Laborum vel doloribus tempora qui. Esse asperiores modi natus est dolores sunt.',0,1,'2011-11-01 19:36:08'),(86,84,82,'Quos illo iste qui ut ducimus et. Asperiores architecto vitae harum consectetur. Inventore nihil qui nostrum doloremque sit laboriosam impedit. Vero vero nesciunt ut qui.',1,0,'2017-02-01 14:50:17'),(87,59,50,'Ipsum molestiae vitae illum veritatis. Voluptatem recusandae ipsa qui non atque aut. Quidem debitis ut voluptates incidunt quia.',1,1,'2013-03-10 09:34:43'),(88,72,7,'Ad veritatis quos ut tempore. Nobis voluptatem dolorum qui sed rerum ullam. Aut et occaecati tenetur sed tempora ipsa placeat.',0,1,'2016-03-07 08:33:27'),(89,20,80,'Doloribus aut perferendis eum aut suscipit nostrum. Asperiores similique quis voluptatem architecto sint eaque ipsum. Unde alias dolor omnis suscipit. Qui sed magnam placeat ipsum. Nulla dolorem quod voluptas eius totam est corporis est.',1,0,'2017-03-12 11:08:08'),(90,38,49,'Non possimus hic aperiam molestias labore incidunt et fugit. Fugiat voluptas et quas quia animi eligendi. Nostrum enim unde autem qui repellendus. Est dolorum tempora sit quis fugit ullam vel.',0,1,'2019-08-18 14:15:02'),(91,33,15,'Repellendus ut et qui sapiente. In minus et dolores aliquid veritatis. Esse ut est aliquid. Ut velit consequuntur magni porro labore.',1,1,'2019-05-19 12:33:03'),(92,74,27,'Nam inventore pariatur nesciunt ut quas qui corporis quod. Iusto autem nihil voluptas qui cum aut rerum. Nihil quae tenetur reiciendis sed voluptatum. Similique id earum veniam praesentium rerum nobis.',1,1,'2015-06-14 16:04:38'),(93,13,85,'Excepturi accusamus quidem et itaque. Omnis in consequatur quia deserunt magnam. Accusamus consequatur iure a et quia rerum quis libero.',0,1,'2020-12-20 23:56:34'),(94,83,60,'Laboriosam eius tenetur et. Labore magnam consequatur ullam reprehenderit enim. Molestiae exercitationem et cupiditate. Omnis aut magni provident pariatur et recusandae.',0,1,'2013-06-19 04:03:53'),(95,51,73,'Quidem et molestiae numquam ea. Ea aut laboriosam sunt repellendus repudiandae. Ut sed beatae quidem qui. Voluptatem voluptas sint quos illo nobis dignissimos veniam. Enim beatae aut dicta.',1,0,'2011-03-19 16:29:45'),(96,12,39,'Eos perspiciatis quaerat sint molestias quo libero. Vel possimus et et et sapiente et quia quae. Tempore qui sed commodi.',1,0,'2019-11-20 16:39:26'),(97,60,82,'Magni quidem adipisci occaecati repellendus id adipisci. Ratione voluptates blanditiis necessitatibus facilis eaque sunt nesciunt minus. Et a est eos est omnis. Magni et velit esse ipsum iure.',0,0,'2012-07-29 02:24:46'),(98,30,3,'Qui ducimus consequatur est ullam. Cumque ea quam ut cumque ut rerum molestias. Explicabo dolor ex dolor ipsam libero qui id.',1,1,'2011-10-04 03:23:04'),(99,23,8,'Eveniet facilis aliquid qui consequuntur. Minus aliquid officiis optio qui et et velit. Blanditiis molestiae maxime quia omnis rem. Ipsum veniam asperiores ut optio.',1,1,'2020-06-23 03:37:29'),(100,70,27,'Accusamus aut fugiat a unde vero voluptatem at. Qui nulla blanditiis animi facilis illo iste.',0,0,'2012-12-09 15:47:01');
/*!40000 ALTER TABLE `messages` ENABLE KEYS */;
UNLOCK TABLES;

--
-- Table structure for table `profiles`
--

DROP TABLE IF EXISTS `profiles`;
/*!40101 SET @saved_cs_client     = @@character_set_client */;
/*!50503 SET character_set_client = utf8mb4 */;
CREATE TABLE `profiles` (
  `user_id` int unsigned NOT NULL COMMENT '╨б╤Б╤Л╨╗╨║╨░ ╨╜╨░ ╨┐╨╛╨╗╤М╨╖╨╛╨▓╨░╤В╨╡╨╗╤П',
  `gender` enum('M','F') COLLATE utf8mb4_unicode_ci DEFAULT NULL,
  `birthday` date DEFAULT NULL COMMENT '╨Ф╨░╤В╨░ ╤А╨╛╨╢╨┤╨╡╨╜╨╕╤П',
  `city` varchar(130) CHARACTER SET utf8mb4 COLLATE utf8mb4_unicode_ci DEFAULT NULL COMMENT '╨У╨╛╤А╨╛╨┤ ╨┐╤А╨╛╨╢╨╕╨▓╨░╨╜╨╕╤П',
  `country` varchar(130) CHARACTER SET utf8mb4 COLLATE utf8mb4_unicode_ci DEFAULT NULL COMMENT '╨б╤В╤А╨░╨╜╨░ ╨┐╤А╨╛╨╢╨╕╨▓╨░╨╜╨╕╤П',
  `created_at` datetime DEFAULT CURRENT_TIMESTAMP COMMENT '╨Т╤А╨╡╨╝╤П ╤Б╨╛╨╖╨┤╨░╨╜╨╕╤П ╤Б╤В╤А╨╛╨║╨╕',
  `updated_at` datetime DEFAULT CURRENT_TIMESTAMP ON UPDATE CURRENT_TIMESTAMP COMMENT '╨Т╤А╨╡╨╝╤П ╨╛╨▒╨╜╨╛╨▓╨╗╨╡╨╜╨╕╤П ╤Б╤В╤А╨╛╨║╨╕',
  PRIMARY KEY (`user_id`)
) ENGINE=InnoDB DEFAULT CHARSET=utf8mb4 COLLATE=utf8mb4_unicode_ci COMMENT='╨Я╤А╨╛╤Д╨╕╨╗╨╕';
/*!40101 SET character_set_client = @saved_cs_client */;

--
-- Dumping data for table `profiles`
--

LOCK TABLES `profiles` WRITE;
/*!40000 ALTER TABLE `profiles` DISABLE KEYS */;
INSERT INTO `profiles` VALUES (1,'M','2020-07-03','Lake Mireille','Norway','2019-04-12 00:12:56','2021-02-18 22:47:30'),(2,'M','2014-10-07','Parkermouth','Nauru','2014-10-11 19:58:28','2020-01-23 15:32:47'),(3,'F','2014-07-06','Ankundingport','Vietnam','2015-09-13 21:04:34','2020-11-29 09:54:11'),(4,'F','2020-10-16','East Tremaineland','Yemen','2020-06-17 17:15:14','2021-02-18 22:47:30'),(5,'M','2013-02-11','Port Landenfort','Qatar','2018-11-08 21:34:53','2021-02-18 22:47:30'),(6,'M','2015-10-11','Mikeshire','Uganda','2019-07-11 08:47:08','2021-02-18 22:47:30'),(7,'F','2019-04-30','Dorotheaview','Guatemala','2019-10-17 04:38:42','2020-05-27 20:47:24'),(8,'F','2017-07-14','North Vidal','Turkey','2011-03-28 22:36:22','2017-02-17 11:36:36'),(9,'M','2017-04-19','New Lilyanbury','Macedonia','2017-03-26 22:42:16','2021-02-18 22:47:30'),(10,'F','2016-08-04','North Zoeville','Cape Verde','2013-03-08 08:57:20','2017-01-20 06:05:48'),(11,'F','2019-03-08','Leopoldotown','Tunisia','2012-09-30 15:17:26','2021-02-18 22:47:30'),(12,'F','2011-07-15','Port Solon','Cyprus','2018-03-10 04:18:51','2019-09-13 11:53:54'),(13,'F','2017-08-01','Port Pietrofurt','Reunion','2015-06-08 12:05:52','2017-08-12 20:57:55'),(14,'M','2013-02-21','Runolfsdottirfort','Sweden','2018-12-08 00:46:05','2021-02-18 22:47:30'),(15,'F','2017-07-21','West Luella','Solomon Islands','2014-02-01 14:41:58','2014-11-28 16:17:56'),(16,'F','2014-07-03','New Mireya','Norfolk Island','2013-01-11 20:21:45','2013-09-22 11:36:37'),(17,'F','2019-12-11','Stehrfurt','Turks and Caicos Islands','2011-09-11 01:18:12','2020-10-31 03:47:14'),(18,'M','2019-06-08','Lake Lyda','Pakistan','2020-11-25 22:50:56','2021-02-18 22:47:30'),(19,'F','2014-06-05','West Reynaport','Turkey','2013-07-16 00:37:09','2015-01-04 21:58:38'),(20,'F','2017-12-20','Wildermanland','New Caledonia','2013-11-27 07:04:04','2016-09-12 18:27:13'),(21,'F','2018-11-05','Simonisbury','Taiwan','2020-04-19 14:42:46','2021-02-18 22:47:30'),(22,'F','2012-02-22','Maggiebury','United States Minor Outlying Islands','2019-08-09 04:37:00','2021-02-18 22:47:30'),(23,'M','2011-12-18','South Caitlyn','Belize','2014-05-31 07:53:51','2021-02-18 22:47:30'),(24,'F','2014-10-07','Avischester','Palau','2016-11-07 07:34:48','2019-06-05 02:28:24'),(25,'F','2021-02-08','South Abel','Germany','2019-11-15 06:06:40','2020-03-26 19:33:54'),(26,'F','2020-09-13','North Tess','Djibouti','2014-06-22 20:34:59','2021-02-18 22:47:30'),(27,'F','2013-02-03','Lake Issac','Sao Tome and Principe','2014-09-05 15:09:51','2021-02-18 22:47:30'),(28,'M','2018-05-26','Bogisichburgh','French Southern Territories','2017-02-27 23:14:45','2021-02-18 22:47:30'),(29,'F','2011-12-12','Rippinburgh','Cocos (Keeling) Islands','2014-05-16 15:15:10','2016-08-26 16:27:45'),(30,'F','2019-02-08','Port Miguel','Cote d\'Ivoire','2011-05-30 10:23:54','2021-02-18 22:47:30'),(31,'M','2011-12-29','East Chadrickburgh','Dominican Republic','2019-07-06 17:10:01','2021-02-18 22:47:30'),(32,'F','2020-08-23','Ginafort','Malaysia','2014-03-29 10:53:41','2018-03-10 04:29:40'),(33,'M','2012-01-11','Dibberttown','Jersey','2016-07-03 05:37:28','2016-12-27 21:06:27'),(34,'F','2012-04-06','Lubowitzport','Lithuania','2013-04-04 05:26:00','2016-07-02 17:22:20'),(35,'M','2017-01-17','Lake Dessie','Guam','2019-08-02 17:05:07','2020-03-11 11:19:23'),(36,'F','2018-06-30','Bradenburgh','Iceland','2019-08-06 16:28:25','2021-02-18 22:47:30'),(37,'M','2014-07-04','Savionfurt','Dominica','2014-04-02 02:50:36','2017-05-24 15:23:37'),(38,'F','2013-05-12','North Sarai','Oman','2017-11-13 12:12:39','2021-02-18 22:47:30'),(39,'M','2019-07-04','Farrellbury','Belize','2016-01-29 04:16:52','2020-01-16 16:01:56'),(40,'F','2019-05-12','Lake Dane','Guatemala','2012-08-19 23:24:25','2019-08-29 12:36:25'),(41,'M','2020-11-12','Lake Cleora','Congo','2020-07-20 07:43:37','2021-02-18 22:47:30'),(42,'M','2019-12-09','Heidenreichbury','Malaysia','2012-06-04 01:05:33','2013-08-03 14:27:09'),(43,'M','2012-01-09','Haleighburgh','Myanmar','2015-01-17 16:17:40','2017-11-06 15:13:28'),(44,'F','2011-03-16','West Claud','Czech Republic','2016-04-20 18:44:57','2021-02-18 22:47:30'),(45,'F','2013-10-16','Lake Mikelborough','New Zealand','2020-01-24 15:26:13','2021-02-18 22:47:30'),(46,'F','2014-09-17','Schowalterland','Denmark','2020-02-06 13:08:00','2021-02-18 22:47:30'),(47,'F','2018-06-15','South Alphonsomouth','Saint Pierre and Miquelon','2020-08-09 10:28:30','2021-02-18 22:47:30'),(48,'M','2019-10-03','West Soniastad','Nauru','2016-03-11 07:31:29','2016-07-22 20:03:01'),(49,'M','2015-08-11','Meghanside','Netherlands','2019-04-20 02:42:00','2021-02-18 22:47:30'),(50,'M','2016-12-16','Yasminestad','Marshall Islands','2017-03-03 17:29:16','2021-02-18 22:47:30'),(51,'F','2017-04-09','East Holliehaven','Algeria','2011-05-02 18:59:01','2013-11-17 05:19:22'),(52,'M','2013-08-22','Isomville','Heard Island and McDonald Islands','2011-05-25 13:52:44','2012-08-18 15:23:54'),(53,'F','2014-04-03','Nayeliview','Faroe Islands','2019-04-21 19:16:04','2021-02-18 22:47:30'),(54,'F','2011-10-25','Zboncakmouth','British Virgin Islands','2013-06-25 13:04:20','2021-02-18 22:47:30'),(55,'F','2011-06-01','Leolachester','Cuba','2018-07-19 02:06:02','2019-08-22 05:25:52'),(56,'M','2017-06-04','Violafort','Solomon Islands','2020-07-27 05:15:18','2021-02-18 22:47:30'),(57,'F','2013-05-09','West Modesto','Bosnia and Herzegovina','2012-07-15 19:34:12','2021-02-18 22:47:30'),(58,'F','2016-07-03','Port Augustineland','Guinea-Bissau','2013-12-07 14:51:47','2015-08-01 02:19:43'),(59,'F','2015-10-08','North Cletusstad','Pitcairn Islands','2019-11-06 04:59:12','2020-11-04 17:38:31'),(60,'M','2014-12-20','South Nels','Anguilla','2014-04-21 01:54:22','2021-02-18 22:47:30'),(61,'M','2020-10-01','Kelleyton','Mauritius','2011-03-25 02:24:50','2013-08-03 08:36:18'),(62,'F','2016-05-14','New Jaquelin','Morocco','2013-10-01 21:09:37','2021-02-18 22:47:30'),(63,'F','2018-10-30','Paigeberg','Belize','2012-12-17 01:21:23','2014-09-13 12:30:59'),(64,'F','2013-05-08','Lake Delpha','Macao','2012-10-31 15:47:44','2014-12-28 18:02:08'),(65,'M','2011-12-08','Asaborough','Montenegro','2014-04-14 15:57:42','2014-12-05 23:51:44'),(66,'M','2021-01-01','Edwinaborough','Korea','2012-08-27 08:30:14','2019-02-20 03:04:53'),(67,'F','2011-03-18','New Alexandrinechester','Jersey','2011-10-02 17:05:44','2021-01-29 19:55:55'),(68,'M','2018-06-05','Thieltown','Norway','2016-07-19 19:55:05','2021-02-18 22:47:30'),(69,'M','2020-08-02','South Othaland','United Arab Emirates','2013-05-25 01:35:20','2021-02-18 22:47:30'),(70,'M','2016-05-11','West Oscarville','Palau','2016-04-21 15:02:45','2017-06-17 00:18:54'),(71,'M','2015-08-28','Hudsonbury','Korea','2012-05-09 11:39:00','2014-10-25 21:56:45'),(72,'F','2014-11-16','Durganchester','Sao Tome and Principe','2021-02-15 03:45:48','2021-02-18 22:47:30'),(73,'F','2020-08-30','Evelineberg','Nepal','2019-10-30 22:17:01','2021-02-18 22:47:30'),(74,'F','2014-06-11','New Maximo','Ecuador','2017-03-18 16:27:39','2021-02-18 22:47:30'),(75,'M','2012-09-07','West Mekhihaven','Morocco','2017-09-20 05:09:38','2021-02-18 22:47:30'),(76,'M','2016-02-27','Baileyhaven','Cook Islands','2011-12-03 05:39:44','2012-02-11 02:20:03'),(77,'M','2016-10-03','Port Tabithamouth','Brunei Darussalam','2015-05-28 02:38:35','2021-02-18 22:47:30'),(78,'M','2014-07-21','Glennieton','Luxembourg','2015-10-30 22:16:43','2021-02-18 22:47:30'),(79,'F','2018-08-17','New Stephanyburgh','Qatar','2019-07-23 05:14:09','2021-02-18 22:47:30'),(80,'F','2014-03-23','East Issac','Spain','2015-05-21 10:18:50','2015-11-07 06:28:57'),(81,'F','2015-08-21','Estevanchester','Liechtenstein','2011-03-28 06:25:57','2019-11-27 06:07:24'),(82,'F','2011-10-12','Alvachester','Vietnam','2019-04-27 11:07:36','2021-02-18 22:47:30'),(83,'F','2018-01-16','Lucioland','Lithuania','2019-05-10 00:05:32','2021-02-18 22:47:30'),(84,'F','2016-05-01','Stephanmouth','New Caledonia','2018-08-12 08:07:09','2020-07-07 13:17:02'),(85,'F','2013-05-29','North Genovevastad','Iran','2019-12-14 09:58:20','2021-02-18 22:47:30'),(86,'M','2017-10-30','Alisaborough','Antarctica (the territory South of 60 deg S)','2011-03-13 12:51:11','2012-09-07 19:21:49'),(87,'F','2020-11-20','New Lessiefurt','Fiji','2012-10-07 23:16:26','2018-11-10 23:37:10'),(88,'F','2014-02-14','Port Chanelleshire','Reunion','2013-09-20 14:40:09','2016-02-21 12:37:47'),(89,'F','2013-09-21','East Vaughnside','Turkmenistan','2018-10-14 17:39:15','2021-02-18 22:47:30'),(90,'F','2018-07-27','East Aronhaven','Maldives','2019-12-09 06:56:10','2021-02-18 22:47:30'),(91,'F','2016-04-24','Port Lisettebury','Greece','2013-01-03 08:56:11','2021-02-18 22:47:30'),(92,'F','2020-09-22','Deronstad','Liechtenstein','2018-11-08 21:28:40','2021-02-18 22:47:30'),(93,'M','2017-11-30','Port Clarissaport','Macedonia','2018-10-21 05:44:33','2018-12-16 11:02:39'),(94,'M','2013-05-22','New Mikel','Bulgaria','2011-05-04 15:41:16','2013-10-09 15:54:36'),(95,'F','2014-04-09','West Emely','Somalia','2017-08-06 11:19:03','2021-02-18 22:47:30'),(96,'F','2011-10-16','Muellerstad','Zambia','2017-02-04 22:17:09','2021-02-18 22:47:30'),(97,'M','2020-06-27','Tyrellburgh','Guyana','2011-07-31 19:27:12','2020-05-06 00:44:05'),(98,'M','2021-01-21','Ruthfort','Israel','2014-10-29 23:28:42','2021-02-18 22:47:30'),(99,'M','2014-01-25','Jayceeport','Albania','2011-07-31 20:48:13','2020-07-12 18:09:19'),(100,'M','2016-12-09','Marvinville','Korea','2011-06-09 20:11:17','2013-08-31 00:51:40');
/*!40000 ALTER TABLE `profiles` ENABLE KEYS */;
UNLOCK TABLES;

--
-- Table structure for table `users`
--

DROP TABLE IF EXISTS `users`;
/*!40101 SET @saved_cs_client     = @@character_set_client */;
/*!50503 SET character_set_client = utf8mb4 */;
CREATE TABLE `users` (
  `id` int unsigned NOT NULL AUTO_INCREMENT COMMENT '╨Ш╨┤╨╡╨╜╤В╨╕╤Д╨╕╨║╨░╤В╨╛╤А ╤Б╤В╤А╨╛╨║╨╕',
  `first_name` varchar(100) CHARACTER SET utf8mb4 COLLATE utf8mb4_unicode_ci NOT NULL COMMENT '╨Ш╨╝╤П ╨┐╨╛╨╗╤М╨╖╨╛╨▓╨░╤В╨╡╨╗╤П',
  `last_name` varchar(100) CHARACTER SET utf8mb4 COLLATE utf8mb4_unicode_ci NOT NULL COMMENT '╨д╨░╨╝╨╕╨╗╨╕╤П ╨┐╨╛╨╗╤М╨╖╨╛╨▓╨░╤В╨╡╨╗╤П',
  `email` varchar(100) CHARACTER SET utf8mb4 COLLATE utf8mb4_unicode_ci NOT NULL COMMENT '╨Я╨╛╤З╤В╨░',
  `phone` varchar(100) CHARACTER SET utf8mb4 COLLATE utf8mb4_unicode_ci NOT NULL COMMENT '╨в╨╡╨╗╨╡╤Д╨╛╨╜',
  `created_at` datetime DEFAULT CURRENT_TIMESTAMP COMMENT '╨Т╤А╨╡╨╝╤П ╤Б╨╛╨╖╨┤╨░╨╜╨╕╤П ╤Б╤В╤А╨╛╨║╨╕',
  `updated_at` datetime DEFAULT CURRENT_TIMESTAMP ON UPDATE CURRENT_TIMESTAMP COMMENT '╨Т╤А╨╡╨╝╤П ╨╛╨▒╨╜╨╛╨▓╨╗╨╡╨╜╨╕╤П ╤Б╤В╤А╨╛╨║╨╕',
  PRIMARY KEY (`id`),
  UNIQUE KEY `email` (`email`),
  UNIQUE KEY `phone` (`phone`)
) ENGINE=InnoDB AUTO_INCREMENT=101 DEFAULT CHARSET=utf8mb4 COLLATE=utf8mb4_unicode_ci COMMENT='╨Я╨╛╨╗╤М╨╖╨╛╨▓╨░╤В╨╡╨╗╨╕';
/*!40101 SET character_set_client = @saved_cs_client */;

--
-- Dumping data for table `users`
--

LOCK TABLES `users` WRITE;
/*!40000 ALTER TABLE `users` DISABLE KEYS */;
INSERT INTO `users` VALUES (1,'Sam','Hane','pollich.demario@example.com','1-310-580-6905x451','2017-07-22 16:20:59','2021-02-18 22:40:38'),(2,'King','Nikolaus','mustafa.leuschke@example.net','1-427-883-8638x1512','2016-10-07 19:51:40','2019-05-15 08:51:31'),(3,'Arlie','Purdy','rbode@example.net','284.897.4707x856','2018-05-19 00:51:26','2021-02-18 22:40:38'),(4,'Krystel','Balistreri','evie.glover@example.com','(380)347-4995x600','2020-03-04 21:35:30','2020-04-11 12:55:32'),(5,'Damien','Wehner','margarett44@example.org','00493529767','2019-05-12 13:32:26','2021-02-18 22:40:38'),(6,'Nya','Reichel','srowe@example.org','(802)528-4958x0156','2019-07-22 14:23:20','2020-07-26 12:01:37'),(7,'Elmore','Hettinger','alice.kub@example.com','(499)493-4464','2013-08-17 03:24:50','2016-10-19 07:28:19'),(8,'Michelle','Gusikowski','christian15@example.com','06656403868','2016-04-05 16:38:38','2021-02-18 22:40:38'),(9,'Kayleigh','McKenzie','cecelia.smitham@example.org','1-683-689-8849x944','2012-06-13 15:55:06','2014-10-27 21:13:42'),(10,'Beaulah','Nolan','tianna.gislason@example.net','121-846-1966x7417','2012-04-05 01:42:54','2019-07-09 08:46:11'),(11,'Helmer','Steuber','gene.wolff@example.com','06126228741','2015-10-26 17:10:10','2018-10-24 18:58:42'),(12,'Petra','Prosacco','sgreen@example.com','043.079.3143x787','2016-04-04 17:08:16','2021-02-18 22:40:38'),(13,'Cordie','Prosacco','xcollins@example.com','+50(8)4586998917','2015-12-30 12:20:47','2021-02-18 22:40:38'),(14,'Edwina','Beahan','goyette.mia@example.org','(581)125-8382','2011-11-11 03:41:23','2020-08-02 06:06:09'),(15,'Angelo','Harvey','karlie.koch@example.net','1-834-024-6502x92563','2015-11-13 04:57:10','2018-05-12 16:58:57'),(16,'Christophe','Deckow','milo.abbott@example.net','07518880259','2012-08-21 20:48:41','2014-06-18 08:35:07'),(17,'Cathryn','Fahey','mmarquardt@example.net','655-169-0773','2013-06-28 11:16:11','2015-01-15 21:25:41'),(18,'Bernhard','Sporer','hettie.ondricka@example.org','(993)492-0889x8354','2020-03-11 00:06:34','2021-02-18 22:40:38'),(19,'Ignacio','Walsh','declan79@example.com','1-734-861-0061','2019-11-19 20:12:18','2021-02-18 22:40:38'),(20,'Audrey','Haag','jolie.lueilwitz@example.com','+16(8)5688717088','2016-07-27 10:27:12','2021-02-18 22:40:38'),(21,'Grayce','Stamm','mayer.lillie@example.net','346.678.5824','2015-01-21 15:23:50','2015-09-25 19:39:38'),(22,'Jackson','Kozey','jennie44@example.org','613-564-6667x559','2019-12-08 04:00:53','2021-02-18 22:40:38'),(23,'Marcos','Purdy','hauck.jenifer@example.com','754.194.5250','2016-11-21 06:58:45','2018-08-13 20:55:32'),(24,'Joshua','Reilly','violette76@example.org','905-736-2126','2011-09-22 10:24:55','2013-03-03 15:10:11'),(25,'Candido','Senger','dcartwright@example.com','1-017-537-2179x163','2013-07-31 14:28:14','2021-02-18 22:40:38'),(26,'Florida','Murphy','mazie34@example.org','930-065-9437x893','2017-10-18 22:14:48','2021-02-18 22:40:38'),(27,'Margarete','VonRueden','brenda.stanton@example.org','(638)006-5141x524','2017-03-20 14:00:50','2019-12-30 14:33:44'),(28,'Brain','Nienow','teagan28@example.org','133.700.8299x885','2015-03-05 21:45:45','2021-02-18 22:40:38'),(29,'Josiane','Feest','wmurazik@example.com','958-518-2598x9537','2014-01-30 17:42:25','2015-09-02 07:16:43'),(30,'Mossie','Davis','osborne.ledner@example.org','993-464-6811x24526','2011-04-24 01:43:48','2020-02-15 13:11:20'),(31,'Emmalee','Walter','mckenzie.blanda@example.com','+84(9)3922239701','2020-11-09 04:23:51','2021-02-18 22:40:38'),(32,'Savannah','Farrell','wsimonis@example.org','(473)968-5892x9785','2018-09-11 00:02:26','2021-02-18 22:40:38'),(33,'Elmira','Altenwerth','kiera79@example.com','220.271.5362','2013-02-27 19:12:20','2015-09-12 12:52:48'),(34,'Kylie','Mann','johns.gladyce@example.com','075-070-7229x524','2014-09-15 12:00:06','2021-02-18 22:40:38'),(35,'Bradly','Senger','samson.kirlin@example.org','614-510-1530x81108','2015-05-22 21:09:37','2021-02-18 22:40:38'),(36,'Angelica','Ziemann','fhalvorson@example.net','361-576-5847','2017-03-15 08:19:49','2020-01-21 08:31:06'),(37,'Christelle','Goodwin','praynor@example.org','1-920-650-7135x922','2013-02-27 19:34:50','2016-02-21 06:28:13'),(38,'Zion','Koss','valentine.greenfelder@example.com','340.190.9084x639','2020-02-13 23:45:18','2021-02-18 22:40:38'),(39,'Maye','Kuhlman','ullrich.joelle@example.com','1-115-142-7621x97024','2013-02-22 15:32:04','2018-07-19 08:22:55'),(40,'Berneice','Pagac','goyette.weldon@example.net','020-327-1100x958','2018-04-01 20:51:24','2021-01-10 09:34:34'),(41,'Chelsea','Spinka','evan74@example.org','+12(4)8233029485','2017-01-12 13:14:11','2018-05-23 01:19:44'),(42,'Reinhold','Simonis','earlene76@example.com','1-669-573-4689','2014-05-16 20:05:06','2021-02-18 22:40:38'),(43,'Trace','Quitzon','dante04@example.net','1-763-792-3861','2020-05-03 00:30:52','2021-02-18 22:40:38'),(44,'Harold','Hammes','roosevelt23@example.net','(204)209-5581x0645','2014-09-24 03:10:43','2021-02-18 22:40:38'),(45,'Randal','Dibbert','misael25@example.org','03737783155','2020-03-03 19:48:19','2021-02-18 22:40:38'),(46,'Stella','Welch','angelina36@example.com','(336)015-7059x4864','2013-05-03 00:55:18','2015-12-11 03:28:26'),(47,'Eudora','Macejkovic','bmorissette@example.org','+87(6)9481162181','2014-11-22 14:49:18','2015-01-03 02:09:51'),(48,'Chelsie','Purdy','stephanie.haley@example.com','08291887987','2012-08-25 03:08:16','2015-10-18 13:50:28'),(49,'Gracie','Kunze','boris70@example.org','090.189.9961','2013-03-29 13:19:24','2017-06-29 12:48:41'),(50,'Roberto','Goyette','orie.hudson@example.com','(570)655-9883x0781','2012-08-16 03:46:49','2017-03-08 22:12:16'),(51,'Albertha','Hane','cassin.catharine@example.com','1-217-448-9364','2018-03-30 04:47:13','2021-02-18 22:40:38'),(52,'Tiffany','Lowe','alvis.jast@example.com','176.403.1824x715','2015-06-01 18:55:13','2020-04-14 07:10:28'),(53,'Wilmer','Kulas','fhaag@example.org','05095271574','2014-08-09 13:01:31','2017-03-19 10:16:40'),(54,'Ophelia','Walter','blanche.wilkinson@example.org','+76(9)2834810802','2014-01-21 01:43:50','2021-02-18 22:40:38'),(55,'Iliana','Jenkins','georgette30@example.com','(424)274-2758','2015-04-23 06:02:51','2018-06-24 16:11:09'),(56,'Mckenna','Stoltenberg','lowell12@example.net','815.108.8362x6302','2020-09-02 21:26:57','2021-02-18 22:40:38'),(57,'Willa','Wiza','ykeeling@example.net','(264)519-9093','2011-07-31 14:31:40','2018-06-05 18:35:45'),(58,'Joanie','Ledner','legros.mireya@example.org','(380)986-0154','2020-06-28 20:32:30','2020-12-25 16:08:37'),(59,'Jerrold','Streich','ben.durgan@example.org','(292)899-2712','2020-06-03 10:13:05','2021-02-18 22:40:38'),(60,'Elvera','Gutmann','conner.bode@example.org','+11(3)4125710176','2017-07-28 07:40:33','2021-02-18 22:40:38'),(61,'Brennon','Funk','kara.corkery@example.net','832.434.6935','2019-05-28 21:06:05','2021-02-18 22:40:38'),(62,'Delphia','Swift','florence.oberbrunner@example.com','(450)669-9080','2016-12-30 16:22:37','2021-02-18 22:40:38'),(63,'Ryder','Legros','kkoch@example.com','432-869-5295x52603','2017-01-29 12:03:51','2019-06-06 21:32:32'),(64,'Deon','Auer','hannah58@example.org','530.108.1971','2017-12-24 15:09:16','2021-02-18 22:40:38'),(65,'Gus','Hand','lorenzo74@example.com','161-267-4684x022','2013-07-09 18:50:58','2021-02-18 22:40:38'),(66,'Alanis','Jast','alexandrine.boyle@example.com','(270)846-9150x934','2017-09-07 03:11:41','2017-09-19 07:45:23'),(67,'Dale','Schaden','annamae.moen@example.com','011-564-7870','2020-05-21 20:44:09','2021-02-18 22:40:38'),(68,'Sophia','Kerluke','hwilderman@example.net','+66(5)0054463647','2018-11-01 11:51:49','2019-04-28 03:16:18'),(69,'Foster','Block','ttoy@example.com','1-108-121-5276','2020-12-21 17:13:08','2021-02-18 22:40:38'),(70,'Jordon','Pollich','kara.luettgen@example.com','231-928-0545x2708','2013-02-03 02:56:52','2015-08-29 14:51:50'),(71,'Katheryn','Dietrich','ewiegand@example.org','+93(9)2679309645','2016-06-28 22:07:43','2021-02-18 22:40:38'),(72,'Orie','Hane','carolanne83@example.com','1-094-090-2424','2018-02-17 05:11:47','2018-03-19 08:03:26'),(73,'Dorian','Kassulke','vada94@example.com','1-006-432-4879','2014-07-30 09:41:19','2018-03-14 23:09:09'),(74,'Kari','Emmerich','switting@example.org','503-224-1289x744','2016-05-31 08:27:08','2018-09-22 17:56:14'),(75,'Alda','Schulist','thiel.ettie@example.com','(408)006-8825x5216','2017-10-07 02:26:16','2021-02-18 22:40:38'),(76,'Lew','Ruecker','feil.hassan@example.com','201.421.0322x2281','2017-05-18 23:49:33','2021-02-18 22:40:38'),(77,'Helene','Gerhold','fgorczany@example.net','167.021.8993x942','2015-08-31 20:31:54','2018-02-25 20:11:41'),(78,'Torey','McDermott','clare.moen@example.org','(181)028-7224x51975','2019-07-07 17:52:59','2021-02-18 22:40:38'),(79,'Katelin','Williamson','mcglynn.clifton@example.net','+62(0)6969422305','2020-02-22 10:05:07','2020-07-30 17:49:20'),(80,'Gilda','Carroll','dominique.stanton@example.org','893.820.5120','2019-12-13 18:16:08','2021-02-18 22:40:38'),(81,'Edmond','Auer','lisandro.johns@example.net','322-823-1157x927','2020-03-09 05:05:38','2021-02-18 22:40:38'),(82,'Lucio','Jast','haag.lucile@example.com','1-529-492-9061','2016-06-03 01:06:44','2021-02-18 22:40:38'),(83,'Brandy','Carroll','mavis.walter@example.org','1-526-075-7631x3405','2012-08-06 04:23:13','2019-04-22 22:15:02'),(84,'Verna','Wisozk','plakin@example.net','1-791-646-2473x682','2018-02-18 21:53:13','2021-02-18 22:40:38'),(85,'Cydney','Block','bennett.hayes@example.com','1-637-296-2755x99126','2015-11-26 23:31:00','2020-06-17 08:04:39'),(86,'Sabrina','Medhurst','eosinski@example.org','602-839-4964','2021-02-10 19:35:19','2021-02-18 22:40:38'),(87,'Natasha','Orn','jacklyn19@example.net','+60(8)9939368533','2017-03-31 02:26:09','2021-02-18 22:40:38'),(88,'Cecelia','Altenwerth','ivory40@example.net','835-460-9813x41323','2019-09-05 04:06:50','2021-02-18 22:40:38'),(89,'Cierra','Little','gina.ullrich@example.net','(401)626-4178x864','2012-12-23 22:58:55','2015-01-10 04:40:05'),(90,'Santos','Hickle','uriah.boyer@example.org','(640)744-8317x6998','2020-06-04 19:52:55','2021-02-18 22:40:38'),(91,'Lennie','Ankunding','lolita13@example.com','(044)183-4896','2014-12-28 08:56:06','2017-05-05 06:24:52'),(92,'Etha','Russel','jettie23@example.org','(480)182-2926','2011-10-19 23:40:26','2014-07-04 18:48:15'),(93,'Horace','Swaniawski','russel.ana@example.com','426-305-3243x712','2020-03-13 16:33:33','2021-02-18 22:40:38'),(94,'Hillary','O\'Hara','erolfson@example.net','636-296-3666x20343','2015-03-11 13:25:58','2021-02-18 22:40:38'),(95,'Linda','Hand','rice.jayme@example.com','+81(9)4602240601','2019-08-08 21:45:19','2021-02-18 22:40:38'),(96,'Violette','Witting','domenica.schaefer@example.net','05609103702','2017-01-22 04:48:04','2021-02-18 22:40:38'),(97,'Pearl','Jacobson','jast.emanuel@example.net','(316)389-6596x050','2015-09-10 12:07:53','2021-01-16 05:08:46'),(98,'Bernard','Pacocha','mable19@example.org','1-961-846-0830','2018-01-11 04:34:23','2019-01-19 19:17:00'),(99,'Nicole','Quitzon','annamarie.stoltenberg@example.com','081.246.3318x2934','2015-09-23 13:32:51','2020-11-11 19:46:39'),(100,'Rico','Mann','astrid09@example.com','1-951-655-0197x30977','2012-08-01 04:28:30','2018-06-07 03:09:47');
/*!40000 ALTER TABLE `users` ENABLE KEYS */;
UNLOCK TABLES;
/*!40103 SET TIME_ZONE=@OLD_TIME_ZONE */;

/*!40101 SET SQL_MODE=@OLD_SQL_MODE */;
/*!40014 SET FOREIGN_KEY_CHECKS=@OLD_FOREIGN_KEY_CHECKS */;
/*!40014 SET UNIQUE_CHECKS=@OLD_UNIQUE_CHECKS */;
/*!40101 SET CHARACTER_SET_CLIENT=@OLD_CHARACTER_SET_CLIENT */;
/*!40101 SET CHARACTER_SET_RESULTS=@OLD_CHARACTER_SET_RESULTS */;
/*!40101 SET COLLATION_CONNECTION=@OLD_COLLATION_CONNECTION */;
/*!40111 SET SQL_NOTES=@OLD_SQL_NOTES */;

-- Dump completed on 2021-02-18 23:53:27
